
Lua callback: /usr/share/nvim/runtime/lua/vim/treesitter.lua:460: Parser could not be created for buffer 4037 and language "notify"
stack traceback:
	[C]: in function 'assert'
	/usr/share/nvim/runtime/lua/vim/treesitter.lua:460: in function 'start'
	...onfig/nvim/lua/config/ui/highlight/treesitter-config.lua:6: in function <...onfig/nvim/lua/config/ui/highlight/treesitter-config.lua:5>
	[C]: in function 'nvim_buf_set_option'
	.../core/opt/nvim-notify/lua/notify/service/buffer/init.lua:103: in function 'render'
	...te/pack/core/opt/nvim-notify/lua/notify/service/init.lua:53: in function 'push'
	...m/site/pack/core/opt/nvim-notify/lua/notify/instance.lua:132: in function <...m/site/pack/core/opt/nvim-notify/lua/notify/instance.lua:77>
	...ck/core/opt/noice.nvim/lua/noice/view/backend/notify.lua:168: in function '_notify'
	...ck/core/opt/noice.nvim/lua/noice/view/backend/notify.lua:198: in function 'show'
	...im/site/pack/core/opt/noice.nvim/lua/noice/view/init.lua:163: in function <...im/site/pack/core/opt/noice.nvim/lua/noice/view/init.lua:161>
	[C]: in function 'xpcall'
	...
	...te/pack/core/opt/noice.nvim/lua/noice/message/router.lua:214: in function <...te/pack/core/opt/noice.nvim/lua/noice/message/router.lua:147>
	[C]: in function 'xpcall'
	...im/site/pack/core/opt/noice.nvim/lua/noice/util/call.lua:149: in function 'try'
	...nvim/site/pack/core/opt/noice.nvim/lua/noice/ui/init.lua:88: in function 'ui_attach_cb'
	...nvim/site/pack/core/opt/noice.nvim/lua/noice/ui/init.lua:27: in function 'process_queue'
	...nvim/site/pack/core/opt/noice.nvim/lua/noice/ui/init.lua:138: in function <...nvim/site/pack/core/opt/noice.nvim/lua/noice/ui/init.lua:118>
	[C]: in function 'nvim_echo'
	.../nvim/site/pack/core/opt/blink.lib/lua/blink/lib/log.lua:187: in function <.../nvim/site/pack/core/opt/blink.lib/lua/blink/lib/log.lua:187>
	[C]: in function 'pcall'
	.../nvim/site/pack/core/opt/blink.lib/lua/blink/lib/log.lua:301: in function <.../nvim/site/pack/core/opt/blink.lib/lua/blink/lib/log.lua:299>
Lua callback: /usr/share/nvim/runtime/lua/vim/treesitter.lua:460: Parser could not be created for buffer 4038 and language "notify"
stack traceback:
	[C]: in function 'assert'
	/usr/share/nvim/runtime/lua/vim/treesitter.lua:460: in function 'start'
	...onfig/nvim/lua/config/ui/highlight/treesitter-config.lua:6: in function <...onfig/nvim/lua/config/ui/highlight/treesitter-config.lua:5>
	[C]: in function 'nvim_buf_set_option'
	.../core/opt/nvim-notify/lua/notify/service/buffer/init.lua:103: in function 'render'
	...te/pack/core/opt/nvim-notify/lua/notify/service/init.lua:53: in function 'push'
	...m/site/pack/core/opt/nvim-notify/lua/notify/instance.lua:132: in function <...m/site/pack/core/opt/nvim-notify/lua/notify/instance.lua:77>
	...ck/core/opt/noice.nvim/lua/noice/view/backend/notify.lua:168: in function '_notify'
	...ck/core/opt/noice.nvim/lua/noice/view/backend/notify.lua:198: in function 'show'
	...im/site/pack/core/opt/noice.nvim/lua/noice/view/init.lua:163: in function <...im/site/pack/core/opt/noice.nvim/lua/noice/view/init.lua:161>
	[C]: in function 'xpcall'
	...
	...te/pack/core/opt/noice.nvim/lua/noice/message/router.lua:214: in function <...te/pack/core/opt/noice.nvim/lua/noice/message/router.lua:147>
	[C]: in function 'xpcall'
	...im/site/pack/core/opt/noice.nvim/lua/noice/util/call.lua:149: in function 'try'
	...nvim/site/pack/core/opt/noice.nvim/lua/noice/ui/init.lua:88: in function 'ui_attach_cb'
	...nvim/site/pack/core/opt/noice.nvim/lua/noice/ui/init.lua:27: in function 'process_queue'
	...nvim/site/pack/core/opt/noice.nvim/lua/noice/ui/init.lua:138: in function <...nvim/site/pack/core/opt/noice.nvim/lua/noice/ui/init.lua:118>
	[C]: in function 'nvim_echo'
	.../nvim/site/pack/core/opt/blink.lib/lua/blink/lib/log.lua:187: in function <.../nvim/site/pack/core/opt/blink.lib/lua/blink/lib/log.lua:187>
	[C]: in function 'pcall'
	.../nvim/site/pack/core/opt/blink.lib/lua/blink/lib/log.lua:301: in function <.../nvim/site/pack/core/opt/blink.lib/lua/blink/lib/log.lua:299>
Lua callback: /usr/share/nvim/runtime/lua/vim/treesitter.lua:460: Parser could not be created for buffer 4039 and language "notify"
stack traceback:
	[C]: in function 'assert'
	/usr/share/nvim/runtime/lua/vim/treesitter.lua:460: in function 'start'
	...onfig/nvim/lua/config/ui/highlight/treesitter-config.lua:6: in function <...onfig/nvim/lua/config/ui/highlight/treesitter-config.lua:5>
	[C]: in function 'nvim_buf_set_option'
	.../core/opt/nvim-notify/lua/notify/service/buffer/init.lua:103: in function 'render'
	...te/pack/core/opt/nvim-notify/lua/notify/service/init.lua:53: in function 'push'
	...m/site/pack/core/opt/nvim-notify/lua/notify/instance.lua:132: in function <...m/site/pack/core/opt/nvim-notify/lua/notify/instance.lua:77>
	...ck/core/opt/noice.nvim/lua/noice/view/backend/notify.lua:168: in function '_notify'
	...ck/core/opt/noice.nvim/lua/noice/view/backend/notify.lua:198: in function 'show'
	...im/site/pack/core/opt/noice.nvim/lua/noice/view/init.lua:163: in function <...im/site/pack/core/opt/noice.nvim/lua/noice/view/init.lua:161>
	[C]: in function 'xpcall'
	...
	...te/pack/core/opt/noice.nvim/lua/noice/message/router.lua:214: in function <...te/pack/core/opt/noice.nvim/lua/noice/message/router.lua:147>
	[C]: in function 'xpcall'
	...im/site/pack/core/opt/noice.nvim/lua/noice/util/call.lua:149: in function 'try'
	...nvim/site/pack/core/opt/noice.nvim/lua/noice/ui/init.lua:88: in function 'ui_attach_cb'
	...nvim/site/pack/core/opt/noice.nvim/lua/noice/ui/init.lua:27: in function 'process_queue'
	...nvim/site/pack/core/opt/noice.nvim/lua/noice/ui/init.lua:138: in function <...nvim/site/pack/core/opt/noice.nvim/lua/noice/ui/init.lua:118>
	[C]: in function 'nvim_echo'
	.../nvim/site/pack/core/opt/blink.lib/lua/blink/lib/log.lua:187: in function <.../nvim/site/pack/core/opt/blink.lib/lua/blink/lib/log.lua:187>
	[C]: in function 'pcall'
	.../nvim/site/pack/core/opt/blink.lib/lua/blink/lib/log.lua:301: in function <.../nvim/site/pack/core/opt/blink.lib/lua/blink/lib/log.lua:299>
Lua callback: /usr/share/nvim/runtime/lua/vim/treesitter.lua:460: Parser could not be created for buffer 4040 and language "notify"
stack traceback:
	[C]: in function 'assert'
	/usr/share/nvim/runtime/lua/vim/treesitter.lua:460: in function 'start'
	...onfig/nvim/lua/config/ui/highlight/treesitter-config.lua:6: in function <...onfig/nvim/lua/config/ui/highlight/treesitter-config.lua:5>
	[C]: in function 'nvim_buf_set_option'
	.../core/opt/nvim-notify/lua/notify/service/buffer/init.lua:103: in function 'render'
	...te/pack/core/opt/nvim-notify/lua/notify/service/init.lua:53: in function 'push'
	...m/site/pack/core/opt/nvim-notify/lua/notify/instance.lua:132: in function <...m/site/pack/core/opt/nvim-notify/lua/notify/instance.lua:77>
	...ck/core/opt/noice.nvim/lua/noice/view/backend/notify.lua:168: in function '_notify'
	...ck/core/opt/noice.nvim/lua/noice/view/backend/notify.lua:198: in function 'show'
	...im/site/pack/core/opt/noice.nvim/lua/noice/view/init.lua:163: in function <...im/site/pack/core/opt/noice.nvim/lua/noice/view/init.lua:161>
	[C]: in function 'xpcall'
	...
	...te/pack/core/opt/noice.nvim/lua/noice/message/router.lua:214: in function <...te/pack/core/opt/noice.nvim/lua/noice/message/router.lua:147>
	[C]: in function 'xpcall'
	...im/site/pack/core/opt/noice.nvim/lua/noice/util/call.lua:149: in function 'try'
	...nvim/site/pack/core/opt/noice.nvim/lua/noice/ui/init.lua:88: in function 'ui_attach_cb'
	...nvim/site/pack/core/opt/noice.nvim/lua/noice/ui/init.lua:27: in function 'process_queue'
	...nvim/site/pack/core/opt/noice.nvim/lua/noice/ui/init.lua:138: in function <...nvim/site/pack/core/opt/noice.nvim/lua/noice/ui/init.lua:118>
	[C]: in function 'nvim_echo'
	.../nvim/site/pack/core/opt/blink.lib/lua/blink/lib/log.lua:187: in function <.../nvim/site/pack/core/opt/blink.lib/lua/blink/lib/log.lua:187>
	[C]: in function 'pcall'
	.../nvim/site/pack/core/opt/blink.lib/lua/blink/lib/log.lua:301: in function <.../nvim/site/pack/core/opt/blink.lib/lua/blink/lib/log.lua:299>
Lua callback: /usr/share/nvim/runtime/lua/vim/treesitter.lua:460: Parser could not be created for buffer 4041 and language "notify"
stack traceback:
	[C]: in function 'assert'
	/usr/share/nvim/runtime/lua/vim/treesitter.lua:460: in function 'start'
	...onfig/nvim/lua/config/ui/highlight/treesitter-config.lua:6: in function <...onfig/nvim/lua/config/ui/highlight/treesitter-config.lua:5>
	[C]: in function 'nvim_buf_set_option'
	.../core/opt/nvim-notify/lua/notify/service/buffer/init.lua:103: in function 'render'
	...te/pack/core/opt/nvim-notify/lua/notify/service/init.lua:53: in function 'push'
	...m/site/pack/core/opt/nvim-notify/lua/notify/instance.lua:132: in function <...m/site/pack/core/opt/nvim-notify/lua/notify/instance.lua:77>
	...ck/core/opt/noice.nvim/lua/noice/view/backend/notify.lua:168: in function '_notify'
	...ck/core/opt/noice.nvim/lua/noice/view/backend/notify.lua:198: in function 'show'
	...im/site/pack/core/opt/noice.nvim/lua/noice/view/init.lua:163: in function <...im/site/pack/core/opt/noice.nvim/lua/noice/view/init.lua:161>
	[C]: in function 'xpcall'
	...
	...te/pack/core/opt/noice.nvim/lua/noice/message/router.lua:214: in function <...te/pack/core/opt/noice.nvim/lua/noice/message/router.lua:147>
	[C]: in function 'xpcall'
	...im/site/pack/core/opt/noice.nvim/lua/noice/util/call.lua:149: in function 'try'
	...nvim/site/pack/core/opt/noice.nvim/lua/noice/ui/init.lua:88: in function 'ui_attach_cb'
	...nvim/site/pack/core/opt/noice.nvim/lua/noice/ui/init.lua:27: in function 'process_queue'
	...nvim/site/pack/core/opt/noice.nvim/lua/noice/ui/init.lua:138: in function <...nvim/site/pack/core/opt/noice.nvim/lua/noice/ui/init.lua:118>
	[C]: in function 'nvim_echo'
	.../nvim/site/pack/core/opt/blink.lib/lua/blink/lib/log.lua:187: in function <.../nvim/site/pack/core/opt/blink.lib/lua/blink/lib/log.lua:187>
	[C]: in function 'pcall'
	.../nvim/site/pack/core/opt/blink.lib/lua/blink/lib/log.lua:301: in function <.../nvim/site/pack/core/opt/blink.lib/lua/blink/lib/log.lua:299>
Lua callback: /usr/share/nvim/runtime/lua/vim/treesitter.lua:460: Parser could not be created for buffer 4042 and language "notify"
stack traceback:
	[C]: in function 'assert'
	/usr/share/nvim/runtime/lua/vim/treesitter.lua:460: in function 'start'
	...onfig/nvim/lua/config/ui/highlight/treesitter-config.lua:6: in function <...onfig/nvim/lua/config/ui/highlight/treesitter-config.lua:5>
	[C]: in function 'nvim_buf_set_option'
	.../core/opt/nvim-notify/lua/notify/service/buffer/init.lua:103: in function 'render'
	...te/pack/core/opt/nvim-notify/lua/notify/service/init.lua:53: in function 'push'
	...m/site/pack/core/opt/nvim-notify/lua/notify/instance.lua:132: in function <...m/site/pack/core/opt/nvim-notify/lua/notify/instance.lua:77>
	...ck/core/opt/noice.nvim/lua/noice/view/backend/notify.lua:168: in function '_notify'
	...ck/core/opt/noice.nvim/lua/noice/view/backend/notify.lua:198: in function 'show'
	...im/site/pack/core/opt/noice.nvim/lua/noice/view/init.lua:163: in function <...im/site/pack/core/opt/noice.nvim/lua/noice/view/init.lua:161>
	[C]: in function 'xpcall'
	...
	...te/pack/core/opt/noice.nvim/lua/noice/message/router.lua:214: in function <...te/pack/core/opt/noice.nvim/lua/noice/message/router.lua:147>
	[C]: in function 'xpcall'
	...im/site/pack/core/opt/noice.nvim/lua/noice/util/call.lua:149: in function 'try'
	...nvim/site/pack/core/opt/noice.nvim/lua/noice/ui/init.lua:88: in function 'ui_attach_cb'
	...nvim/site/pack/core/opt/noice.nvim/lua/noice/ui/init.lua:27: in function 'process_queue'
	...nvim/site/pack/core/opt/noice.nvim/lua/noice/ui/init.lua:138: in function <...nvim/site/pack/core/opt/noice.nvim/lua/noice/ui/init.lua:118>
	[C]: in function 'nvim_echo'
	.../nvim/site/pack/core/opt/blink.lib/lua/blink/lib/log.lua:187: in function <.../nvim/site/pack/core/opt/blink.lib/lua/blink/lib/log.lua:187>
	[C]: in function 'pcall'
	.../nvim/site/pack/core/opt/blink.lib/lua/blink/lib/log.lua:301: in function <.../nvim/site/pack/core/opt/blink.lib/lua/blink/lib/log.lua:299>
Lua callback: /usr/share/nvim/runtime/lua/vim/treesitter.lua:460: Parser could not be created for buffer 4043 and language "notify"
stack traceback:
	[C]: in function 'assert'
	/usr/share/nvim/runtime/lua/vim/treesitter.lua:460: in function 'start'
	...onfig/nvim/lua/config/ui/highlight/treesitter-config.lua:6: in function <...onfig/nvim/lua/config/ui/highlight/treesitter-config.lua:5>
	[C]: in function 'nvim_buf_set_option'
	.../core/opt/nvim-notify/lua/notify/service/buffer/init.lua:103: in function 'render'
	...te/pack/core/opt/nvim-notify/lua/notify/service/init.lua:53: in function 'push'
	...m/site/pack/core/opt/nvim-notify/lua/notify/instance.lua:132: in function <...m/site/pack/core/opt/nvim-notify/lua/notify/instance.lua:77>
	...ck/core/opt/noice.nvim/lua/noice/view/backend/notify.lua:168: in function '_notify'
	...ck/core/opt/noice.nvim/lua/noice/view/backend/notify.lua:198: in function 'show'
	...im/site/pack/core/opt/noice.nvim/lua/noice/view/init.lua:163: in function <...im/site/pack/core/opt/noice.nvim/lua/noice/view/init.lua:161>
	[C]: in function 'xpcall'
	...
	...te/pack/core/opt/noice.nvim/lua/noice/message/router.lua:214: in function <...te/pack/core/opt/noice.nvim/lua/noice/message/router.lua:147>
	[C]: in function 'xpcall'
	...im/site/pack/core/opt/noice.nvim/lua/noice/util/call.lua:149: in function 'try'
	...nvim/site/pack/core/opt/noice.nvim/lua/noice/ui/init.lua:88: in function 'ui_attach_cb'
	...nvim/site/pack/core/opt/noice.nvim/lua/noice/ui/init.lua:27: in function 'process_queue'
	...nvim/site/pack/core/opt/noice.nvim/lua/noice/ui/init.lua:138: in function <...nvim/site/pack/core/opt/noice.nvim/lua/noice/ui/init.lua:118>
	[C]: in function 'nvim_echo'
	.../nvim/site/pack/core/opt/blink.lib/lua/blink/lib/log.lua:187: in function <.../nvim/site/pack/core/opt/blink.lib/lua/blink/lib/log.lua:187>
	[C]: in function 'pcall'
	.../nvim/site/pack/core/opt/blink.lib/lua/blink/lib/log.lua:301: in function <.../nvim/site/pack/core/opt/blink.lib/lua/blink/lib/log.lua:299>
Lua callback: /usr/share/nvim/runtime/lua/vim/treesitter.lua:460: Parser could not be created for buffer 4044 and language "notify"
stack traceback:
	[C]: in function 'assert'
	/usr/share/nvim/runtime/lua/vim/treesitter.lua:460: in function 'start'
	...onfig/nvim/lua/config/ui/highlight/treesitter-config.lua:6: in function <...onfig/nvim/lua/config/ui/highlight/treesitter-config.lua:5>
	[C]: in function 'nvim_buf_set_option'
	.../core/opt/nvim-notify/lua/notify/service/buffer/init.lua:103: in function 'render'
	...te/pack/core/opt/nvim-notify/lua/notify/service/init.lua:53: in function 'push'
	...m/site/pack/core/opt/nvim-notify/lua/notify/instance.lua:132: in function <...m/site/pack/core/opt/nvim-notify/lua/notify/instance.lua:77>
	...ck/core/opt/noice.nvim/lua/noice/view/backend/notify.lua:168: in function '_notify'
	...ck/core/opt/noice.nvim/lua/noice/view/backend/notify.lua:198: in function 'show'
	...im/site/pack/core/opt/noice.nvim/lua/noice/view/init.lua:163: in function <...im/site/pack/core/opt/noice.nvim/lua/noice/view/init.lua:161>
	[C]: in function 'xpcall'
	...
	...te/pack/core/opt/noice.nvim/lua/noice/message/router.lua:214: in function <...te/pack/core/opt/noice.nvim/lua/noice/message/router.lua:147>
	[C]: in function 'xpcall'
	...im/site/pack/core/opt/noice.nvim/lua/noice/util/call.lua:149: in function 'try'
	...nvim/site/pack/core/opt/noice.nvim/lua/noice/ui/init.lua:88: in function 'ui_attach_cb'
	...nvim/site/pack/core/opt/noice.nvim/lua/noice/ui/init.lua:27: in function 'process_queue'
	...nvim/site/pack/core/opt/noice.nvim/lua/noice/ui/init.lua:138: in function <...nvim/site/pack/core/opt/noice.nvim/lua/noice/ui/init.lua:118>
	[C]: in function 'nvim_echo'
	.../nvim/site/pack/core/opt/blink.lib/lua/blink/lib/log.lua:187: in function <.../nvim/site/pack/core/opt/blink.lib/lua/blink/lib/log.lua:187>
	[C]: in function 'pcall'
	.../nvim/site/pack/core/opt/blink.lib/lua/blink/lib/log.lua:301: in function <.../nvim/site/pack/core/opt/blink.lib/lua/blink/lib/log.lua:299>
Lua callback: /usr/share/nvim/runtime/lua/vim/treesitter.lua:460: Parser could not be created for buffer 4045 and language "notify"
stack traceback:
	[C]: in function 'assert'
	/usr/share/nvim/runtime/lua/vim/treesitter.lua:460: in function 'start'
	...onfig/nvim/lua/config/ui/highlight/treesitter-config.lua:6: in function <...onfig/nvim/lua/config/ui/highlight/treesitter-config.lua:5>
	[C]: in function 'nvim_buf_set_option'
	.../core/opt/nvim-notify/lua/notify/service/buffer/init.lua:103: in function 'render'
	...te/pack/core/opt/nvim-notify/lua/notify/service/init.lua:53: in function 'push'
	...m/site/pack/core/opt/nvim-notify/lua/notify/instance.lua:132: in function <...m/site/pack/core/opt/nvim-notify/lua/notify/instance.lua:77>
	...ck/core/opt/noice.nvim/lua/noice/view/backend/notify.lua:168: in function '_notify'
	...ck/core/opt/noice.nvim/lua/noice/view/backend/notify.lua:198: in function 'show'
	...im/site/pack/core/opt/noice.nvim/lua/noice/view/init.lua:163: in function <...im/site/pack/core/opt/noice.nvim/lua/noice/view/init.lua:161>
	[C]: in function 'xpcall'
	...
	...te/pack/core/opt/noice.nvim/lua/noice/message/router.lua:214: in function <...te/pack/core/opt/noice.nvim/lua/noice/message/router.lua:147>
	[C]: in function 'xpcall'
	...im/site/pack/core/opt/noice.nvim/lua/noice/util/call.lua:149: in function 'try'
	...nvim/site/pack/core/opt/noice.nvim/lua/noice/ui/init.lua:88: in function 'ui_attach_cb'
	...nvim/site/pack/core/opt/noice.nvim/lua/noice/ui/init.lua:27: in function 'process_queue'
	...nvim/site/pack/core/opt/noice.nvim/lua/noice/ui/init.lua:138: in function <...nvim/site/pack/core/opt/noice.nvim/lua/noice/ui/init.lua:118>
	[C]: in function 'nvim_echo'
	.../nvim/site/pack/core/opt/blink.lib/lua/blink/lib/log.lua:187: in function <.../nvim/site/pack/core/opt/blink.lib/lua/blink/lib/log.lua:187>
	[C]: in function 'pcall'
	.../nvim/site/pack/core/opt/blink.lib/lua/blink/lib/log.lua:301: in function <.../nvim/site/pack/core/opt/blink.lib/lua/blink/lib/log.lua:299>
Lua callback: /usr/share/nvim/runtime/lua/vim/treesitter.lua:460: Parser could not be created for buffer 4046 and language "notify"
stack traceback:
	[C]: in function 'assert'
	/usr/share/nvim/runtime/lua/vim/treesitter.lua:460: in function 'start'
	...onfig/nvim/lua/config/ui/highlight/treesitter-config.lua:6: in function <...onfig/nvim/lua/config/ui/highlight/treesitter-config.lua:5>
	[C]: in function 'nvim_buf_set_option'
	.../core/opt/nvim-notify/lua/notify/service/buffer/init.lua:103: in function 'render'
	...te/pack/core/opt/nvim-notify/lua/notify/service/init.lua:53: in function 'push'
	...m/site/pack/core/opt/nvim-notify/lua/notify/instance.lua:132: in function <...m/site/pack/core/opt/nvim-notify/lua/notify/instance.lua:77>
	...ck/core/opt/noice.nvim/lua/noice/view/backend/notify.lua:168: in function '_notify'
	...ck/core/opt/noice.nvim/lua/noice/view/backend/notify.lua:198: in function 'show'
	...im/site/pack/core/opt/noice.nvim/lua/noice/view/init.lua:163: in function <...im/site/pack/core/opt/noice.nvim/lua/noice/view/init.lua:161>
	[C]: in function 'xpcall'
	...
	...te/pack/core/opt/noice.nvim/lua/noice/message/router.lua:214: in function <...te/pack/core/opt/noice.nvim/lua/noice/message/router.lua:147>
	[C]: in function 'xpcall'
	...im/site/pack/core/opt/noice.nvim/lua/noice/util/call.lua:149: in function 'try'
	...nvim/site/pack/core/opt/noice.nvim/lua/noice/ui/init.lua:88: in function 'ui_attach_cb'
	...nvim/site/pack/core/opt/noice.nvim/lua/noice/ui/init.lua:27: in function 'process_queue'
	...nvim/site/pack/core/opt/noice.nvim/lua/noice/ui/init.lua:138: in function <...nvim/site/pack/core/opt/noice.nvim/lua/noice/ui/init.lua:118>
	[C]: in function 'nvim_echo'
	.../nvim/site/pack/core/opt/blink.lib/lua/blink/lib/log.lua:187: in function <.../nvim/site/pack/core/opt/blink.lib/lua/blink/lib/log.lua:187>
	[C]: in function 'pcall'
	.../nvim/site/pack/core/opt/blink.lib/lua/blink/lib/log.lua:301: in function <.../nvim/site/pack/core/opt/blink.lib/lua/blink/lib/log.lua:299>
Lua callback: /usr/share/nvim/runtime/lua/vim/treesitter.lua:460: Parser could not be created for buffer 4047 and language "notify"
stack traceback:
	[C]: in function 'assert'
	/usr/share/nvim/runtime/lua/vim/treesitter.lua:460: in function 'start'
	...onfig/nvim/lua/config/ui/highlight/treesitter-config.lua:6: in function <...onfig/nvim/lua/config/ui/highlight/treesitter-config.lua:5>
	[C]: in function 'nvim_buf_set_option'
	.../core/opt/nvim-notify/lua/notify/service/buffer/init.lua:103: in function 'render'
	...te/pack/core/opt/nvim-notify/lua/notify/service/init.lua:53: in function 'push'
	...m/site/pack/core/opt/nvim-notify/lua/notify/instance.lua:132: in function <...m/site/pack/core/opt/nvim-notify/lua/notify/instance.lua:77>
	...ck/core/opt/noice.nvim/lua/noice/view/backend/notify.lua:168: in function '_notify'
	...ck/core/opt/noice.nvim/lua/noice/view/backend/notify.lua:198: in function 'show'
	...im/site/pack/core/opt/noice.nvim/lua/noice/view/init.lua:163: in function <...im/site/pack/core/opt/noice.nvim/lua/noice/view/init.lua:161>
	[C]: in function 'xpcall'
	...
	...te/pack/core/opt/noice.nvim/lua/noice/message/router.lua:214: in function <...te/pack/core/opt/noice.nvim/lua/noice/message/router.lua:147>
	[C]: in function 'xpcall'
	...im/site/pack/core/opt/noice.nvim/lua/noice/util/call.lua:149: in function 'try'
	...nvim/site/pack/core/opt/noice.nvim/lua/noice/ui/init.lua:88: in function 'ui_attach_cb'
	...nvim/site/pack/core/opt/noice.nvim/lua/noice/ui/init.lua:27: in function 'process_queue'
	...nvim/site/pack/core/opt/noice.nvim/lua/noice/ui/init.lua:138: in function <...nvim/site/pack/core/opt/noice.nvim/lua/noice/ui/init.lua:118>
	[C]: in function 'nvim_echo'
	.../nvim/site/pack/core/opt/blink.lib/lua/blink/lib/log.lua:187: in function <.../nvim/site/pack/core/opt/blink.lib/lua/blink/lib/log.lua:187>
	[C]: in function 'pcall'
	.../nvim/site/pack/core/opt/blink.lib/lua/blink/lib/log.lua:301: in function <.../nvim/site/pack/core/opt/blink.lib/lua/blink/lib/log.lua:299>
Lua callback: /usr/share/nvim/runtime/lua/vim/treesitter.lua:460: Parser could not be created for buffer 4048 and language "notify"
stack traceback:
	[C]: in function 'assert'
	/usr/share/nvim/runtime/lua/vim/treesitter.lua:460: in function 'start'
	...onfig/nvim/lua/config/ui/highlight/treesitter-config.lua:6: in function <...onfig/nvim/lua/config/ui/highlight/treesitter-config.lua:5>
	[C]: in function 'nvim_buf_set_option'
	.../core/opt/nvim-notify/lua/notify/service/buffer/init.lua:103: in function 'render'
	...te/pack/core/opt/nvim-notify/lua/notify/service/init.lua:53: in function 'push'
	...m/site/pack/core/opt/nvim-notify/lua/notify/instance.lua:132: in function <...m/site/pack/core/opt/nvim-notify/lua/notify/instance.lua:77>
	...ck/core/opt/noice.nvim/lua/noice/view/backend/notify.lua:168: in function '_notify'
	...ck/core/opt/noice.nvim/lua/noice/view/backend/notify.lua:198: in function 'show'
	...im/site/pack/core/opt/noice.nvim/lua/noice/view/init.lua:163: in function <...im/site/pack/core/opt/noice.nvim/lua/noice/view/init.lua:161>
	[C]: in function 'xpcall'
	...
	...te/pack/core/opt/noice.nvim/lua/noice/message/router.lua:214: in function <...te/pack/core/opt/noice.nvim/lua/noice/message/router.lua:147>
	[C]: in function 'xpcall'
	...im/site/pack/core/opt/noice.nvim/lua/noice/util/call.lua:149: in function 'try'
	...nvim/site/pack/core/opt/noice.nvim/lua/noice/ui/init.lua:88: in function 'ui_attach_cb'
	...nvim/site/pack/core/opt/noice.nvim/lua/noice/ui/init.lua:27: in function 'process_queue'
	...nvim/site/pack/core/opt/noice.nvim/lua/noice/ui/init.lua:138: in function <...nvim/site/pack/core/opt/noice.nvim/lua/noice/ui/init.lua:118>
	[C]: in function 'nvim_echo'
	.../nvim/site/pack/core/opt/blink.lib/lua/blink/lib/log.lua:187: in function <.../nvim/site/pack/core/opt/blink.lib/lua/blink/lib/log.lua:187>
	[C]: in function 'pcall'
	.../nvim/site/pack/core/opt/blink.lib/lua/blink/lib/log.lua:301: in function <.../nvim/site/pack/core/opt/blink.lib/lua/blink/lib/log.lua:299>
Lua callback: /usr/share/nvim/runtime/lua/vim/treesitter.lua:460: Parser could not be created for buffer 4049 and language "notify"
stack traceback:
	[C]: in function 'assert'
	/usr/share/nvim/runtime/lua/vim/treesitter.lua:460: in function 'start'
	...onfig/nvim/lua/config/ui/highlight/treesitter-config.lua:6: in function <...onfig/nvim/lua/config/ui/highlight/treesitter-config.lua:5>
	[C]: in function 'nvim_buf_set_option'
	.../core/opt/nvim-notify/lua/notify/service/buffer/init.lua:103: in function 'render'
	...te/pack/core/opt/nvim-notify/lua/notify/service/init.lua:53: in function 'push'
	...m/site/pack/core/opt/nvim-notify/lua/notify/instance.lua:132: in function <...m/site/pack/core/opt/nvim-notify/lua/notify/instance.lua:77>
	...ck/core/opt/noice.nvim/lua/noice/view/backend/notify.lua:168: in function '_notify'
	...ck/core/opt/noice.nvim/lua/noice/view/backend/notify.lua:198: in function 'show'
	...im/site/pack/core/opt/noice.nvim/lua/noice/view/init.lua:163: in function <...im/site/pack/core/opt/noice.nvim/lua/noice/view/init.lua:161>
	[C]: in function 'xpcall'
	...
	...te/pack/core/opt/noice.nvim/lua/noice/message/router.lua:214: in function <...te/pack/core/opt/noice.nvim/lua/noice/message/router.lua:147>
	[C]: in function 'xpcall'
	...im/site/pack/core/opt/noice.nvim/lua/noice/util/call.lua:149: in function 'try'
	...nvim/site/pack/core/opt/noice.nvim/lua/noice/ui/init.lua:88: in function 'ui_attach_cb'
	...nvim/site/pack/core/opt/noice.nvim/lua/noice/ui/init.lua:27: in function 'process_queue'
	...nvim/site/pack/core/opt/noice.nvim/lua/noice/ui/init.lua:138: in function <...nvim/site/pack/core/opt/noice.nvim/lua/noice/ui/init.lua:118>
	[C]: in function 'nvim_echo'
	.../nvim/site/pack/core/opt/blink.lib/lua/blink/lib/log.lua:187: in function <.../nvim/site/pack/core/opt/blink.lib/lua/blink/lib/log.lua:187>
	[C]: in function 'pcall'
	.../nvim/site/pack/core/opt/blink.lib/lua/blink/lib/log.lua:301: in function <.../nvim/site/pack/core/opt/blink.lib/lua/blink/lib/log.lua:299>
Lua callback: /usr/share/nvim/runtime/lua/vim/treesitter.lua:460: Parser could not be created for buffer 4050 and language "notify"
stack traceback:
	[C]: in function 'assert'
	/usr/share/nvim/runtime/lua/vim/treesitter.lua:460: in function 'start'
	...onfig/nvim/lua/config/ui/highlight/treesitter-config.lua:6: in function <...onfig/nvim/lua/config/ui/highlight/treesitter-config.lua:5>
	[C]: in function 'nvim_buf_set_option'
	.../core/opt/nvim-notify/lua/notify/service/buffer/init.lua:103: in function 'render'
	...te/pack/core/opt/nvim-notify/lua/notify/service/init.lua:53: in function 'push'
	...m/site/pack/core/opt/nvim-notify/lua/notify/instance.lua:132: in function <...m/site/pack/core/opt/nvim-notify/lua/notify/instance.lua:77>
	...ck/core/opt/noice.nvim/lua/noice/view/backend/notify.lua:168: in function '_notify'
	...ck/core/opt/noice.nvim/lua/noice/view/backend/notify.lua:198: in function 'show'
	...im/site/pack/core/opt/noice.nvim/lua/noice/view/init.lua:163: in function <...im/site/pack/core/opt/noice.nvim/lua/noice/view/init.lua:161>
	[C]: in function 'xpcall'
	...
	...te/pack/core/opt/noice.nvim/lua/noice/message/router.lua:214: in function <...te/pack/core/opt/noice.nvim/lua/noice/message/router.lua:147>
	[C]: in function 'xpcall'
	...im/site/pack/core/opt/noice.nvim/lua/noice/util/call.lua:149: in function 'try'
	...nvim/site/pack/core/opt/noice.nvim/lua/noice/ui/init.lua:88: in function 'ui_attach_cb'
	...nvim/site/pack/core/opt/noice.nvim/lua/noice/ui/init.lua:27: in function 'process_queue'
	...nvim/site/pack/core/opt/noice.nvim/lua/noice/ui/init.lua:138: in function <...nvim/site/pack/core/opt/noice.nvim/lua/noice/ui/init.lua:118>
	[C]: in function 'nvim_echo'
	.../nvim/site/pack/core/opt/blink.lib/lua/blink/lib/log.lua:187: in function <.../nvim/site/pack/core/opt/blink.lib/lua/blink/lib/log.lua:187>
	[C]: in function 'pcall'
	.../nvim/site/pack/core/opt/blink.lib/lua/blink/lib/log.lua:301: in function <.../nvim/site/pack/core/opt/blink.lib/lua/blink/lib/log.lua:299>
Lua callback: /usr/share/nvim/runtime/lua/vim/treesitter.lua:460: Parser could not be created for buffer 4051 and language "notify"
stack traceback:
	[C]: in function 'assert'
	/usr/share/nvim/runtime/lua/vim/treesitter.lua:460: in function 'start'
	...onfig/nvim/lua/config/ui/highlight/treesitter-config.lua:6: in function <...onfig/nvim/lua/config/ui/highlight/treesitter-config.lua:5>
	[C]: in function 'nvim_buf_set_option'
	.../core/opt/nvim-notify/lua/notify/service/buffer/init.lua:103: in function 'render'
	...te/pack/core/opt/nvim-notify/lua/notify/service/init.lua:53: in function 'push'
	...m/site/pack/core/opt/nvim-notify/lua/notify/instance.lua:132: in function <...m/site/pack/core/opt/nvim-notify/lua/notify/instance.lua:77>
	...ck/core/opt/noice.nvim/lua/noice/view/backend/notify.lua:168: in function '_notify'
	...ck/core/opt/noice.nvim/lua/noice/view/backend/notify.lua:198: in function 'show'
	...im/site/pack/core/opt/noice.nvim/lua/noice/view/init.lua:163: in function <...im/site/pack/core/opt/noice.nvim/lua/noice/view/init.lua:161>
	[C]: in function 'xpcall'
	...
	...te/pack/core/opt/noice.nvim/lua/noice/message/router.lua:214: in function <...te/pack/core/opt/noice.nvim/lua/noice/message/router.lua:147>
	[C]: in function 'xpcall'
	...im/site/pack/core/opt/noice.nvim/lua/noice/util/call.lua:149: in function 'try'
	...nvim/site/pack/core/opt/noice.nvim/lua/noice/ui/init.lua:88: in function 'ui_attach_cb'
	...nvim/site/pack/core/opt/noice.nvim/lua/noice/ui/init.lua:27: in function 'process_queue'
	...nvim/site/pack/core/opt/noice.nvim/lua/noice/ui/init.lua:138: in function <...nvim/site/pack/core/opt/noice.nvim/lua/noice/ui/init.lua:118>
	[C]: in function 'nvim_echo'
	.../nvim/site/pack/core/opt/blink.lib/lua/blink/lib/log.lua:187: in function <.../nvim/site/pack/core/opt/blink.lib/lua/blink/lib/log.lua:187>
	[C]: in function 'pcall'
	.../nvim/site/pack/core/opt/blink.lib/lua/blink/lib/log.lua:301: in function <.../nvim/site/pack/core/opt/blink.lib/lua/blink/lib/log.lua:299>
Lua callback: /usr/share/nvim/runtime/lua/vim/treesitter.lua:460: Parser could not be created for buffer 4052 and language "notify"
stack traceback:
	[C]: in function 'assert'
	/usr/share/nvim/runtime/lua/vim/treesitter.lua:460: in function 'start'
	...onfig/nvim/lua/config/ui/highlight/treesitter-config.lua:6: in function <...onfig/nvim/lua/config/ui/highlight/treesitter-config.lua:5>
	[C]: in function 'nvim_buf_set_option'
	.../core/opt/nvim-notify/lua/notify/service/buffer/init.lua:103: in function 'render'
	...te/pack/core/opt/nvim-notify/lua/notify/service/init.lua:53: in function 'push'
	...m/site/pack/core/opt/nvim-notify/lua/notify/instance.lua:132: in function <...m/site/pack/core/opt/nvim-notify/lua/notify/instance.lua:77>
	...ck/core/opt/noice.nvim/lua/noice/view/backend/notify.lua:168: in function '_notify'
	...ck/core/opt/noice.nvim/lua/noice/view/backend/notify.lua:198: in function 'show'
	...im/site/pack/core/opt/noice.nvim/lua/noice/view/init.lua:163: in function <...im/site/pack/core/opt/noice.nvim/lua/noice/view/init.lua:161>
	[C]: in function 'xpcall'
	...
	...te/pack/core/opt/noice.nvim/lua/noice/message/router.lua:214: in function <...te/pack/core/opt/noice.nvim/lua/noice/message/router.lua:147>
	[C]: in function 'xpcall'
	...im/site/pack/core/opt/noice.nvim/lua/noice/util/call.lua:149: in function 'try'
	...nvim/site/pack/core/opt/noice.nvim/lua/noice/ui/init.lua:88: in function 'ui_attach_cb'
	...nvim/site/pack/core/opt/noice.nvim/lua/noice/ui/init.lua:27: in function 'process_queue'
	...nvim/site/pack/core/opt/noice.nvim/lua/noice/ui/init.lua:138: in function <...nvim/site/pack/core/opt/noice.nvim/lua/noice/ui/init.lua:118>
	[C]: in function 'nvim_echo'
	.../nvim/site/pack/core/opt/blink.lib/lua/blink/lib/log.lua:187: in function <.../nvim/site/pack/core/opt/blink.lib/lua/blink/lib/log.lua:187>
	[C]: in function 'pcall'
	.../nvim/site/pack/core/opt/blink.lib/lua/blink/lib/log.lua:301: in function <.../nvim/site/pack/core/opt/blink.lib/lua/blink/lib/log.lua:299>
Lua callback: /usr/share/nvim/runtime/lua/vim/treesitter.lua:460: Parser could not be created for buffer 4053 and language "notify"
stack traceback:
	[C]: in function 'assert'
	/usr/share/nvim/runtime/lua/vim/treesitter.lua:460: in function 'start'
	...onfig/nvim/lua/config/ui/highlight/treesitter-config.lua:6: in function <...onfig/nvim/lua/config/ui/highlight/treesitter-config.lua:5>
	[C]: in function 'nvim_buf_set_option'
	.../core/opt/nvim-notify/lua/notify/service/buffer/init.lua:103: in function 'render'
	...te/pack/core/opt/nvim-notify/lua/notify/service/init.lua:53: in function 'push'
	...m/site/pack/core/opt/nvim-notify/lua/notify/instance.lua:132: in function <...m/site/pack/core/opt/nvim-notify/lua/notify/instance.lua:77>
	...ck/core/opt/noice.nvim/lua/noice/view/backend/notify.lua:168: in function '_notify'
	...ck/core/opt/noice.nvim/lua/noice/view/backend/notify.lua:198: in function 'show'
	...im/site/pack/core/opt/noice.nvim/lua/noice/view/init.lua:163: in function <...im/site/pack/core/opt/noice.nvim/lua/noice/view/init.lua:161>
	[C]: in function 'xpcall'
	...
	...te/pack/core/opt/noice.nvim/lua/noice/message/router.lua:214: in function <...te/pack/core/opt/noice.nvim/lua/noice/message/router.lua:147>
	[C]: in function 'xpcall'
	...im/site/pack/core/opt/noice.nvim/lua/noice/util/call.lua:149: in function 'try'
	...nvim/site/pack/core/opt/noice.nvim/lua/noice/ui/init.lua:88: in function 'ui_attach_cb'
	...nvim/site/pack/core/opt/noice.nvim/lua/noice/ui/init.lua:27: in function 'process_queue'
	...nvim/site/pack/core/opt/noice.nvim/lua/noice/ui/init.lua:138: in function <...nvim/site/pack/core/opt/noice.nvim/lua/noice/ui/init.lua:118>
	[C]: in function 'nvim_echo'
	.../nvim/site/pack/core/opt/blink.lib/lua/blink/lib/log.lua:187: in function <.../nvim/site/pack/core/opt/blink.lib/lua/blink/lib/log.lua:187>
	[C]: in function 'pcall'
	.../nvim/site/pack/core/opt/blink.lib/lua/blink/lib/log.lua:301: in function <.../nvim/site/pack/core/opt/blink.lib/lua/blink/lib/log.lua:299>
Lua callback: /usr/share/nvim/runtime/lua/vim/treesitter.lua:460: Parser could not be created for buffer 4054 and language "notify"
stack traceback:
	[C]: in function 'assert'
	/usr/share/nvim/runtime/lua/vim/treesitter.lua:460: in function 'start'
	...onfig/nvim/lua/config/ui/highlight/treesitter-config.lua:6: in function <...onfig/nvim/lua/config/ui/highlight/treesitter-config.lua:5>
	[C]: in function 'nvim_buf_set_option'
	.../core/opt/nvim-notify/lua/notify/service/buffer/init.lua:103: in function 'render'
	...te/pack/core/opt/nvim-notify/lua/notify/service/init.lua:53: in function 'push'
	...m/site/pack/core/opt/nvim-notify/lua/notify/instance.lua:132: in function <...m/site/pack/core/opt/nvim-notify/lua/notify/instance.lua:77>
	...ck/core/opt/noice.nvim/lua/noice/view/backend/notify.lua:168: in function '_notify'
	...ck/core/opt/noice.nvim/lua/noice/view/backend/notify.lua:198: in function 'show'
	...im/site/pack/core/opt/noice.nvim/lua/noice/view/init.lua:163: in function <...im/site/pack/core/opt/noice.nvim/lua/noice/view/init.lua:161>
	[C]: in function 'xpcall'
	...
	...te/pack/core/opt/noice.nvim/lua/noice/message/router.lua:214: in function <...te/pack/core/opt/noice.nvim/lua/noice/message/router.lua:147>
	[C]: in function 'xpcall'
	...im/site/pack/core/opt/noice.nvim/lua/noice/util/call.lua:149: in function 'try'
	...nvim/site/pack/core/opt/noice.nvim/lua/noice/ui/init.lua:88: in function 'ui_attach_cb'
	...nvim/site/pack/core/opt/noice.nvim/lua/noice/ui/init.lua:27: in function 'process_queue'
	...nvim/site/pack/core/opt/noice.nvim/lua/noice/ui/init.lua:138: in function <...nvim/site/pack/core/opt/noice.nvim/lua/noice/ui/init.lua:118>
	[C]: in function 'nvim_echo'
	.../nvim/site/pack/core/opt/blink.lib/lua/blink/lib/log.lua:187: in function <.../nvim/site/pack/core/opt/blink.lib/lua/blink/lib/log.lua:187>
	[C]: in function 'pcall'
	.../nvim/site/pack/core/opt/blink.lib/lua/blink/lib/log.lua:301: in function <.../nvim/site/pack/core/opt/blink.lib/lua/blink/lib/log.lua:299>
Lua callback: /usr/share/nvim/runtime/lua/vim/treesitter.lua:460: Parser could not be created for buffer 4055 and language "notify"
stack traceback:
	[C]: in function 'assert'
	/usr/share/nvim/runtime/lua/vim/treesitter.lua:460: in function 'start'
	...onfig/nvim/lua/config/ui/highlight/treesitter-config.lua:6: in function <...onfig/nvim/lua/config/ui/highlight/treesitter-config.lua:5>
	[C]: in function 'nvim_buf_set_option'
	.../core/opt/nvim-notify/lua/notify/service/buffer/init.lua:103: in function 'render'
	...te/pack/core/opt/nvim-notify/lua/notify/service/init.lua:53: in function 'push'
	...m/site/pack/core/opt/nvim-notify/lua/notify/instance.lua:132: in function <...m/site/pack/core/opt/nvim-notify/lua/notify/instance.lua:77>
	...ck/core/opt/noice.nvim/lua/noice/view/backend/notify.lua:168: in function '_notify'
	...ck/core/opt/noice.nvim/lua/noice/view/backend/notify.lua:198: in function 'show'
	...im/site/pack/core/opt/noice.nvim/lua/noice/view/init.lua:163: in function <...im/site/pack/core/opt/noice.nvim/lua/noice/view/init.lua:161>
	[C]: in function 'xpcall'
	...
	...te/pack/core/opt/noice.nvim/lua/noice/message/router.lua:214: in function <...te/pack/core/opt/noice.nvim/lua/noice/message/router.lua:147>
	[C]: in function 'xpcall'
	...im/site/pack/core/opt/noice.nvim/lua/noice/util/call.lua:149: in function 'try'
	...nvim/site/pack/core/opt/noice.nvim/lua/noice/ui/init.lua:88: in function 'ui_attach_cb'
	...nvim/site/pack/core/opt/noice.nvim/lua/noice/ui/init.lua:27: in function 'process_queue'
	...nvim/site/pack/core/opt/noice.nvim/lua/noice/ui/init.lua:138: in function <...nvim/site/pack/core/opt/noice.nvim/lua/noice/ui/init.lua:118>
	[C]: in function 'nvim_echo'
	.../nvim/site/pack/core/opt/blink.lib/lua/blink/lib/log.lua:187: in function <.../nvim/site/pack/core/opt/blink.lib/lua/blink/lib/log.lua:187>
	[C]: in function 'pcall'
	.../nvim/site/pack/core/opt/blink.lib/lua/blink/lib/log.lua:301: in function <.../nvim/site/pack/core/opt/blink.lib/lua/blink/lib/log.lua:299>
Lua callback: /usr/share/nvim/runtime/lua/vim/treesitter.lua:460: Parser could not be created for buffer 4056 and language "notify"
stack traceback:
	[C]: in function 'assert'
	/usr/share/nvim/runtime/lua/vim/treesitter.lua:460: in function 'start'
	...onfig/nvim/lua/config/ui/highlight/treesitter-config.lua:6: in function <...onfig/nvim/lua/config/ui/highlight/treesitter-config.lua:5>
	[C]: in function 'nvim_buf_set_option'
	.../core/opt/nvim-notify/lua/notify/service/buffer/init.lua:103: in function 'render'
	...te/pack/core/opt/nvim-notify/lua/notify/service/init.lua:53: in function 'push'
	...m/site/pack/core/opt/nvim-notify/lua/notify/instance.lua:132: in function <...m/site/pack/core/opt/nvim-notify/lua/notify/instance.lua:77>
	...ck/core/opt/noice.nvim/lua/noice/view/backend/notify.lua:168: in function '_notify'
	...ck/core/opt/noice.nvim/lua/noice/view/backend/notify.lua:198: in function 'show'
	...im/site/pack/core/opt/noice.nvim/lua/noice/view/init.lua:163: in function <...im/site/pack/core/opt/noice.nvim/lua/noice/view/init.lua:161>
	[C]: in function 'xpcall'
	...
	...te/pack/core/opt/noice.nvim/lua/noice/message/router.lua:214: in function <...te/pack/core/opt/noice.nvim/lua/noice/message/router.lua:147>
	[C]: in function 'xpcall'
	...im/site/pack/core/opt/noice.nvim/lua/noice/util/call.lua:149: in function 'try'
	...nvim/site/pack/core/opt/noice.nvim/lua/noice/ui/init.lua:88: in function 'ui_attach_cb'
	...nvim/site/pack/core/opt/noice.nvim/lua/noice/ui/init.lua:27: in function 'process_queue'
	...nvim/site/pack/core/opt/noice.nvim/lua/noice/ui/init.lua:138: in function <...nvim/site/pack/core/opt/noice.nvim/lua/noice/ui/init.lua:118>
	[C]: in function 'nvim_echo'
	.../nvim/site/pack/core/opt/blink.lib/lua/blink/lib/log.lua:187: in function <.../nvim/site/pack/core/opt/blink.lib/lua/blink/lib/log.lua:187>
	[C]: in function 'pcall'
	.../nvim/site/pack/core/opt/blink.lib/lua/blink/lib/log.lua:301: in function <.../nvim/site/pack/core/opt/blink.lib/lua/blink/lib/log.lua:299>
Lua callback: /usr/share/nvim/runtime/lua/vim/treesitter.lua:460: Parser could not be created for buffer 4057 and language "notify"
stack traceback:
	[C]: in function 'assert'
	/usr/share/nvim/runtime/lua/vim/treesitter.lua:460: in function 'start'
	...onfig/nvim/lua/config/ui/highlight/treesitter-config.lua:6: in function <...onfig/nvim/lua/config/ui/highlight/treesitter-config.lua:5>
	[C]: in function 'nvim_buf_set_option'
	.../core/opt/nvim-notify/lua/notify/service/buffer/init.lua:103: in function 'render'
	...te/pack/core/opt/nvim-notify/lua/notify/service/init.lua:53: in function 'push'
	...m/site/pack/core/opt/nvim-notify/lua/notify/instance.lua:132: in function <...m/site/pack/core/opt/nvim-notify/lua/notify/instance.lua:77>
	...ck/core/opt/noice.nvim/lua/noice/view/backend/notify.lua:168: in function '_notify'
	...ck/core/opt/noice.nvim/lua/noice/view/backend/notify.lua:198: in function 'show'
	...im/site/pack/core/opt/noice.nvim/lua/noice/view/init.lua:163: in function <...im/site/pack/core/opt/noice.nvim/lua/noice/view/init.lua:161>
	[C]: in function 'xpcall'
	...
	...te/pack/core/opt/noice.nvim/lua/noice/message/router.lua:214: in function <...te/pack/core/opt/noice.nvim/lua/noice/message/router.lua:147>
	[C]: in function 'xpcall'
	...im/site/pack/core/opt/noice.nvim/lua/noice/util/call.lua:149: in function 'try'
	...nvim/site/pack/core/opt/noice.nvim/lua/noice/ui/init.lua:88: in function 'ui_attach_cb'
	...nvim/site/pack/core/opt/noice.nvim/lua/noice/ui/init.lua:27: in function 'process_queue'
	...nvim/site/pack/core/opt/noice.nvim/lua/noice/ui/init.lua:138: in function <...nvim/site/pack/core/opt/noice.nvim/lua/noice/ui/init.lua:118>
	[C]: in function 'nvim_echo'
	.../nvim/site/pack/core/opt/blink.lib/lua/blink/lib/log.lua:187: in function <.../nvim/site/pack/core/opt/blink.lib/lua/blink/lib/log.lua:187>
	[C]: in function 'pcall'
	.../nvim/site/pack/core/opt/blink.lib/lua/blink/lib/log.lua:301: in function <.../nvim/site/pack/core/opt/blink.lib/lua/blink/lib/log.lua:299>
Lua callback: /usr/share/nvim/runtime/lua/vim/treesitter.lua:460: Parser could not be created for buffer 4058 and language "notify"
stack traceback:
	[C]: in function 'assert'
	/usr/share/nvim/runtime/lua/vim/treesitter.lua:460: in function 'start'
	...onfig/nvim/lua/config/ui/highlight/treesitter-config.lua:6: in function <...onfig/nvim/lua/config/ui/highlight/treesitter-config.lua:5>
	[C]: in function 'nvim_buf_set_option'
	.../core/opt/nvim-notify/lua/notify/service/buffer/init.lua:103: in function 'render'
	...te/pack/core/opt/nvim-notify/lua/notify/service/init.lua:53: in function 'push'
	...m/site/pack/core/opt/nvim-notify/lua/notify/instance.lua:132: in function <...m/site/pack/core/opt/nvim-notify/lua/notify/instance.lua:77>
	...ck/core/opt/noice.nvim/lua/noice/view/backend/notify.lua:168: in function '_notify'
	...ck/core/opt/noice.nvim/lua/noice/view/backend/notify.lua:198: in function 'show'
	...im/site/pack/core/opt/noice.nvim/lua/noice/view/init.lua:163: in function <...im/site/pack/core/opt/noice.nvim/lua/noice/view/init.lua:161>
	[C]: in function 'xpcall'
	...
	...te/pack/core/opt/noice.nvim/lua/noice/message/router.lua:214: in function <...te/pack/core/opt/noice.nvim/lua/noice/message/router.lua:147>
	[C]: in function 'xpcall'
	...im/site/pack/core/opt/noice.nvim/lua/noice/util/call.lua:149: in function 'try'
	...nvim/site/pack/core/opt/noice.nvim/lua/noice/ui/init.lua:88: in function 'ui_attach_cb'
	...nvim/site/pack/core/opt/noice.nvim/lua/noice/ui/init.lua:27: in function 'process_queue'
	...nvim/site/pack/core/opt/noice.nvim/lua/noice/ui/init.lua:138: in function <...nvim/site/pack/core/opt/noice.nvim/lua/noice/ui/init.lua:118>
	[C]: in function 'nvim_echo'
	.../nvim/site/pack/core/opt/blink.lib/lua/blink/lib/log.lua:187: in function <.../nvim/site/pack/core/opt/blink.lib/lua/blink/lib/log.lua:187>
	[C]: in function 'pcall'
	.../nvim/site/pack/core/opt/blink.lib/lua/blink/lib/log.lua:301: in function <.../nvim/site/pack/core/opt/blink.lib/lua/blink/lib/log.lua:299>
Lua callback: /usr/share/nvim/runtime/lua/vim/treesitter.lua:460: Parser could not be created for buffer 4059 and language "notify"
stack traceback:
	[C]: in function 'assert'
	/usr/share/nvim/runtime/lua/vim/treesitter.lua:460: in function 'start'
	...onfig/nvim/lua/config/ui/highlight/treesitter-config.lua:6: in function <...onfig/nvim/lua/config/ui/highlight/treesitter-config.lua:5>
	[C]: in function 'nvim_buf_set_option'
	.../core/opt/nvim-notify/lua/notify/service/buffer/init.lua:103: in function 'render'
	...te/pack/core/opt/nvim-notify/lua/notify/service/init.lua:53: in function 'push'
	...m/site/pack/core/opt/nvim-notify/lua/notify/instance.lua:132: in function <...m/site/pack/core/opt/nvim-notify/lua/notify/instance.lua:77>
	...ck/core/opt/noice.nvim/lua/noice/view/backend/notify.lua:168: in function '_notify'
	...ck/core/opt/noice.nvim/lua/noice/view/backend/notify.lua:198: in function 'show'
	...im/site/pack/core/opt/noice.nvim/lua/noice/view/init.lua:163: in function <...im/site/pack/core/opt/noice.nvim/lua/noice/view/init.lua:161>
	[C]: in function 'xpcall'
	...
	...te/pack/core/opt/noice.nvim/lua/noice/message/router.lua:214: in function <...te/pack/core/opt/noice.nvim/lua/noice/message/router.lua:147>
	[C]: in function 'xpcall'
	...im/site/pack/core/opt/noice.nvim/lua/noice/util/call.lua:149: in function 'try'
	...nvim/site/pack/core/opt/noice.nvim/lua/noice/ui/init.lua:88: in function 'ui_attach_cb'
	...nvim/site/pack/core/opt/noice.nvim/lua/noice/ui/init.lua:27: in function 'process_queue'
	...nvim/site/pack/core/opt/noice.nvim/lua/noice/ui/init.lua:138: in function <...nvim/site/pack/core/opt/noice.nvim/lua/noice/ui/init.lua:118>
	[C]: in function 'nvim_echo'
	.../nvim/site/pack/core/opt/blink.lib/lua/blink/lib/log.lua:187: in function <.../nvim/site/pack/core/opt/blink.lib/lua/blink/lib/log.lua:187>
	[C]: in function 'pcall'
	.../nvim/site/pack/core/opt/blink.lib/lua/blink/lib/log.lua:301: in function <.../nvim/site/pack/core/opt/blink.lib/lua/blink/lib/log.lua:299>
Lua callback: /usr/share/nvim/runtime/lua/vim/treesitter.lua:460: Parser could not be created for buffer 4060 and language "notify"
stack traceback:
	[C]: in function 'assert'
	/usr/share/nvim/runtime/lua/vim/treesitter.lua:460: in function 'start'
	...onfig/nvim/lua/config/ui/highlight/treesitter-config.lua:6: in function <...onfig/nvim/lua/config/ui/highlight/treesitter-config.lua:5>
	[C]: in function 'nvim_buf_set_option'
	.../core/opt/nvim-notify/lua/notify/service/buffer/init.lua:103: in function 'render'
	...te/pack/core/opt/nvim-notify/lua/notify/service/init.lua:53: in function 'push'
	...m/site/pack/core/opt/nvim-notify/lua/notify/instance.lua:132: in function <...m/site/pack/core/opt/nvim-notify/lua/notify/instance.lua:77>
	...ck/core/opt/noice.nvim/lua/noice/view/backend/notify.lua:168: in function '_notify'
	...ck/core/opt/noice.nvim/lua/noice/view/backend/notify.lua:198: in function 'show'
	...im/site/pack/core/opt/noice.nvim/lua/noice/view/init.lua:163: in function <...im/site/pack/core/opt/noice.nvim/lua/noice/view/init.lua:161>
	[C]: in function 'xpcall'
	...
	...te/pack/core/opt/noice.nvim/lua/noice/message/router.lua:214: in function <...te/pack/core/opt/noice.nvim/lua/noice/message/router.lua:147>
	[C]: in function 'xpcall'
	...im/site/pack/core/opt/noice.nvim/lua/noice/util/call.lua:149: in function 'try'
	...nvim/site/pack/core/opt/noice.nvim/lua/noice/ui/init.lua:88: in function 'ui_attach_cb'
	...nvim/site/pack/core/opt/noice.nvim/lua/noice/ui/init.lua:27: in function 'process_queue'
	...nvim/site/pack/core/opt/noice.nvim/lua/noice/ui/init.lua:138: in function <...nvim/site/pack/core/opt/noice.nvim/lua/noice/ui/init.lua:118>
	[C]: in function 'nvim_echo'
	.../nvim/site/pack/core/opt/blink.lib/lua/blink/lib/log.lua:187: in function <.../nvim/site/pack/core/opt/blink.lib/lua/blink/lib/log.lua:187>
	[C]: in function 'pcall'
	.../nvim/site/pack/core/opt/blink.lib/lua/blink/lib/log.lua:301: in function <.../nvim/site/pack/core/opt/blink.lib/lua/blink/lib/log.lua:299>
Lua callback: /usr/share/nvim/runtime/lua/vim/treesitter.lua:460: Parser could not be created for buffer 4061 and language "notify"
stack traceback:
	[C]: in function 'assert'
	/usr/share/nvim/runtime/lua/vim/treesitter.lua:460: in function 'start'
	...onfig/nvim/lua/config/ui/highlight/treesitter-config.lua:6: in function <...onfig/nvim/lua/config/ui/highlight/treesitter-config.lua:5>
	[C]: in function 'nvim_buf_set_option'
	.../core/opt/nvim-notify/lua/notify/service/buffer/init.lua:103: in function 'render'
	...te/pack/core/opt/nvim-notify/lua/notify/service/init.lua:53: in function 'push'
	...m/site/pack/core/opt/nvim-notify/lua/notify/instance.lua:132: in function <...m/site/pack/core/opt/nvim-notify/lua/notify/instance.lua:77>
	...ck/core/opt/noice.nvim/lua/noice/view/backend/notify.lua:168: in function '_notify'
	...ck/core/opt/noice.nvim/lua/noice/view/backend/notify.lua:198: in function 'show'
	...im/site/pack/core/opt/noice.nvim/lua/noice/view/init.lua:163: in function <...im/site/pack/core/opt/noice.nvim/lua/noice/view/init.lua:161>
	[C]: in function 'xpcall'
	...
	...te/pack/core/opt/noice.nvim/lua/noice/message/router.lua:214: in function <...te/pack/core/opt/noice.nvim/lua/noice/message/router.lua:147>
	[C]: in function 'xpcall'
	...im/site/pack/core/opt/noice.nvim/lua/noice/util/call.lua:149: in function 'try'
	...nvim/site/pack/core/opt/noice.nvim/lua/noice/ui/init.lua:88: in function 'ui_attach_cb'
	...nvim/site/pack/core/opt/noice.nvim/lua/noice/ui/init.lua:27: in function 'process_queue'
	...nvim/site/pack/core/opt/noice.nvim/lua/noice/ui/init.lua:138: in function <...nvim/site/pack/core/opt/noice.nvim/lua/noice/ui/init.lua:118>
	[C]: in function 'nvim_echo'
	.../nvim/site/pack/core/opt/blink.lib/lua/blink/lib/log.lua:187: in function <.../nvim/site/pack/core/opt/blink.lib/lua/blink/lib/log.lua:187>
	[C]: in function 'pcall'
	.../nvim/site/pack/core/opt/blink.lib/lua/blink/lib/log.lua:301: in function <.../nvim/site/pack/core/opt/blink.lib/lua/blink/lib/log.lua:299>
Lua callback: /usr/share/nvim/runtime/lua/vim/treesitter.lua:460: Parser could not be created for buffer 4062 and language "notify"
stack traceback:
	[C]: in function 'assert'
	/usr/share/nvim/runtime/lua/vim/treesitter.lua:460: in function 'start'
	...onfig/nvim/lua/config/ui/highlight/treesitter-config.lua:6: in function <...onfig/nvim/lua/config/ui/highlight/treesitter-config.lua:5>
	[C]: in function 'nvim_buf_set_option'
	.../core/opt/nvim-notify/lua/notify/service/buffer/init.lua:103: in function 'render'
	...te/pack/core/opt/nvim-notify/lua/notify/service/init.lua:53: in function 'push'
	...m/site/pack/core/opt/nvim-notify/lua/notify/instance.lua:132: in function <...m/site/pack/core/opt/nvim-notify/lua/notify/instance.lua:77>
	...ck/core/opt/noice.nvim/lua/noice/view/backend/notify.lua:168: in function '_notify'
	...ck/core/opt/noice.nvim/lua/noice/view/backend/notify.lua:198: in function 'show'
	...im/site/pack/core/opt/noice.nvim/lua/noice/view/init.lua:163: in function <...im/site/pack/core/opt/noice.nvim/lua/noice/view/init.lua:161>
	[C]: in function 'xpcall'
	...
	...te/pack/core/opt/noice.nvim/lua/noice/message/router.lua:214: in function <...te/pack/core/opt/noice.nvim/lua/noice/message/router.lua:147>
	[C]: in function 'xpcall'
	...im/site/pack/core/opt/noice.nvim/lua/noice/util/call.lua:149: in function 'try'
	...nvim/site/pack/core/opt/noice.nvim/lua/noice/ui/init.lua:88: in function 'ui_attach_cb'
	...nvim/site/pack/core/opt/noice.nvim/lua/noice/ui/init.lua:27: in function 'process_queue'
	...nvim/site/pack/core/opt/noice.nvim/lua/noice/ui/init.lua:138: in function <...nvim/site/pack/core/opt/noice.nvim/lua/noice/ui/init.lua:118>
	[C]: in function 'nvim_echo'
	.../nvim/site/pack/core/opt/blink.lib/lua/blink/lib/log.lua:187: in function <.../nvim/site/pack/core/opt/blink.lib/lua/blink/lib/log.lua:187>
	[C]: in function 'pcall'
	.../nvim/site/pack/core/opt/blink.lib/lua/blink/lib/log.lua:301: in function <.../nvim/site/pack/core/opt/blink.lib/lua/blink/lib/log.lua:299>
Lua callback: /usr/share/nvim/runtime/lua/vim/treesitter.lua:460: Parser could not be created for buffer 4063 and language "notify"
stack traceback:
	[C]: in function 'assert'
	/usr/share/nvim/runtime/lua/vim/treesitter.lua:460: in function 'start'
	...onfig/nvim/lua/config/ui/highlight/treesitter-config.lua:6: in function <...onfig/nvim/lua/config/ui/highlight/treesitter-config.lua:5>
	[C]: in function 'nvim_buf_set_option'
	.../core/opt/nvim-notify/lua/notify/service/buffer/init.lua:103: in function 'render'
	...te/pack/core/opt/nvim-notify/lua/notify/service/init.lua:53: in function 'push'
	...m/site/pack/core/opt/nvim-notify/lua/notify/instance.lua:132: in function <...m/site/pack/core/opt/nvim-notify/lua/notify/instance.lua:77>
	...ck/core/opt/noice.nvim/lua/noice/view/backend/notify.lua:168: in function '_notify'
	...ck/core/opt/noice.nvim/lua/noice/view/backend/notify.lua:198: in function 'show'
	...im/site/pack/core/opt/noice.nvim/lua/noice/view/init.lua:163: in function <...im/site/pack/core/opt/noice.nvim/lua/noice/view/init.lua:161>
	[C]: in function 'xpcall'
	...
	...te/pack/core/opt/noice.nvim/lua/noice/message/router.lua:214: in function <...te/pack/core/opt/noice.nvim/lua/noice/message/router.lua:147>
	[C]: in function 'xpcall'
	...im/site/pack/core/opt/noice.nvim/lua/noice/util/call.lua:149: in function 'try'
	...nvim/site/pack/core/opt/noice.nvim/lua/noice/ui/init.lua:88: in function 'ui_attach_cb'
	...nvim/site/pack/core/opt/noice.nvim/lua/noice/ui/init.lua:27: in function 'process_queue'
	...nvim/site/pack/core/opt/noice.nvim/lua/noice/ui/init.lua:138: in function <...nvim/site/pack/core/opt/noice.nvim/lua/noice/ui/init.lua:118>
	[C]: in function 'nvim_echo'
	.../nvim/site/pack/core/opt/blink.lib/lua/blink/lib/log.lua:187: in function <.../nvim/site/pack/core/opt/blink.lib/lua/blink/lib/log.lua:187>
	[C]: in function 'pcall'
	.../nvim/site/pack/core/opt/blink.lib/lua/blink/lib/log.lua:301: in function <.../nvim/site/pack/core/opt/blink.lib/lua/blink/lib/log.lua:299>
Lua callback: /usr/share/nvim/runtime/lua/vim/treesitter.lua:460: Parser could not be created for buffer 4064 and language "notify"
stack traceback:
	[C]: in function 'assert'
	/usr/share/nvim/runtime/lua/vim/treesitter.lua:460: in function 'start'
	...onfig/nvim/lua/config/ui/highlight/treesitter-config.lua:6: in function <...onfig/nvim/lua/config/ui/highlight/treesitter-config.lua:5>
	[C]: in function 'nvim_buf_set_option'
	.../core/opt/nvim-notify/lua/notify/service/buffer/init.lua:103: in function 'render'
	...te/pack/core/opt/nvim-notify/lua/notify/service/init.lua:53: in function 'push'
	...m/site/pack/core/opt/nvim-notify/lua/notify/instance.lua:132: in function <...m/site/pack/core/opt/nvim-notify/lua/notify/instance.lua:77>
	...ck/core/opt/noice.nvim/lua/noice/view/backend/notify.lua:168: in function '_notify'
	...ck/core/opt/noice.nvim/lua/noice/view/backend/notify.lua:198: in function 'show'
	...im/site/pack/core/opt/noice.nvim/lua/noice/view/init.lua:163: in function <...im/site/pack/core/opt/noice.nvim/lua/noice/view/init.lua:161>
	[C]: in function 'xpcall'
	...
	...te/pack/core/opt/noice.nvim/lua/noice/message/router.lua:214: in function <...te/pack/core/opt/noice.nvim/lua/noice/message/router.lua:147>
	[C]: in function 'xpcall'
	...im/site/pack/core/opt/noice.nvim/lua/noice/util/call.lua:149: in function 'try'
	...nvim/site/pack/core/opt/noice.nvim/lua/noice/ui/init.lua:88: in function 'ui_attach_cb'
	...nvim/site/pack/core/opt/noice.nvim/lua/noice/ui/init.lua:27: in function 'process_queue'
	...nvim/site/pack/core/opt/noice.nvim/lua/noice/ui/init.lua:138: in function <...nvim/site/pack/core/opt/noice.nvim/lua/noice/ui/init.lua:118>
	[C]: in function 'nvim_echo'
	.../nvim/site/pack/core/opt/blink.lib/lua/blink/lib/log.lua:187: in function <.../nvim/site/pack/core/opt/blink.lib/lua/blink/lib/log.lua:187>
	[C]: in function 'pcall'
	.../nvim/site/pack/core/opt/blink.lib/lua/blink/lib/log.lua:301: in function <.../nvim/site/pack/core/opt/blink.lib/lua/blink/lib/log.lua:299>
Lua callback: /usr/share/nvim/runtime/lua/vim/treesitter.lua:460: Parser could not be created for buffer 4065 and language "notify"
stack traceback:
	[C]: in function 'assert'
	/usr/share/nvim/runtime/lua/vim/treesitter.lua:460: in function 'start'
	...onfig/nvim/lua/config/ui/highlight/treesitter-config.lua:6: in function <...onfig/nvim/lua/config/ui/highlight/treesitter-config.lua:5>
	[C]: in function 'nvim_buf_set_option'
	.../core/opt/nvim-notify/lua/notify/service/buffer/init.lua:103: in function 'render'
	...te/pack/core/opt/nvim-notify/lua/notify/service/init.lua:53: in function 'push'
	...m/site/pack/core/opt/nvim-notify/lua/notify/instance.lua:132: in function <...m/site/pack/core/opt/nvim-notify/lua/notify/instance.lua:77>
	...ck/core/opt/noice.nvim/lua/noice/view/backend/notify.lua:168: in function '_notify'
	...ck/core/opt/noice.nvim/lua/noice/view/backend/notify.lua:198: in function 'show'
	...im/site/pack/core/opt/noice.nvim/lua/noice/view/init.lua:163: in function <...im/site/pack/core/opt/noice.nvim/lua/noice/view/init.lua:161>
	[C]: in function 'xpcall'
	...
	...te/pack/core/opt/noice.nvim/lua/noice/message/router.lua:214: in function <...te/pack/core/opt/noice.nvim/lua/noice/message/router.lua:147>
	[C]: in function 'xpcall'
	...im/site/pack/core/opt/noice.nvim/lua/noice/util/call.lua:149: in function 'try'
	...nvim/site/pack/core/opt/noice.nvim/lua/noice/ui/init.lua:88: in function 'ui_attach_cb'
	...nvim/site/pack/core/opt/noice.nvim/lua/noice/ui/init.lua:27: in function 'process_queue'
	...nvim/site/pack/core/opt/noice.nvim/lua/noice/ui/init.lua:138: in function <...nvim/site/pack/core/opt/noice.nvim/lua/noice/ui/init.lua:118>
	[C]: in function 'nvim_echo'
	.../nvim/site/pack/core/opt/blink.lib/lua/blink/lib/log.lua:187: in function <.../nvim/site/pack/core/opt/blink.lib/lua/blink/lib/log.lua:187>
	[C]: in function 'pcall'
	.../nvim/site/pack/core/opt/blink.lib/lua/blink/lib/log.lua:301: in function <.../nvim/site/pack/core/opt/blink.lib/lua/blink/lib/log.lua:299>
Lua callback: /usr/share/nvim/runtime/lua/vim/treesitter.lua:460: Parser could not be created for buffer 4066 and language "notify"
stack traceback:
	[C]: in function 'assert'
	/usr/share/nvim/runtime/lua/vim/treesitter.lua:460: in function 'start'
	...onfig/nvim/lua/config/ui/highlight/treesitter-config.lua:6: in function <...onfig/nvim/lua/config/ui/highlight/treesitter-config.lua:5>
	[C]: in function 'nvim_buf_set_option'
	.../core/opt/nvim-notify/lua/notify/service/buffer/init.lua:103: in function 'render'
	...te/pack/core/opt/nvim-notify/lua/notify/service/init.lua:53: in function 'push'
	...m/site/pack/core/opt/nvim-notify/lua/notify/instance.lua:132: in function <...m/site/pack/core/opt/nvim-notify/lua/notify/instance.lua:77>
	...ck/core/opt/noice.nvim/lua/noice/view/backend/notify.lua:168: in function '_notify'
	...ck/core/opt/noice.nvim/lua/noice/view/backend/notify.lua:198: in function 'show'
	...im/site/pack/core/opt/noice.nvim/lua/noice/view/init.lua:163: in function <...im/site/pack/core/opt/noice.nvim/lua/noice/view/init.lua:161>
	[C]: in function 'xpcall'
	...
	...te/pack/core/opt/noice.nvim/lua/noice/message/router.lua:214: in function <...te/pack/core/opt/noice.nvim/lua/noice/message/router.lua:147>
	[C]: in function 'xpcall'
	...im/site/pack/core/opt/noice.nvim/lua/noice/util/call.lua:149: in function 'try'
	...nvim/site/pack/core/opt/noice.nvim/lua/noice/ui/init.lua:88: in function 'ui_attach_cb'
	...nvim/site/pack/core/opt/noice.nvim/lua/noice/ui/init.lua:27: in function 'process_queue'
	...nvim/site/pack/core/opt/noice.nvim/lua/noice/ui/init.lua:138: in function <...nvim/site/pack/core/opt/noice.nvim/lua/noice/ui/init.lua:118>
	[C]: in function 'nvim_echo'
	.../nvim/site/pack/core/opt/blink.lib/lua/blink/lib/log.lua:187: in function <.../nvim/site/pack/core/opt/blink.lib/lua/blink/lib/log.lua:187>
	[C]: in function 'pcall'
	.../nvim/site/pack/core/opt/blink.lib/lua/blink/lib/log.lua:301: in function <.../nvim/site/pack/core/opt/blink.lib/lua/blink/lib/log.lua:299>
Lua callback: /usr/share/nvim/runtime/lua/vim/treesitter.lua:460: Parser could not be created for buffer 4067 and language "notify"
stack traceback:
	[C]: in function 'assert'
	/usr/share/nvim/runtime/lua/vim/treesitter.lua:460: in function 'start'
	...onfig/nvim/lua/config/ui/highlight/treesitter-config.lua:6: in function <...onfig/nvim/lua/config/ui/highlight/treesitter-config.lua:5>
	[C]: in function 'nvim_buf_set_option'
	.../core/opt/nvim-notify/lua/notify/service/buffer/init.lua:103: in function 'render'
	...te/pack/core/opt/nvim-notify/lua/notify/service/init.lua:53: in function 'push'
	...m/site/pack/core/opt/nvim-notify/lua/notify/instance.lua:132: in function <...m/site/pack/core/opt/nvim-notify/lua/notify/instance.lua:77>
	...ck/core/opt/noice.nvim/lua/noice/view/backend/notify.lua:168: in function '_notify'
	...ck/core/opt/noice.nvim/lua/noice/view/backend/notify.lua:198: in function 'show'
	...im/site/pack/core/opt/noice.nvim/lua/noice/view/init.lua:163: in function <...im/site/pack/core/opt/noice.nvim/lua/noice/view/init.lua:161>
	[C]: in function 'xpcall'
	...
	...te/pack/core/opt/noice.nvim/lua/noice/message/router.lua:214: in function <...te/pack/core/opt/noice.nvim/lua/noice/message/router.lua:147>
	[C]: in function 'xpcall'
	...im/site/pack/core/opt/noice.nvim/lua/noice/util/call.lua:149: in function 'try'
	...nvim/site/pack/core/opt/noice.nvim/lua/noice/ui/init.lua:88: in function 'ui_attach_cb'
	...nvim/site/pack/core/opt/noice.nvim/lua/noice/ui/init.lua:27: in function 'process_queue'
	...nvim/site/pack/core/opt/noice.nvim/lua/noice/ui/init.lua:138: in function <...nvim/site/pack/core/opt/noice.nvim/lua/noice/ui/init.lua:118>
	[C]: in function 'nvim_echo'
	.../nvim/site/pack/core/opt/blink.lib/lua/blink/lib/log.lua:187: in function <.../nvim/site/pack/core/opt/blink.lib/lua/blink/lib/log.lua:187>
	[C]: in function 'pcall'
	.../nvim/site/pack/core/opt/blink.lib/lua/blink/lib/log.lua:301: in function <.../nvim/site/pack/core/opt/blink.lib/lua/blink/lib/log.lua:299>
Lua callback: /usr/share/nvim/runtime/lua/vim/treesitter.lua:460: Parser could not be created for buffer 4068 and language "notify"
stack traceback:
	[C]: in function 'assert'
	/usr/share/nvim/runtime/lua/vim/treesitter.lua:460: in function 'start'
	...onfig/nvim/lua/config/ui/highlight/treesitter-config.lua:6: in function <...onfig/nvim/lua/config/ui/highlight/treesitter-config.lua:5>
	[C]: in function 'nvim_buf_set_option'
	.../core/opt/nvim-notify/lua/notify/service/buffer/init.lua:103: in function 'render'
	...te/pack/core/opt/nvim-notify/lua/notify/service/init.lua:53: in function 'push'
	...m/site/pack/core/opt/nvim-notify/lua/notify/instance.lua:132: in function <...m/site/pack/core/opt/nvim-notify/lua/notify/instance.lua:77>
	...ck/core/opt/noice.nvim/lua/noice/view/backend/notify.lua:168: in function '_notify'
	...ck/core/opt/noice.nvim/lua/noice/view/backend/notify.lua:198: in function 'show'
	...im/site/pack/core/opt/noice.nvim/lua/noice/view/init.lua:163: in function <...im/site/pack/core/opt/noice.nvim/lua/noice/view/init.lua:161>
	[C]: in function 'xpcall'
	...
	...te/pack/core/opt/noice.nvim/lua/noice/message/router.lua:214: in function <...te/pack/core/opt/noice.nvim/lua/noice/message/router.lua:147>
	[C]: in function 'xpcall'
	...im/site/pack/core/opt/noice.nvim/lua/noice/util/call.lua:149: in function 'try'
	...nvim/site/pack/core/opt/noice.nvim/lua/noice/ui/init.lua:88: in function 'ui_attach_cb'
	...nvim/site/pack/core/opt/noice.nvim/lua/noice/ui/init.lua:27: in function 'process_queue'
	...nvim/site/pack/core/opt/noice.nvim/lua/noice/ui/init.lua:138: in function <...nvim/site/pack/core/opt/noice.nvim/lua/noice/ui/init.lua:118>
	[C]: in function 'nvim_echo'
	.../nvim/site/pack/core/opt/blink.lib/lua/blink/lib/log.lua:187: in function <.../nvim/site/pack/core/opt/blink.lib/lua/blink/lib/log.lua:187>
	[C]: in function 'pcall'
	.../nvim/site/pack/core/opt/blink.lib/lua/blink/lib/log.lua:301: in function <.../nvim/site/pack/core/opt/blink.lib/lua/blink/lib/log.lua:299>
Lua callback: /usr/share/nvim/runtime/lua/vim/treesitter.lua:460: Parser could not be created for buffer 4069 and language "notify"
stack traceback:
	[C]: in function 'assert'
	/usr/share/nvim/runtime/lua/vim/treesitter.lua:460: in function 'start'
	...onfig/nvim/lua/config/ui/highlight/treesitter-config.lua:6: in function <...onfig/nvim/lua/config/ui/highlight/treesitter-config.lua:5>
	[C]: in function 'nvim_buf_set_option'
	.../core/opt/nvim-notify/lua/notify/service/buffer/init.lua:103: in function 'render'
	...te/pack/core/opt/nvim-notify/lua/notify/service/init.lua:53: in function 'push'
	...m/site/pack/core/opt/nvim-notify/lua/notify/instance.lua:132: in function <...m/site/pack/core/opt/nvim-notify/lua/notify/instance.lua:77>
	...ck/core/opt/noice.nvim/lua/noice/view/backend/notify.lua:168: in function '_notify'
	...ck/core/opt/noice.nvim/lua/noice/view/backend/notify.lua:198: in function 'show'
	...im/site/pack/core/opt/noice.nvim/lua/noice/view/init.lua:163: in function <...im/site/pack/core/opt/noice.nvim/lua/noice/view/init.lua:161>
	[C]: in function 'xpcall'
	...
	...te/pack/core/opt/noice.nvim/lua/noice/message/router.lua:214: in function <...te/pack/core/opt/noice.nvim/lua/noice/message/router.lua:147>
	[C]: in function 'xpcall'
	...im/site/pack/core/opt/noice.nvim/lua/noice/util/call.lua:149: in function 'try'
	...nvim/site/pack/core/opt/noice.nvim/lua/noice/ui/init.lua:88: in function 'ui_attach_cb'
	...nvim/site/pack/core/opt/noice.nvim/lua/noice/ui/init.lua:27: in function 'process_queue'
	...nvim/site/pack/core/opt/noice.nvim/lua/noice/ui/init.lua:138: in function <...nvim/site/pack/core/opt/noice.nvim/lua/noice/ui/init.lua:118>
	[C]: in function 'nvim_echo'
	.../nvim/site/pack/core/opt/blink.lib/lua/blink/lib/log.lua:187: in function <.../nvim/site/pack/core/opt/blink.lib/lua/blink/lib/log.lua:187>
	[C]: in function 'pcall'
	.../nvim/site/pack/core/opt/blink.lib/lua/blink/lib/log.lua:301: in function <.../nvim/site/pack/core/opt/blink.lib/lua/blink/lib/log.lua:299>
Lua callback: /usr/share/nvim/runtime/lua/vim/treesitter.lua:460: Parser could not be created for buffer 4070 and language "notify"
stack traceback:
	[C]: in function 'assert'
	/usr/share/nvim/runtime/lua/vim/treesitter.lua:460: in function 'start'
	...onfig/nvim/lua/config/ui/highlight/treesitter-config.lua:6: in function <...onfig/nvim/lua/config/ui/highlight/treesitter-config.lua:5>
	[C]: in function 'nvim_buf_set_option'
	.../core/opt/nvim-notify/lua/notify/service/buffer/init.lua:103: in function 'render'
	...te/pack/core/opt/nvim-notify/lua/notify/service/init.lua:53: in function 'push'
	...m/site/pack/core/opt/nvim-notify/lua/notify/instance.lua:132: in function <...m/site/pack/core/opt/nvim-notify/lua/notify/instance.lua:77>
	...ck/core/opt/noice.nvim/lua/noice/view/backend/notify.lua:168: in function '_notify'
	...ck/core/opt/noice.nvim/lua/noice/view/backend/notify.lua:198: in function 'show'
	...im/site/pack/core/opt/noice.nvim/lua/noice/view/init.lua:163: in function <...im/site/pack/core/opt/noice.nvim/lua/noice/view/init.lua:161>
	[C]: in function 'xpcall'
	...
	...te/pack/core/opt/noice.nvim/lua/noice/message/router.lua:214: in function <...te/pack/core/opt/noice.nvim/lua/noice/message/router.lua:147>
	[C]: in function 'xpcall'
	...im/site/pack/core/opt/noice.nvim/lua/noice/util/call.lua:149: in function 'try'
	...nvim/site/pack/core/opt/noice.nvim/lua/noice/ui/init.lua:88: in function 'ui_attach_cb'
	...nvim/site/pack/core/opt/noice.nvim/lua/noice/ui/init.lua:27: in function 'process_queue'
	...nvim/site/pack/core/opt/noice.nvim/lua/noice/ui/init.lua:138: in function <...nvim/site/pack/core/opt/noice.nvim/lua/noice/ui/init.lua:118>
	[C]: in function 'nvim_echo'
	.../nvim/site/pack/core/opt/blink.lib/lua/blink/lib/log.lua:187: in function <.../nvim/site/pack/core/opt/blink.lib/lua/blink/lib/log.lua:187>
	[C]: in function 'pcall'
	.../nvim/site/pack/core/opt/blink.lib/lua/blink/lib/log.lua:301: in function <.../nvim/site/pack/core/opt/blink.lib/lua/blink/lib/log.lua:299>
Lua callback: /usr/share/nvim/runtime/lua/vim/treesitter.lua:460: Parser could not be created for buffer 4071 and language "notify"
stack traceback:
	[C]: in function 'assert'
	/usr/share/nvim/runtime/lua/vim/treesitter.lua:460: in function 'start'
	...onfig/nvim/lua/config/ui/highlight/treesitter-config.lua:6: in function <...onfig/nvim/lua/config/ui/highlight/treesitter-config.lua:5>
	[C]: in function 'nvim_buf_set_option'
	.../core/opt/nvim-notify/lua/notify/service/buffer/init.lua:103: in function 'render'
	...te/pack/core/opt/nvim-notify/lua/notify/service/init.lua:53: in function 'push'
	...m/site/pack/core/opt/nvim-notify/lua/notify/instance.lua:132: in function <...m/site/pack/core/opt/nvim-notify/lua/notify/instance.lua:77>
	...ck/core/opt/noice.nvim/lua/noice/view/backend/notify.lua:168: in function '_notify'
	...ck/core/opt/noice.nvim/lua/noice/view/backend/notify.lua:198: in function 'show'
	...im/site/pack/core/opt/noice.nvim/lua/noice/view/init.lua:163: in function <...im/site/pack/core/opt/noice.nvim/lua/noice/view/init.lua:161>
	[C]: in function 'xpcall'
	...
	...te/pack/core/opt/noice.nvim/lua/noice/message/router.lua:214: in function <...te/pack/core/opt/noice.nvim/lua/noice/message/router.lua:147>
	[C]: in function 'xpcall'
	...im/site/pack/core/opt/noice.nvim/lua/noice/util/call.lua:149: in function 'try'
	...nvim/site/pack/core/opt/noice.nvim/lua/noice/ui/init.lua:88: in function 'ui_attach_cb'
	...nvim/site/pack/core/opt/noice.nvim/lua/noice/ui/init.lua:27: in function 'process_queue'
	...nvim/site/pack/core/opt/noice.nvim/lua/noice/ui/init.lua:138: in function <...nvim/site/pack/core/opt/noice.nvim/lua/noice/ui/init.lua:118>
	[C]: in function 'nvim_echo'
	.../nvim/site/pack/core/opt/blink.lib/lua/blink/lib/log.lua:187: in function <.../nvim/site/pack/core/opt/blink.lib/lua/blink/lib/log.lua:187>
	[C]: in function 'pcall'
	.../nvim/site/pack/core/opt/blink.lib/lua/blink/lib/log.lua:301: in function <.../nvim/site/pack/core/opt/blink.lib/lua/blink/lib/log.lua:299>
Lua callback: /usr/share/nvim/runtime/lua/vim/treesitter.lua:460: Parser could not be created for buffer 4072 and language "notify"
stack traceback:
	[C]: in function 'assert'
	/usr/share/nvim/runtime/lua/vim/treesitter.lua:460: in function 'start'
	...onfig/nvim/lua/config/ui/highlight/treesitter-config.lua:6: in function <...onfig/nvim/lua/config/ui/highlight/treesitter-config.lua:5>
	[C]: in function 'nvim_buf_set_option'
	.../core/opt/nvim-notify/lua/notify/service/buffer/init.lua:103: in function 'render'
	...te/pack/core/opt/nvim-notify/lua/notify/service/init.lua:53: in function 'push'
	...m/site/pack/core/opt/nvim-notify/lua/notify/instance.lua:132: in function <...m/site/pack/core/opt/nvim-notify/lua/notify/instance.lua:77>
	...ck/core/opt/noice.nvim/lua/noice/view/backend/notify.lua:168: in function '_notify'
	...ck/core/opt/noice.nvim/lua/noice/view/backend/notify.lua:198: in function 'show'
	...im/site/pack/core/opt/noice.nvim/lua/noice/view/init.lua:163: in function <...im/site/pack/core/opt/noice.nvim/lua/noice/view/init.lua:161>
	[C]: in function 'xpcall'
	...
	...te/pack/core/opt/noice.nvim/lua/noice/message/router.lua:214: in function <...te/pack/core/opt/noice.nvim/lua/noice/message/router.lua:147>
	[C]: in function 'xpcall'
	...im/site/pack/core/opt/noice.nvim/lua/noice/util/call.lua:149: in function 'try'
	...nvim/site/pack/core/opt/noice.nvim/lua/noice/ui/init.lua:88: in function 'ui_attach_cb'
	...nvim/site/pack/core/opt/noice.nvim/lua/noice/ui/init.lua:27: in function 'process_queue'
	...nvim/site/pack/core/opt/noice.nvim/lua/noice/ui/init.lua:138: in function <...nvim/site/pack/core/opt/noice.nvim/lua/noice/ui/init.lua:118>
	[C]: in function 'nvim_echo'
	.../nvim/site/pack/core/opt/blink.lib/lua/blink/lib/log.lua:187: in function <.../nvim/site/pack/core/opt/blink.lib/lua/blink/lib/log.lua:187>
	[C]: in function 'pcall'
	.../nvim/site/pack/core/opt/blink.lib/lua/blink/lib/log.lua:301: in function <.../nvim/site/pack/core/opt/blink.lib/lua/blink/lib/log.lua:299>
Lua callback: /usr/share/nvim/runtime/lua/vim/treesitter.lua:460: Parser could not be created for buffer 4073 and language "notify"
stack traceback:
	[C]: in function 'assert'
	/usr/share/nvim/runtime/lua/vim/treesitter.lua:460: in function 'start'
	...onfig/nvim/lua/config/ui/highlight/treesitter-config.lua:6: in function <...onfig/nvim/lua/config/ui/highlight/treesitter-config.lua:5>
	[C]: in function 'nvim_buf_set_option'
	.../core/opt/nvim-notify/lua/notify/service/buffer/init.lua:103: in function 'render'
	...te/pack/core/opt/nvim-notify/lua/notify/service/init.lua:53: in function 'push'
	...m/site/pack/core/opt/nvim-notify/lua/notify/instance.lua:132: in function <...m/site/pack/core/opt/nvim-notify/lua/notify/instance.lua:77>
	...ck/core/opt/noice.nvim/lua/noice/view/backend/notify.lua:168: in function '_notify'
	...ck/core/opt/noice.nvim/lua/noice/view/backend/notify.lua:198: in function 'show'
	...im/site/pack/core/opt/noice.nvim/lua/noice/view/init.lua:163: in function <...im/site/pack/core/opt/noice.nvim/lua/noice/view/init.lua:161>
	[C]: in function 'xpcall'
	...
	...te/pack/core/opt/noice.nvim/lua/noice/message/router.lua:214: in function <...te/pack/core/opt/noice.nvim/lua/noice/message/router.lua:147>
	[C]: in function 'xpcall'
	...im/site/pack/core/opt/noice.nvim/lua/noice/util/call.lua:149: in function 'try'
	...nvim/site/pack/core/opt/noice.nvim/lua/noice/ui/init.lua:88: in function 'ui_attach_cb'
	...nvim/site/pack/core/opt/noice.nvim/lua/noice/ui/init.lua:27: in function 'process_queue'
	...nvim/site/pack/core/opt/noice.nvim/lua/noice/ui/init.lua:138: in function <...nvim/site/pack/core/opt/noice.nvim/lua/noice/ui/init.lua:118>
	[C]: in function 'nvim_echo'
	.../nvim/site/pack/core/opt/blink.lib/lua/blink/lib/log.lua:187: in function <.../nvim/site/pack/core/opt/blink.lib/lua/blink/lib/log.lua:187>
	[C]: in function 'pcall'
	.../nvim/site/pack/core/opt/blink.lib/lua/blink/lib/log.lua:301: in function <.../nvim/site/pack/core/opt/blink.lib/lua/blink/lib/log.lua:299>
Lua callback: /usr/share/nvim/runtime/lua/vim/treesitter.lua:460: Parser could not be created for buffer 4074 and language "notify"
stack traceback:
	[C]: in function 'assert'
	/usr/share/nvim/runtime/lua/vim/treesitter.lua:460: in function 'start'
	...onfig/nvim/lua/config/ui/highlight/treesitter-config.lua:6: in function <...onfig/nvim/lua/config/ui/highlight/treesitter-config.lua:5>
	[C]: in function 'nvim_buf_set_option'
	.../core/opt/nvim-notify/lua/notify/service/buffer/init.lua:103: in function 'render'
	...te/pack/core/opt/nvim-notify/lua/notify/service/init.lua:53: in function 'push'
	...m/site/pack/core/opt/nvim-notify/lua/notify/instance.lua:132: in function <...m/site/pack/core/opt/nvim-notify/lua/notify/instance.lua:77>
	...ck/core/opt/noice.nvim/lua/noice/view/backend/notify.lua:168: in function '_notify'
	...ck/core/opt/noice.nvim/lua/noice/view/backend/notify.lua:198: in function 'show'
	...im/site/pack/core/opt/noice.nvim/lua/noice/view/init.lua:163: in function <...im/site/pack/core/opt/noice.nvim/lua/noice/view/init.lua:161>
	[C]: in function 'xpcall'
	...
	...te/pack/core/opt/noice.nvim/lua/noice/message/router.lua:214: in function <...te/pack/core/opt/noice.nvim/lua/noice/message/router.lua:147>
	[C]: in function 'xpcall'
	...im/site/pack/core/opt/noice.nvim/lua/noice/util/call.lua:149: in function 'try'
	...nvim/site/pack/core/opt/noice.nvim/lua/noice/ui/init.lua:88: in function 'ui_attach_cb'
	...nvim/site/pack/core/opt/noice.nvim/lua/noice/ui/init.lua:27: in function 'process_queue'
	...nvim/site/pack/core/opt/noice.nvim/lua/noice/ui/init.lua:138: in function <...nvim/site/pack/core/opt/noice.nvim/lua/noice/ui/init.lua:118>
	[C]: in function 'nvim_echo'
	.../nvim/site/pack/core/opt/blink.lib/lua/blink/lib/log.lua:187: in function <.../nvim/site/pack/core/opt/blink.lib/lua/blink/lib/log.lua:187>
	[C]: in function 'pcall'
	.../nvim/site/pack/core/opt/blink.lib/lua/blink/lib/log.lua:301: in function <.../nvim/site/pack/core/opt/blink.lib/lua/blink/lib/log.lua:299>
Lua callback: /usr/share/nvim/runtime/lua/vim/treesitter.lua:460: Parser could not be created for buffer 4075 and language "notify"
stack traceback:
	[C]: in function 'assert'
	/usr/share/nvim/runtime/lua/vim/treesitter.lua:460: in function 'start'
	...onfig/nvim/lua/config/ui/highlight/treesitter-config.lua:6: in function <...onfig/nvim/lua/config/ui/highlight/treesitter-config.lua:5>
	[C]: in function 'nvim_buf_set_option'
	.../core/opt/nvim-notify/lua/notify/service/buffer/init.lua:103: in function 'render'
	...te/pack/core/opt/nvim-notify/lua/notify/service/init.lua:53: in function 'push'
	...m/site/pack/core/opt/nvim-notify/lua/notify/instance.lua:132: in function <...m/site/pack/core/opt/nvim-notify/lua/notify/instance.lua:77>
	...ck/core/opt/noice.nvim/lua/noice/view/backend/notify.lua:168: in function '_notify'
	...ck/core/opt/noice.nvim/lua/noice/view/backend/notify.lua:198: in function 'show'
	...im/site/pack/core/opt/noice.nvim/lua/noice/view/init.lua:163: in function <...im/site/pack/core/opt/noice.nvim/lua/noice/view/init.lua:161>
	[C]: in function 'xpcall'
	...
	...te/pack/core/opt/noice.nvim/lua/noice/message/router.lua:214: in function <...te/pack/core/opt/noice.nvim/lua/noice/message/router.lua:147>
	[C]: in function 'xpcall'
	...im/site/pack/core/opt/noice.nvim/lua/noice/util/call.lua:149: in function 'try'
	...nvim/site/pack/core/opt/noice.nvim/lua/noice/ui/init.lua:88: in function 'ui_attach_cb'
	...nvim/site/pack/core/opt/noice.nvim/lua/noice/ui/init.lua:27: in function 'process_queue'
	...nvim/site/pack/core/opt/noice.nvim/lua/noice/ui/init.lua:138: in function <...nvim/site/pack/core/opt/noice.nvim/lua/noice/ui/init.lua:118>
	[C]: in function 'nvim_echo'
	.../nvim/site/pack/core/opt/blink.lib/lua/blink/lib/log.lua:187: in function <.../nvim/site/pack/core/opt/blink.lib/lua/blink/lib/log.lua:187>
	[C]: in function 'pcall'
	.../nvim/site/pack/core/opt/blink.lib/lua/blink/lib/log.lua:301: in function <.../nvim/site/pack/core/opt/blink.lib/lua/blink/lib/log.lua:299>
Lua callback: /usr/share/nvim/runtime/lua/vim/treesitter.lua:460: Parser could not be created for buffer 4076 and language "notify"
stack traceback:
	[C]: in function 'assert'
	/usr/share/nvim/runtime/lua/vim/treesitter.lua:460: in function 'start'
	...onfig/nvim/lua/config/ui/highlight/treesitter-config.lua:6: in function <...onfig/nvim/lua/config/ui/highlight/treesitter-config.lua:5>
	[C]: in function 'nvim_buf_set_option'
	.../core/opt/nvim-notify/lua/notify/service/buffer/init.lua:103: in function 'render'
	...te/pack/core/opt/nvim-notify/lua/notify/service/init.lua:53: in function 'push'
	...m/site/pack/core/opt/nvim-notify/lua/notify/instance.lua:132: in function <...m/site/pack/core/opt/nvim-notify/lua/notify/instance.lua:77>
	...ck/core/opt/noice.nvim/lua/noice/view/backend/notify.lua:168: in function '_notify'
	...ck/core/opt/noice.nvim/lua/noice/view/backend/notify.lua:198: in function 'show'
	...im/site/pack/core/opt/noice.nvim/lua/noice/view/init.lua:163: in function <...im/site/pack/core/opt/noice.nvim/lua/noice/view/init.lua:161>
	[C]: in function 'xpcall'
	...
	...te/pack/core/opt/noice.nvim/lua/noice/message/router.lua:214: in function <...te/pack/core/opt/noice.nvim/lua/noice/message/router.lua:147>
	[C]: in function 'xpcall'
	...im/site/pack/core/opt/noice.nvim/lua/noice/util/call.lua:149: in function 'try'
	...nvim/site/pack/core/opt/noice.nvim/lua/noice/ui/init.lua:88: in function 'ui_attach_cb'
	...nvim/site/pack/core/opt/noice.nvim/lua/noice/ui/init.lua:27: in function 'process_queue'
	...nvim/site/pack/core/opt/noice.nvim/lua/noice/ui/init.lua:138: in function <...nvim/site/pack/core/opt/noice.nvim/lua/noice/ui/init.lua:118>
	[C]: in function 'nvim_echo'
	.../nvim/site/pack/core/opt/blink.lib/lua/blink/lib/log.lua:187: in function <.../nvim/site/pack/core/opt/blink.lib/lua/blink/lib/log.lua:187>
	[C]: in function 'pcall'
	.../nvim/site/pack/core/opt/blink.lib/lua/blink/lib/log.lua:301: in function <.../nvim/site/pack/core/opt/blink.lib/lua/blink/lib/log.lua:299>
Lua callback: /usr/share/nvim/runtime/lua/vim/treesitter.lua:460: Parser could not be created for buffer 4077 and language "notify"
stack traceback:
	[C]: in function 'assert'
	/usr/share/nvim/runtime/lua/vim/treesitter.lua:460: in function 'start'
	...onfig/nvim/lua/config/ui/highlight/treesitter-config.lua:6: in function <...onfig/nvim/lua/config/ui/highlight/treesitter-config.lua:5>
	[C]: in function 'nvim_buf_set_option'
	.../core/opt/nvim-notify/lua/notify/service/buffer/init.lua:103: in function 'render'
	...te/pack/core/opt/nvim-notify/lua/notify/service/init.lua:53: in function 'push'
	...m/site/pack/core/opt/nvim-notify/lua/notify/instance.lua:132: in function <...m/site/pack/core/opt/nvim-notify/lua/notify/instance.lua:77>
	...ck/core/opt/noice.nvim/lua/noice/view/backend/notify.lua:168: in function '_notify'
	...ck/core/opt/noice.nvim/lua/noice/view/backend/notify.lua:198: in function 'show'
	...im/site/pack/core/opt/noice.nvim/lua/noice/view/init.lua:163: in function <...im/site/pack/core/opt/noice.nvim/lua/noice/view/init.lua:161>
	[C]: in function 'xpcall'
	...
	...te/pack/core/opt/noice.nvim/lua/noice/message/router.lua:214: in function <...te/pack/core/opt/noice.nvim/lua/noice/message/router.lua:147>
	[C]: in function 'xpcall'
	...im/site/pack/core/opt/noice.nvim/lua/noice/util/call.lua:149: in function 'try'
	...nvim/site/pack/core/opt/noice.nvim/lua/noice/ui/init.lua:88: in function 'ui_attach_cb'
	...nvim/site/pack/core/opt/noice.nvim/lua/noice/ui/init.lua:27: in function 'process_queue'
	...nvim/site/pack/core/opt/noice.nvim/lua/noice/ui/init.lua:138: in function <...nvim/site/pack/core/opt/noice.nvim/lua/noice/ui/init.lua:118>
	[C]: in function 'nvim_echo'
	.../nvim/site/pack/core/opt/blink.lib/lua/blink/lib/log.lua:187: in function <.../nvim/site/pack/core/opt/blink.lib/lua/blink/lib/log.lua:187>
	[C]: in function 'pcall'
	.../nvim/site/pack/core/opt/blink.lib/lua/blink/lib/log.lua:301: in function <.../nvim/site/pack/core/opt/blink.lib/lua/blink/lib/log.lua:299>
Lua callback: /usr/share/nvim/runtime/lua/vim/treesitter.lua:460: Parser could not be created for buffer 4078 and language "notify"
stack traceback:
	[C]: in function 'assert'
	/usr/share/nvim/runtime/lua/vim/treesitter.lua:460: in function 'start'
	...onfig/nvim/lua/config/ui/highlight/treesitter-config.lua:6: in function <...onfig/nvim/lua/config/ui/highlight/treesitter-config.lua:5>
	[C]: in function 'nvim_buf_set_option'
	.../core/opt/nvim-notify/lua/notify/service/buffer/init.lua:103: in function 'render'
	...te/pack/core/opt/nvim-notify/lua/notify/service/init.lua:53: in function 'push'
	...m/site/pack/core/opt/nvim-notify/lua/notify/instance.lua:132: in function <...m/site/pack/core/opt/nvim-notify/lua/notify/instance.lua:77>
	...ck/core/opt/noice.nvim/lua/noice/view/backend/notify.lua:168: in function '_notify'
	...ck/core/opt/noice.nvim/lua/noice/view/backend/notify.lua:198: in function 'show'
	...im/site/pack/core/opt/noice.nvim/lua/noice/view/init.lua:163: in function <...im/site/pack/core/opt/noice.nvim/lua/noice/view/init.lua:161>
	[C]: in function 'xpcall'
	...
	...te/pack/core/opt/noice.nvim/lua/noice/message/router.lua:214: in function <...te/pack/core/opt/noice.nvim/lua/noice/message/router.lua:147>
	[C]: in function 'xpcall'
	...im/site/pack/core/opt/noice.nvim/lua/noice/util/call.lua:149: in function 'try'
	...nvim/site/pack/core/opt/noice.nvim/lua/noice/ui/init.lua:88: in function 'ui_attach_cb'
	...nvim/site/pack/core/opt/noice.nvim/lua/noice/ui/init.lua:27: in function 'process_queue'
	...nvim/site/pack/core/opt/noice.nvim/lua/noice/ui/init.lua:138: in function <...nvim/site/pack/core/opt/noice.nvim/lua/noice/ui/init.lua:118>
	[C]: in function 'nvim_echo'
	.../nvim/site/pack/core/opt/blink.lib/lua/blink/lib/log.lua:187: in function <.../nvim/site/pack/core/opt/blink.lib/lua/blink/lib/log.lua:187>
	[C]: in function 'pcall'
	.../nvim/site/pack/core/opt/blink.lib/lua/blink/lib/log.lua:301: in function <.../nvim/site/pack/core/opt/blink.lib/lua/blink/lib/log.lua:299>
Lua callback: /usr/share/nvim/runtime/lua/vim/treesitter.lua:460: Parser could not be created for buffer 4079 and language "notify"
stack traceback:
	[C]: in function 'assert'
	/usr/share/nvim/runtime/lua/vim/treesitter.lua:460: in function 'start'
	...onfig/nvim/lua/config/ui/highlight/treesitter-config.lua:6: in function <...onfig/nvim/lua/config/ui/highlight/treesitter-config.lua:5>
	[C]: in function 'nvim_buf_set_option'
	.../core/opt/nvim-notify/lua/notify/service/buffer/init.lua:103: in function 'render'
	...te/pack/core/opt/nvim-notify/lua/notify/service/init.lua:53: in function 'push'
	...m/site/pack/core/opt/nvim-notify/lua/notify/instance.lua:132: in function <...m/site/pack/core/opt/nvim-notify/lua/notify/instance.lua:77>
	...ck/core/opt/noice.nvim/lua/noice/view/backend/notify.lua:168: in function '_notify'
	...ck/core/opt/noice.nvim/lua/noice/view/backend/notify.lua:198: in function 'show'
	...im/site/pack/core/opt/noice.nvim/lua/noice/view/init.lua:163: in function <...im/site/pack/core/opt/noice.nvim/lua/noice/view/init.lua:161>
	[C]: in function 'xpcall'
	...
	...te/pack/core/opt/noice.nvim/lua/noice/message/router.lua:214: in function <...te/pack/core/opt/noice.nvim/lua/noice/message/router.lua:147>
	[C]: in function 'xpcall'
	...im/site/pack/core/opt/noice.nvim/lua/noice/util/call.lua:149: in function 'try'
	...nvim/site/pack/core/opt/noice.nvim/lua/noice/ui/init.lua:88: in function 'ui_attach_cb'
	...nvim/site/pack/core/opt/noice.nvim/lua/noice/ui/init.lua:27: in function 'process_queue'
	...nvim/site/pack/core/opt/noice.nvim/lua/noice/ui/init.lua:138: in function <...nvim/site/pack/core/opt/noice.nvim/lua/noice/ui/init.lua:118>
	[C]: in function 'nvim_echo'
	.../nvim/site/pack/core/opt/blink.lib/lua/blink/lib/log.lua:187: in function <.../nvim/site/pack/core/opt/blink.lib/lua/blink/lib/log.lua:187>
	[C]: in function 'pcall'
	.../nvim/site/pack/core/opt/blink.lib/lua/blink/lib/log.lua:301: in function <.../nvim/site/pack/core/opt/blink.lib/lua/blink/lib/log.lua:299>
Lua callback: /usr/share/nvim/runtime/lua/vim/treesitter.lua:460: Parser could not be created for buffer 4080 and language "notify"
stack traceback:
	[C]: in function 'assert'
	/usr/share/nvim/runtime/lua/vim/treesitter.lua:460: in function 'start'
	...onfig/nvim/lua/config/ui/highlight/treesitter-config.lua:6: in function <...onfig/nvim/lua/config/ui/highlight/treesitter-config.lua:5>
	[C]: in function 'nvim_buf_set_option'
	.../core/opt/nvim-notify/lua/notify/service/buffer/init.lua:103: in function 'render'
	...te/pack/core/opt/nvim-notify/lua/notify/service/init.lua:53: in function 'push'
	...m/site/pack/core/opt/nvim-notify/lua/notify/instance.lua:132: in function <...m/site/pack/core/opt/nvim-notify/lua/notify/instance.lua:77>
	...ck/core/opt/noice.nvim/lua/noice/view/backend/notify.lua:168: in function '_notify'
	...ck/core/opt/noice.nvim/lua/noice/view/backend/notify.lua:198: in function 'show'
	...im/site/pack/core/opt/noice.nvim/lua/noice/view/init.lua:163: in function <...im/site/pack/core/opt/noice.nvim/lua/noice/view/init.lua:161>
	[C]: in function 'xpcall'
	...
	...te/pack/core/opt/noice.nvim/lua/noice/message/router.lua:214: in function <...te/pack/core/opt/noice.nvim/lua/noice/message/router.lua:147>
	[C]: in function 'xpcall'
	...im/site/pack/core/opt/noice.nvim/lua/noice/util/call.lua:149: in function 'try'
	...nvim/site/pack/core/opt/noice.nvim/lua/noice/ui/init.lua:88: in function 'ui_attach_cb'
	...nvim/site/pack/core/opt/noice.nvim/lua/noice/ui/init.lua:27: in function 'process_queue'
	...nvim/site/pack/core/opt/noice.nvim/lua/noice/ui/init.lua:138: in function <...nvim/site/pack/core/opt/noice.nvim/lua/noice/ui/init.lua:118>
	[C]: in function 'nvim_echo'
	.../nvim/site/pack/core/opt/blink.lib/lua/blink/lib/log.lua:187: in function <.../nvim/site/pack/core/opt/blink.lib/lua/blink/lib/log.lua:187>
	[C]: in function 'pcall'
	.../nvim/site/pack/core/opt/blink.lib/lua/blink/lib/log.lua:301: in function <.../nvim/site/pack/core/opt/blink.lib/lua/blink/lib/log.lua:299>
Lua callback: /usr/share/nvim/runtime/lua/vim/treesitter.lua:460: Parser could not be created for buffer 4081 and language "notify"
stack traceback:
	[C]: in function 'assert'
	/usr/share/nvim/runtime/lua/vim/treesitter.lua:460: in function 'start'
	...onfig/nvim/lua/config/ui/highlight/treesitter-config.lua:6: in function <...onfig/nvim/lua/config/ui/highlight/treesitter-config.lua:5>
	[C]: in function 'nvim_buf_set_option'
	.../core/opt/nvim-notify/lua/notify/service/buffer/init.lua:103: in function 'render'
	...te/pack/core/opt/nvim-notify/lua/notify/service/init.lua:53: in function 'push'
	...m/site/pack/core/opt/nvim-notify/lua/notify/instance.lua:132: in function <...m/site/pack/core/opt/nvim-notify/lua/notify/instance.lua:77>
	...ck/core/opt/noice.nvim/lua/noice/view/backend/notify.lua:168: in function '_notify'
	...ck/core/opt/noice.nvim/lua/noice/view/backend/notify.lua:198: in function 'show'
	...im/site/pack/core/opt/noice.nvim/lua/noice/view/init.lua:163: in function <...im/site/pack/core/opt/noice.nvim/lua/noice/view/init.lua:161>
	[C]: in function 'xpcall'
	...
	...te/pack/core/opt/noice.nvim/lua/noice/message/router.lua:214: in function <...te/pack/core/opt/noice.nvim/lua/noice/message/router.lua:147>
	[C]: in function 'xpcall'
	...im/site/pack/core/opt/noice.nvim/lua/noice/util/call.lua:149: in function 'try'
	...nvim/site/pack/core/opt/noice.nvim/lua/noice/ui/init.lua:88: in function 'ui_attach_cb'
	...nvim/site/pack/core/opt/noice.nvim/lua/noice/ui/init.lua:27: in function 'process_queue'
	...nvim/site/pack/core/opt/noice.nvim/lua/noice/ui/init.lua:138: in function <...nvim/site/pack/core/opt/noice.nvim/lua/noice/ui/init.lua:118>
	[C]: in function 'nvim_echo'
	.../nvim/site/pack/core/opt/blink.lib/lua/blink/lib/log.lua:187: in function <.../nvim/site/pack/core/opt/blink.lib/lua/blink/lib/log.lua:187>
	[C]: in function 'pcall'
	.../nvim/site/pack/core/opt/blink.lib/lua/blink/lib/log.lua:301: in function <.../nvim/site/pack/core/opt/blink.lib/lua/blink/lib/log.lua:299>
Lua callback: /usr/share/nvim/runtime/lua/vim/treesitter.lua:460: Parser could not be created for buffer 4082 and language "notify"
stack traceback:
	[C]: in function 'assert'
	/usr/share/nvim/runtime/lua/vim/treesitter.lua:460: in function 'start'
	...onfig/nvim/lua/config/ui/highlight/treesitter-config.lua:6: in function <...onfig/nvim/lua/config/ui/highlight/treesitter-config.lua:5>
	[C]: in function 'nvim_buf_set_option'
	.../core/opt/nvim-notify/lua/notify/service/buffer/init.lua:103: in function 'render'
	...te/pack/core/opt/nvim-notify/lua/notify/service/init.lua:53: in function 'push'
	...m/site/pack/core/opt/nvim-notify/lua/notify/instance.lua:132: in function <...m/site/pack/core/opt/nvim-notify/lua/notify/instance.lua:77>
	...ck/core/opt/noice.nvim/lua/noice/view/backend/notify.lua:168: in function '_notify'
	...ck/core/opt/noice.nvim/lua/noice/view/backend/notify.lua:198: in function 'show'
	...im/site/pack/core/opt/noice.nvim/lua/noice/view/init.lua:163: in function <...im/site/pack/core/opt/noice.nvim/lua/noice/view/init.lua:161>
	[C]: in function 'xpcall'
	...
	...te/pack/core/opt/noice.nvim/lua/noice/message/router.lua:214: in function <...te/pack/core/opt/noice.nvim/lua/noice/message/router.lua:147>
	[C]: in function 'xpcall'
	...im/site/pack/core/opt/noice.nvim/lua/noice/util/call.lua:149: in function 'try'
	...nvim/site/pack/core/opt/noice.nvim/lua/noice/ui/init.lua:88: in function 'ui_attach_cb'
	...nvim/site/pack/core/opt/noice.nvim/lua/noice/ui/init.lua:27: in function 'process_queue'
	...nvim/site/pack/core/opt/noice.nvim/lua/noice/ui/init.lua:138: in function <...nvim/site/pack/core/opt/noice.nvim/lua/noice/ui/init.lua:118>
	[C]: in function 'nvim_echo'
	.../nvim/site/pack/core/opt/blink.lib/lua/blink/lib/log.lua:187: in function <.../nvim/site/pack/core/opt/blink.lib/lua/blink/lib/log.lua:187>
	[C]: in function 'pcall'
	.../nvim/site/pack/core/opt/blink.lib/lua/blink/lib/log.lua:301: in function <.../nvim/site/pack/core/opt/blink.lib/lua/blink/lib/log.lua:299>
Lua callback: /usr/share/nvim/runtime/lua/vim/treesitter.lua:460: Parser could not be created for buffer 4083 and language "notify"
stack traceback:
	[C]: in function 'assert'
	/usr/share/nvim/runtime/lua/vim/treesitter.lua:460: in function 'start'
	...onfig/nvim/lua/config/ui/highlight/treesitter-config.lua:6: in function <...onfig/nvim/lua/config/ui/highlight/treesitter-config.lua:5>
	[C]: in function 'nvim_buf_set_option'
	.../core/opt/nvim-notify/lua/notify/service/buffer/init.lua:103: in function 'render'
	...te/pack/core/opt/nvim-notify/lua/notify/service/init.lua:53: in function 'push'
	...m/site/pack/core/opt/nvim-notify/lua/notify/instance.lua:132: in function <...m/site/pack/core/opt/nvim-notify/lua/notify/instance.lua:77>
	...ck/core/opt/noice.nvim/lua/noice/view/backend/notify.lua:168: in function '_notify'
	...ck/core/opt/noice.nvim/lua/noice/view/backend/notify.lua:198: in function 'show'
	...im/site/pack/core/opt/noice.nvim/lua/noice/view/init.lua:163: in function <...im/site/pack/core/opt/noice.nvim/lua/noice/view/init.lua:161>
	[C]: in function 'xpcall'
	...
	...te/pack/core/opt/noice.nvim/lua/noice/message/router.lua:214: in function <...te/pack/core/opt/noice.nvim/lua/noice/message/router.lua:147>
	[C]: in function 'xpcall'
	...im/site/pack/core/opt/noice.nvim/lua/noice/util/call.lua:149: in function 'try'
	...nvim/site/pack/core/opt/noice.nvim/lua/noice/ui/init.lua:88: in function 'ui_attach_cb'
	...nvim/site/pack/core/opt/noice.nvim/lua/noice/ui/init.lua:27: in function 'process_queue'
	...nvim/site/pack/core/opt/noice.nvim/lua/noice/ui/init.lua:138: in function <...nvim/site/pack/core/opt/noice.nvim/lua/noice/ui/init.lua:118>
	[C]: in function 'nvim_echo'
	.../nvim/site/pack/core/opt/blink.lib/lua/blink/lib/log.lua:187: in function <.../nvim/site/pack/core/opt/blink.lib/lua/blink/lib/log.lua:187>
	[C]: in function 'pcall'
	.../nvim/site/pack/core/opt/blink.lib/lua/blink/lib/log.lua:301: in function <.../nvim/site/pack/core/opt/blink.lib/lua/blink/lib/log.lua:299>
Lua callback: /usr/share/nvim/runtime/lua/vim/treesitter.lua:460: Parser could not be created for buffer 4084 and language "notify"
stack traceback:
	[C]: in function 'assert'
	/usr/share/nvim/runtime/lua/vim/treesitter.lua:460: in function 'start'
	...onfig/nvim/lua/config/ui/highlight/treesitter-config.lua:6: in function <...onfig/nvim/lua/config/ui/highlight/treesitter-config.lua:5>
	[C]: in function 'nvim_buf_set_option'
	.../core/opt/nvim-notify/lua/notify/service/buffer/init.lua:103: in function 'render'
	...te/pack/core/opt/nvim-notify/lua/notify/service/init.lua:53: in function 'push'
	...m/site/pack/core/opt/nvim-notify/lua/notify/instance.lua:132: in function <...m/site/pack/core/opt/nvim-notify/lua/notify/instance.lua:77>
	...ck/core/opt/noice.nvim/lua/noice/view/backend/notify.lua:168: in function '_notify'
	...ck/core/opt/noice.nvim/lua/noice/view/backend/notify.lua:198: in function 'show'
	...im/site/pack/core/opt/noice.nvim/lua/noice/view/init.lua:163: in function <...im/site/pack/core/opt/noice.nvim/lua/noice/view/init.lua:161>
	[C]: in function 'xpcall'
	...
	...te/pack/core/opt/noice.nvim/lua/noice/message/router.lua:214: in function <...te/pack/core/opt/noice.nvim/lua/noice/message/router.lua:147>
	[C]: in function 'xpcall'
	...im/site/pack/core/opt/noice.nvim/lua/noice/util/call.lua:149: in function 'try'
	...nvim/site/pack/core/opt/noice.nvim/lua/noice/ui/init.lua:88: in function 'ui_attach_cb'
	...nvim/site/pack/core/opt/noice.nvim/lua/noice/ui/init.lua:27: in function 'process_queue'
	...nvim/site/pack/core/opt/noice.nvim/lua/noice/ui/init.lua:138: in function <...nvim/site/pack/core/opt/noice.nvim/lua/noice/ui/init.lua:118>
	[C]: in function 'nvim_echo'
	.../nvim/site/pack/core/opt/blink.lib/lua/blink/lib/log.lua:187: in function <.../nvim/site/pack/core/opt/blink.lib/lua/blink/lib/log.lua:187>
	[C]: in function 'pcall'
	.../nvim/site/pack/core/opt/blink.lib/lua/blink/lib/log.lua:301: in function <.../nvim/site/pack/core/opt/blink.lib/lua/blink/lib/log.lua:299>
Lua callback: /usr/share/nvim/runtime/lua/vim/treesitter.lua:460: Parser could not be created for buffer 4085 and language "notify"
stack traceback:
	[C]: in function 'assert'
	/usr/share/nvim/runtime/lua/vim/treesitter.lua:460: in function 'start'
	...onfig/nvim/lua/config/ui/highlight/treesitter-config.lua:6: in function <...onfig/nvim/lua/config/ui/highlight/treesitter-config.lua:5>
	[C]: in function 'nvim_buf_set_option'
	.../core/opt/nvim-notify/lua/notify/service/buffer/init.lua:103: in function 'render'
	...te/pack/core/opt/nvim-notify/lua/notify/service/init.lua:53: in function 'push'
	...m/site/pack/core/opt/nvim-notify/lua/notify/instance.lua:132: in function <...m/site/pack/core/opt/nvim-notify/lua/notify/instance.lua:77>
	...ck/core/opt/noice.nvim/lua/noice/view/backend/notify.lua:168: in function '_notify'
	...ck/core/opt/noice.nvim/lua/noice/view/backend/notify.lua:198: in function 'show'
	...im/site/pack/core/opt/noice.nvim/lua/noice/view/init.lua:163: in function <...im/site/pack/core/opt/noice.nvim/lua/noice/view/init.lua:161>
	[C]: in function 'xpcall'
	...
	...te/pack/core/opt/noice.nvim/lua/noice/message/router.lua:214: in function <...te/pack/core/opt/noice.nvim/lua/noice/message/router.lua:147>
	[C]: in function 'xpcall'
	...im/site/pack/core/opt/noice.nvim/lua/noice/util/call.lua:149: in function 'try'
	...nvim/site/pack/core/opt/noice.nvim/lua/noice/ui/init.lua:88: in function 'ui_attach_cb'
	...nvim/site/pack/core/opt/noice.nvim/lua/noice/ui/init.lua:27: in function 'process_queue'
	...nvim/site/pack/core/opt/noice.nvim/lua/noice/ui/init.lua:138: in function <...nvim/site/pack/core/opt/noice.nvim/lua/noice/ui/init.lua:118>
	[C]: in function 'nvim_echo'
	.../nvim/site/pack/core/opt/blink.lib/lua/blink/lib/log.lua:187: in function <.../nvim/site/pack/core/opt/blink.lib/lua/blink/lib/log.lua:187>
	[C]: in function 'pcall'
	.../nvim/site/pack/core/opt/blink.lib/lua/blink/lib/log.lua:301: in function <.../nvim/site/pack/core/opt/blink.lib/lua/blink/lib/log.lua:299>
Lua callback: /usr/share/nvim/runtime/lua/vim/treesitter.lua:460: Parser could not be created for buffer 4086 and language "notify"
stack traceback:
	[C]: in function 'assert'
	/usr/share/nvim/runtime/lua/vim/treesitter.lua:460: in function 'start'
	...onfig/nvim/lua/config/ui/highlight/treesitter-config.lua:6: in function <...onfig/nvim/lua/config/ui/highlight/treesitter-config.lua:5>
	[C]: in function 'nvim_buf_set_option'
	.../core/opt/nvim-notify/lua/notify/service/buffer/init.lua:103: in function 'render'
	...te/pack/core/opt/nvim-notify/lua/notify/service/init.lua:53: in function 'push'
	...m/site/pack/core/opt/nvim-notify/lua/notify/instance.lua:132: in function <...m/site/pack/core/opt/nvim-notify/lua/notify/instance.lua:77>
	...ck/core/opt/noice.nvim/lua/noice/view/backend/notify.lua:168: in function '_notify'
	...ck/core/opt/noice.nvim/lua/noice/view/backend/notify.lua:198: in function 'show'
	...im/site/pack/core/opt/noice.nvim/lua/noice/view/init.lua:163: in function <...im/site/pack/core/opt/noice.nvim/lua/noice/view/init.lua:161>
	[C]: in function 'xpcall'
	...
	...te/pack/core/opt/noice.nvim/lua/noice/message/router.lua:214: in function <...te/pack/core/opt/noice.nvim/lua/noice/message/router.lua:147>
	[C]: in function 'xpcall'
	...im/site/pack/core/opt/noice.nvim/lua/noice/util/call.lua:149: in function 'try'
	...nvim/site/pack/core/opt/noice.nvim/lua/noice/ui/init.lua:88: in function 'ui_attach_cb'
	...nvim/site/pack/core/opt/noice.nvim/lua/noice/ui/init.lua:27: in function 'process_queue'
	...nvim/site/pack/core/opt/noice.nvim/lua/noice/ui/init.lua:138: in function <...nvim/site/pack/core/opt/noice.nvim/lua/noice/ui/init.lua:118>
	[C]: in function 'nvim_echo'
	.../nvim/site/pack/core/opt/blink.lib/lua/blink/lib/log.lua:187: in function <.../nvim/site/pack/core/opt/blink.lib/lua/blink/lib/log.lua:187>
	[C]: in function 'pcall'
	.../nvim/site/pack/core/opt/blink.lib/lua/blink/lib/log.lua:301: in function <.../nvim/site/pack/core/opt/blink.lib/lua/blink/lib/log.lua:299>
Lua callback: /usr/share/nvim/runtime/lua/vim/treesitter.lua:460: Parser could not be created for buffer 4087 and language "notify"
stack traceback:
	[C]: in function 'assert'
	/usr/share/nvim/runtime/lua/vim/treesitter.lua:460: in function 'start'
	...onfig/nvim/lua/config/ui/highlight/treesitter-config.lua:6: in function <...onfig/nvim/lua/config/ui/highlight/treesitter-config.lua:5>
	[C]: in function 'nvim_buf_set_option'
	.../core/opt/nvim-notify/lua/notify/service/buffer/init.lua:103: in function 'render'
	...te/pack/core/opt/nvim-notify/lua/notify/service/init.lua:53: in function 'push'
	...m/site/pack/core/opt/nvim-notify/lua/notify/instance.lua:132: in function <...m/site/pack/core/opt/nvim-notify/lua/notify/instance.lua:77>
	...ck/core/opt/noice.nvim/lua/noice/view/backend/notify.lua:168: in function '_notify'
	...ck/core/opt/noice.nvim/lua/noice/view/backend/notify.lua:198: in function 'show'
	...im/site/pack/core/opt/noice.nvim/lua/noice/view/init.lua:163: in function <...im/site/pack/core/opt/noice.nvim/lua/noice/view/init.lua:161>
	[C]: in function 'xpcall'
	...
	...te/pack/core/opt/noice.nvim/lua/noice/message/router.lua:214: in function <...te/pack/core/opt/noice.nvim/lua/noice/message/router.lua:147>
	[C]: in function 'xpcall'
	...im/site/pack/core/opt/noice.nvim/lua/noice/util/call.lua:149: in function 'try'
	...nvim/site/pack/core/opt/noice.nvim/lua/noice/ui/init.lua:88: in function 'ui_attach_cb'
	...nvim/site/pack/core/opt/noice.nvim/lua/noice/ui/init.lua:27: in function 'process_queue'
	...nvim/site/pack/core/opt/noice.nvim/lua/noice/ui/init.lua:138: in function <...nvim/site/pack/core/opt/noice.nvim/lua/noice/ui/init.lua:118>
	[C]: in function 'nvim_echo'
	.../nvim/site/pack/core/opt/blink.lib/lua/blink/lib/log.lua:187: in function <.../nvim/site/pack/core/opt/blink.lib/lua/blink/lib/log.lua:187>
	[C]: in function 'pcall'
	.../nvim/site/pack/core/opt/blink.lib/lua/blink/lib/log.lua:301: in function <.../nvim/site/pack/core/opt/blink.lib/lua/blink/lib/log.lua:299>
Lua callback: /usr/share/nvim/runtime/lua/vim/treesitter.lua:460: Parser could not be created for buffer 4088 and language "notify"
stack traceback:
	[C]: in function 'assert'
	/usr/share/nvim/runtime/lua/vim/treesitter.lua:460: in function 'start'
	...onfig/nvim/lua/config/ui/highlight/treesitter-config.lua:6: in function <...onfig/nvim/lua/config/ui/highlight/treesitter-config.lua:5>
	[C]: in function 'nvim_buf_set_option'
	.../core/opt/nvim-notify/lua/notify/service/buffer/init.lua:103: in function 'render'
	...te/pack/core/opt/nvim-notify/lua/notify/service/init.lua:53: in function 'push'
	...m/site/pack/core/opt/nvim-notify/lua/notify/instance.lua:132: in function <...m/site/pack/core/opt/nvim-notify/lua/notify/instance.lua:77>
	...ck/core/opt/noice.nvim/lua/noice/view/backend/notify.lua:168: in function '_notify'
	...ck/core/opt/noice.nvim/lua/noice/view/backend/notify.lua:198: in function 'show'
	...im/site/pack/core/opt/noice.nvim/lua/noice/view/init.lua:163: in function <...im/site/pack/core/opt/noice.nvim/lua/noice/view/init.lua:161>
	[C]: in function 'xpcall'
	...
	...te/pack/core/opt/noice.nvim/lua/noice/message/router.lua:214: in function <...te/pack/core/opt/noice.nvim/lua/noice/message/router.lua:147>
	[C]: in function 'xpcall'
	...im/site/pack/core/opt/noice.nvim/lua/noice/util/call.lua:149: in function 'try'
	...nvim/site/pack/core/opt/noice.nvim/lua/noice/ui/init.lua:88: in function 'ui_attach_cb'
	...nvim/site/pack/core/opt/noice.nvim/lua/noice/ui/init.lua:27: in function 'process_queue'
	...nvim/site/pack/core/opt/noice.nvim/lua/noice/ui/init.lua:138: in function <...nvim/site/pack/core/opt/noice.nvim/lua/noice/ui/init.lua:118>
	[C]: in function 'nvim_echo'
	.../nvim/site/pack/core/opt/blink.lib/lua/blink/lib/log.lua:187: in function <.../nvim/site/pack/core/opt/blink.lib/lua/blink/lib/log.lua:187>
	[C]: in function 'pcall'
	.../nvim/site/pack/core/opt/blink.lib/lua/blink/lib/log.lua:301: in function <.../nvim/site/pack/core/opt/blink.lib/lua/blink/lib/log.lua:299>
Lua callback: /usr/share/nvim/runtime/lua/vim/treesitter.lua:460: Parser could not be created for buffer 4089 and language "notify"
stack traceback:
	[C]: in function 'assert'
	/usr/share/nvim/runtime/lua/vim/treesitter.lua:460: in function 'start'
	...onfig/nvim/lua/config/ui/highlight/treesitter-config.lua:6: in function <...onfig/nvim/lua/config/ui/highlight/treesitter-config.lua:5>
	[C]: in function 'nvim_buf_set_option'
	.../core/opt/nvim-notify/lua/notify/service/buffer/init.lua:103: in function 'render'
	...te/pack/core/opt/nvim-notify/lua/notify/service/init.lua:53: in function 'push'
	...m/site/pack/core/opt/nvim-notify/lua/notify/instance.lua:132: in function <...m/site/pack/core/opt/nvim-notify/lua/notify/instance.lua:77>
	...ck/core/opt/noice.nvim/lua/noice/view/backend/notify.lua:168: in function '_notify'
	...ck/core/opt/noice.nvim/lua/noice/view/backend/notify.lua:198: in function 'show'
	...im/site/pack/core/opt/noice.nvim/lua/noice/view/init.lua:163: in function <...im/site/pack/core/opt/noice.nvim/lua/noice/view/init.lua:161>
	[C]: in function 'xpcall'
	...
	...te/pack/core/opt/noice.nvim/lua/noice/message/router.lua:214: in function <...te/pack/core/opt/noice.nvim/lua/noice/message/router.lua:147>
	[C]: in function 'xpcall'
	...im/site/pack/core/opt/noice.nvim/lua/noice/util/call.lua:149: in function 'try'
	...nvim/site/pack/core/opt/noice.nvim/lua/noice/ui/init.lua:88: in function 'ui_attach_cb'
	...nvim/site/pack/core/opt/noice.nvim/lua/noice/ui/init.lua:27: in function 'process_queue'
	...nvim/site/pack/core/opt/noice.nvim/lua/noice/ui/init.lua:138: in function <...nvim/site/pack/core/opt/noice.nvim/lua/noice/ui/init.lua:118>
	[C]: in function 'nvim_echo'
	.../nvim/site/pack/core/opt/blink.lib/lua/blink/lib/log.lua:187: in function <.../nvim/site/pack/core/opt/blink.lib/lua/blink/lib/log.lua:187>
	[C]: in function 'pcall'
	.../nvim/site/pack/core/opt/blink.lib/lua/blink/lib/log.lua:301: in function <.../nvim/site/pack/core/opt/blink.lib/lua/blink/lib/log.lua:299>
Lua callback: /usr/share/nvim/runtime/lua/vim/treesitter.lua:460: Parser could not be created for buffer 4090 and language "notify"
stack traceback:
	[C]: in function 'assert'
	/usr/share/nvim/runtime/lua/vim/treesitter.lua:460: in function 'start'
	...onfig/nvim/lua/config/ui/highlight/treesitter-config.lua:6: in function <...onfig/nvim/lua/config/ui/highlight/treesitter-config.lua:5>
	[C]: in function 'nvim_buf_set_option'
	.../core/opt/nvim-notify/lua/notify/service/buffer/init.lua:103: in function 'render'
	...te/pack/core/opt/nvim-notify/lua/notify/service/init.lua:53: in function 'push'
	...m/site/pack/core/opt/nvim-notify/lua/notify/instance.lua:132: in function <...m/site/pack/core/opt/nvim-notify/lua/notify/instance.lua:77>
	...ck/core/opt/noice.nvim/lua/noice/view/backend/notify.lua:168: in function '_notify'
	...ck/core/opt/noice.nvim/lua/noice/view/backend/notify.lua:198: in function 'show'
	...im/site/pack/core/opt/noice.nvim/lua/noice/view/init.lua:163: in function <...im/site/pack/core/opt/noice.nvim/lua/noice/view/init.lua:161>
	[C]: in function 'xpcall'
	...
	...te/pack/core/opt/noice.nvim/lua/noice/message/router.lua:214: in function <...te/pack/core/opt/noice.nvim/lua/noice/message/router.lua:147>
	[C]: in function 'xpcall'
	...im/site/pack/core/opt/noice.nvim/lua/noice/util/call.lua:149: in function 'try'
	...nvim/site/pack/core/opt/noice.nvim/lua/noice/ui/init.lua:88: in function 'ui_attach_cb'
	...nvim/site/pack/core/opt/noice.nvim/lua/noice/ui/init.lua:27: in function 'process_queue'
	...nvim/site/pack/core/opt/noice.nvim/lua/noice/ui/init.lua:138: in function <...nvim/site/pack/core/opt/noice.nvim/lua/noice/ui/init.lua:118>
	[C]: in function 'nvim_echo'
	.../nvim/site/pack/core/opt/blink.lib/lua/blink/lib/log.lua:187: in function <.../nvim/site/pack/core/opt/blink.lib/lua/blink/lib/log.lua:187>
	[C]: in function 'pcall'
	.../nvim/site/pack/core/opt/blink.lib/lua/blink/lib/log.lua:301: in function <.../nvim/site/pack/core/opt/blink.lib/lua/blink/lib/log.lua:299>
Lua callback: /usr/share/nvim/runtime/lua/vim/treesitter.lua:460: Parser could not be created for buffer 4091 and language "notify"
stack traceback:
	[C]: in function 'assert'
	/usr/share/nvim/runtime/lua/vim/treesitter.lua:460: in function 'start'
	...onfig/nvim/lua/config/ui/highlight/treesitter-config.lua:6: in function <...onfig/nvim/lua/config/ui/highlight/treesitter-config.lua:5>
	[C]: in function 'nvim_buf_set_option'
	.../core/opt/nvim-notify/lua/notify/service/buffer/init.lua:103: in function 'render'
	...te/pack/core/opt/nvim-notify/lua/notify/service/init.lua:53: in function 'push'
	...m/site/pack/core/opt/nvim-notify/lua/notify/instance.lua:132: in function <...m/site/pack/core/opt/nvim-notify/lua/notify/instance.lua:77>
	...ck/core/opt/noice.nvim/lua/noice/view/backend/notify.lua:168: in function '_notify'
	...ck/core/opt/noice.nvim/lua/noice/view/backend/notify.lua:198: in function 'show'
	...im/site/pack/core/opt/noice.nvim/lua/noice/view/init.lua:163: in function <...im/site/pack/core/opt/noice.nvim/lua/noice/view/init.lua:161>
	[C]: in function 'xpcall'
	...
	...te/pack/core/opt/noice.nvim/lua/noice/message/router.lua:214: in function <...te/pack/core/opt/noice.nvim/lua/noice/message/router.lua:147>
	[C]: in function 'xpcall'
	...im/site/pack/core/opt/noice.nvim/lua/noice/util/call.lua:149: in function 'try'
	...nvim/site/pack/core/opt/noice.nvim/lua/noice/ui/init.lua:88: in function 'ui_attach_cb'
	...nvim/site/pack/core/opt/noice.nvim/lua/noice/ui/init.lua:27: in function 'process_queue'
	...nvim/site/pack/core/opt/noice.nvim/lua/noice/ui/init.lua:138: in function <...nvim/site/pack/core/opt/noice.nvim/lua/noice/ui/init.lua:118>
	[C]: in function 'nvim_echo'
	.../nvim/site/pack/core/opt/blink.lib/lua/blink/lib/log.lua:187: in function <.../nvim/site/pack/core/opt/blink.lib/lua/blink/lib/log.lua:187>
	[C]: in function 'pcall'
	.../nvim/site/pack/core/opt/blink.lib/lua/blink/lib/log.lua:301: in function <.../nvim/site/pack/core/opt/blink.lib/lua/blink/lib/log.lua:299>
Lua callback: /usr/share/nvim/runtime/lua/vim/treesitter.lua:460: Parser could not be created for buffer 4092 and language "notify"
stack traceback:
	[C]: in function 'assert'
	/usr/share/nvim/runtime/lua/vim/treesitter.lua:460: in function 'start'
	...onfig/nvim/lua/config/ui/highlight/treesitter-config.lua:6: in function <...onfig/nvim/lua/config/ui/highlight/treesitter-config.lua:5>
	[C]: in function 'nvim_buf_set_option'
	.../core/opt/nvim-notify/lua/notify/service/buffer/init.lua:103: in function 'render'
	...te/pack/core/opt/nvim-notify/lua/notify/service/init.lua:53: in function 'push'
	...m/site/pack/core/opt/nvim-notify/lua/notify/instance.lua:132: in function <...m/site/pack/core/opt/nvim-notify/lua/notify/instance.lua:77>
	...ck/core/opt/noice.nvim/lua/noice/view/backend/notify.lua:168: in function '_notify'
	...ck/core/opt/noice.nvim/lua/noice/view/backend/notify.lua:198: in function 'show'
	...im/site/pack/core/opt/noice.nvim/lua/noice/view/init.lua:163: in function <...im/site/pack/core/opt/noice.nvim/lua/noice/view/init.lua:161>
	[C]: in function 'xpcall'
	...
	...te/pack/core/opt/noice.nvim/lua/noice/message/router.lua:214: in function <...te/pack/core/opt/noice.nvim/lua/noice/message/router.lua:147>
	[C]: in function 'xpcall'
	...im/site/pack/core/opt/noice.nvim/lua/noice/util/call.lua:149: in function 'try'
	...nvim/site/pack/core/opt/noice.nvim/lua/noice/ui/init.lua:88: in function 'ui_attach_cb'
	...nvim/site/pack/core/opt/noice.nvim/lua/noice/ui/init.lua:27: in function 'process_queue'
	...nvim/site/pack/core/opt/noice.nvim/lua/noice/ui/init.lua:138: in function <...nvim/site/pack/core/opt/noice.nvim/lua/noice/ui/init.lua:118>
	[C]: in function 'nvim_echo'
	.../nvim/site/pack/core/opt/blink.lib/lua/blink/lib/log.lua:187: in function <.../nvim/site/pack/core/opt/blink.lib/lua/blink/lib/log.lua:187>
	[C]: in function 'pcall'
	.../nvim/site/pack/core/opt/blink.lib/lua/blink/lib/log.lua:301: in function <.../nvim/site/pack/core/opt/blink.lib/lua/blink/lib/log.lua:299>
Lua callback: /usr/share/nvim/runtime/lua/vim/treesitter.lua:460: Parser could not be created for buffer 4093 and language "notify"
stack traceback:
	[C]: in function 'assert'
	/usr/share/nvim/runtime/lua/vim/treesitter.lua:460: in function 'start'
	...onfig/nvim/lua/config/ui/highlight/treesitter-config.lua:6: in function <...onfig/nvim/lua/config/ui/highlight/treesitter-config.lua:5>
	[C]: in function 'nvim_buf_set_option'
	.../core/opt/nvim-notify/lua/notify/service/buffer/init.lua:103: in function 'render'
	...te/pack/core/opt/nvim-notify/lua/notify/service/init.lua:53: in function 'push'
	...m/site/pack/core/opt/nvim-notify/lua/notify/instance.lua:132: in function <...m/site/pack/core/opt/nvim-notify/lua/notify/instance.lua:77>
	...ck/core/opt/noice.nvim/lua/noice/view/backend/notify.lua:168: in function '_notify'
	...ck/core/opt/noice.nvim/lua/noice/view/backend/notify.lua:198: in function 'show'
	...im/site/pack/core/opt/noice.nvim/lua/noice/view/init.lua:163: in function <...im/site/pack/core/opt/noice.nvim/lua/noice/view/init.lua:161>
	[C]: in function 'xpcall'
	...
	...te/pack/core/opt/noice.nvim/lua/noice/message/router.lua:214: in function <...te/pack/core/opt/noice.nvim/lua/noice/message/router.lua:147>
	[C]: in function 'xpcall'
	...im/site/pack/core/opt/noice.nvim/lua/noice/util/call.lua:149: in function 'try'
	...nvim/site/pack/core/opt/noice.nvim/lua/noice/ui/init.lua:88: in function 'ui_attach_cb'
	...nvim/site/pack/core/opt/noice.nvim/lua/noice/ui/init.lua:27: in function 'process_queue'
	...nvim/site/pack/core/opt/noice.nvim/lua/noice/ui/init.lua:138: in function <...nvim/site/pack/core/opt/noice.nvim/lua/noice/ui/init.lua:118>
	[C]: in function 'nvim_echo'
	.../nvim/site/pack/core/opt/blink.lib/lua/blink/lib/log.lua:187: in function <.../nvim/site/pack/core/opt/blink.lib/lua/blink/lib/log.lua:187>
	[C]: in function 'pcall'
	.../nvim/site/pack/core/opt/blink.lib/lua/blink/lib/log.lua:301: in function <.../nvim/site/pack/core/opt/blink.lib/lua/blink/lib/log.lua:299>
Lua callback: /usr/share/nvim/runtime/lua/vim/treesitter.lua:460: Parser could not be created for buffer 4094 and language "notify"
stack traceback:
	[C]: in function 'assert'
	/usr/share/nvim/runtime/lua/vim/treesitter.lua:460: in function 'start'
	...onfig/nvim/lua/config/ui/highlight/treesitter-config.lua:6: in function <...onfig/nvim/lua/config/ui/highlight/treesitter-config.lua:5>
	[C]: in function 'nvim_buf_set_option'
	.../core/opt/nvim-notify/lua/notify/service/buffer/init.lua:103: in function 'render'
	...te/pack/core/opt/nvim-notify/lua/notify/service/init.lua:53: in function 'push'
	...m/site/pack/core/opt/nvim-notify/lua/notify/instance.lua:132: in function <...m/site/pack/core/opt/nvim-notify/lua/notify/instance.lua:77>
	...ck/core/opt/noice.nvim/lua/noice/view/backend/notify.lua:168: in function '_notify'
	...ck/core/opt/noice.nvim/lua/noice/view/backend/notify.lua:198: in function 'show'
	...im/site/pack/core/opt/noice.nvim/lua/noice/view/init.lua:163: in function <...im/site/pack/core/opt/noice.nvim/lua/noice/view/init.lua:161>
	[C]: in function 'xpcall'
	...
	...te/pack/core/opt/noice.nvim/lua/noice/message/router.lua:214: in function <...te/pack/core/opt/noice.nvim/lua/noice/message/router.lua:147>
	[C]: in function 'xpcall'
	...im/site/pack/core/opt/noice.nvim/lua/noice/util/call.lua:149: in function 'try'
	...nvim/site/pack/core/opt/noice.nvim/lua/noice/ui/init.lua:88: in function 'ui_attach_cb'
	...nvim/site/pack/core/opt/noice.nvim/lua/noice/ui/init.lua:27: in function 'process_queue'
	...nvim/site/pack/core/opt/noice.nvim/lua/noice/ui/init.lua:138: in function <...nvim/site/pack/core/opt/noice.nvim/lua/noice/ui/init.lua:118>
	[C]: in function 'nvim_echo'
	.../nvim/site/pack/core/opt/blink.lib/lua/blink/lib/log.lua:187: in function <.../nvim/site/pack/core/opt/blink.lib/lua/blink/lib/log.lua:187>
	[C]: in function 'pcall'
	.../nvim/site/pack/core/opt/blink.lib/lua/blink/lib/log.lua:301: in function <.../nvim/site/pack/core/opt/blink.lib/lua/blink/lib/log.lua:299>
Lua callback: /usr/share/nvim/runtime/lua/vim/treesitter.lua:460: Parser could not be created for buffer 4095 and language "notify"
stack traceback:
	[C]: in function 'assert'
	/usr/share/nvim/runtime/lua/vim/treesitter.lua:460: in function 'start'
	...onfig/nvim/lua/config/ui/highlight/treesitter-config.lua:6: in function <...onfig/nvim/lua/config/ui/highlight/treesitter-config.lua:5>
	[C]: in function 'nvim_buf_set_option'
	.../core/opt/nvim-notify/lua/notify/service/buffer/init.lua:103: in function 'render'
	...te/pack/core/opt/nvim-notify/lua/notify/service/init.lua:53: in function 'push'
	...m/site/pack/core/opt/nvim-notify/lua/notify/instance.lua:132: in function <...m/site/pack/core/opt/nvim-notify/lua/notify/instance.lua:77>
	...ck/core/opt/noice.nvim/lua/noice/view/backend/notify.lua:168: in function '_notify'
	...ck/core/opt/noice.nvim/lua/noice/view/backend/notify.lua:198: in function 'show'
	...im/site/pack/core/opt/noice.nvim/lua/noice/view/init.lua:163: in function <...im/site/pack/core/opt/noice.nvim/lua/noice/view/init.lua:161>
	[C]: in function 'xpcall'
	...
	...te/pack/core/opt/noice.nvim/lua/noice/message/router.lua:214: in function <...te/pack/core/opt/noice.nvim/lua/noice/message/router.lua:147>
	[C]: in function 'xpcall'
	...im/site/pack/core/opt/noice.nvim/lua/noice/util/call.lua:149: in function 'try'
	...nvim/site/pack/core/opt/noice.nvim/lua/noice/ui/init.lua:88: in function 'ui_attach_cb'
	...nvim/site/pack/core/opt/noice.nvim/lua/noice/ui/init.lua:27: in function 'process_queue'
	...nvim/site/pack/core/opt/noice.nvim/lua/noice/ui/init.lua:138: in function <...nvim/site/pack/core/opt/noice.nvim/lua/noice/ui/init.lua:118>
	[C]: in function 'nvim_echo'
	.../nvim/site/pack/core/opt/blink.lib/lua/blink/lib/log.lua:187: in function <.../nvim/site/pack/core/opt/blink.lib/lua/blink/lib/log.lua:187>
	[C]: in function 'pcall'
	.../nvim/site/pack/core/opt/blink.lib/lua/blink/lib/log.lua:301: in function <.../nvim/site/pack/core/opt/blink.lib/lua/blink/lib/log.lua:299>
Lua callback: /usr/share/nvim/runtime/lua/vim/treesitter.lua:460: Parser could not be created for buffer 4096 and language "notify"
stack traceback:
	[C]: in function 'assert'
	/usr/share/nvim/runtime/lua/vim/treesitter.lua:460: in function 'start'
	...onfig/nvim/lua/config/ui/highlight/treesitter-config.lua:6: in function <...onfig/nvim/lua/config/ui/highlight/treesitter-config.lua:5>
	[C]: in function 'nvim_buf_set_option'
	.../core/opt/nvim-notify/lua/notify/service/buffer/init.lua:103: in function 'render'
	...te/pack/core/opt/nvim-notify/lua/notify/service/init.lua:53: in function 'push'
	...m/site/pack/core/opt/nvim-notify/lua/notify/instance.lua:132: in function <...m/site/pack/core/opt/nvim-notify/lua/notify/instance.lua:77>
	...ck/core/opt/noice.nvim/lua/noice/view/backend/notify.lua:168: in function '_notify'
	...ck/core/opt/noice.nvim/lua/noice/view/backend/notify.lua:198: in function 'show'
	...im/site/pack/core/opt/noice.nvim/lua/noice/view/init.lua:163: in function <...im/site/pack/core/opt/noice.nvim/lua/noice/view/init.lua:161>
	[C]: in function 'xpcall'
	...
	...te/pack/core/opt/noice.nvim/lua/noice/message/router.lua:214: in function <...te/pack/core/opt/noice.nvim/lua/noice/message/router.lua:147>
	[C]: in function 'xpcall'
	...im/site/pack/core/opt/noice.nvim/lua/noice/util/call.lua:149: in function 'try'
	...nvim/site/pack/core/opt/noice.nvim/lua/noice/ui/init.lua:88: in function 'ui_attach_cb'
	...nvim/site/pack/core/opt/noice.nvim/lua/noice/ui/init.lua:27: in function 'process_queue'
	...nvim/site/pack/core/opt/noice.nvim/lua/noice/ui/init.lua:138: in function <...nvim/site/pack/core/opt/noice.nvim/lua/noice/ui/init.lua:118>
	[C]: in function 'nvim_echo'
	.../nvim/site/pack/core/opt/blink.lib/lua/blink/lib/log.lua:187: in function <.../nvim/site/pack/core/opt/blink.lib/lua/blink/lib/log.lua:187>
	[C]: in function 'pcall'
	.../nvim/site/pack/core/opt/blink.lib/lua/blink/lib/log.lua:301: in function <.../nvim/site/pack/core/opt/blink.lib/lua/blink/lib/log.lua:299>
Lua callback: /usr/share/nvim/runtime/lua/vim/treesitter.lua:460: Parser could not be created for buffer 4097 and language "notify"
stack traceback:
	[C]: in function 'assert'
	/usr/share/nvim/runtime/lua/vim/treesitter.lua:460: in function 'start'
	...onfig/nvim/lua/config/ui/highlight/treesitter-config.lua:6: in function <...onfig/nvim/lua/config/ui/highlight/treesitter-config.lua:5>
	[C]: in function 'nvim_buf_set_option'
	.../core/opt/nvim-notify/lua/notify/service/buffer/init.lua:103: in function 'render'
	...te/pack/core/opt/nvim-notify/lua/notify/service/init.lua:53: in function 'push'
	...m/site/pack/core/opt/nvim-notify/lua/notify/instance.lua:132: in function <...m/site/pack/core/opt/nvim-notify/lua/notify/instance.lua:77>
	...ck/core/opt/noice.nvim/lua/noice/view/backend/notify.lua:168: in function '_notify'
	...ck/core/opt/noice.nvim/lua/noice/view/backend/notify.lua:198: in function 'show'
	...im/site/pack/core/opt/noice.nvim/lua/noice/view/init.lua:163: in function <...im/site/pack/core/opt/noice.nvim/lua/noice/view/init.lua:161>
	[C]: in function 'xpcall'
	...
	...te/pack/core/opt/noice.nvim/lua/noice/message/router.lua:214: in function <...te/pack/core/opt/noice.nvim/lua/noice/message/router.lua:147>
	[C]: in function 'xpcall'
	...im/site/pack/core/opt/noice.nvim/lua/noice/util/call.lua:149: in function 'try'
	...nvim/site/pack/core/opt/noice.nvim/lua/noice/ui/init.lua:88: in function 'ui_attach_cb'
	...nvim/site/pack/core/opt/noice.nvim/lua/noice/ui/init.lua:27: in function 'process_queue'
	...nvim/site/pack/core/opt/noice.nvim/lua/noice/ui/init.lua:138: in function <...nvim/site/pack/core/opt/noice.nvim/lua/noice/ui/init.lua:118>
	[C]: in function 'nvim_echo'
	.../nvim/site/pack/core/opt/blink.lib/lua/blink/lib/log.lua:187: in function <.../nvim/site/pack/core/opt/blink.lib/lua/blink/lib/log.lua:187>
	[C]: in function 'pcall'
	.../nvim/site/pack/core/opt/blink.lib/lua/blink/lib/log.lua:301: in function <.../nvim/site/pack/core/opt/blink.lib/lua/blink/lib/log.lua:299>
Lua callback: /usr/share/nvim/runtime/lua/vim/treesitter.lua:460: Parser could not be created for buffer 4098 and language "notify"
stack traceback:
	[C]: in function 'assert'
	/usr/share/nvim/runtime/lua/vim/treesitter.lua:460: in function 'start'
	...onfig/nvim/lua/config/ui/highlight/treesitter-config.lua:6: in function <...onfig/nvim/lua/config/ui/highlight/treesitter-config.lua:5>
	[C]: in function 'nvim_buf_set_option'
	.../core/opt/nvim-notify/lua/notify/service/buffer/init.lua:103: in function 'render'
	...te/pack/core/opt/nvim-notify/lua/notify/service/init.lua:53: in function 'push'
	...m/site/pack/core/opt/nvim-notify/lua/notify/instance.lua:132: in function <...m/site/pack/core/opt/nvim-notify/lua/notify/instance.lua:77>
	...ck/core/opt/noice.nvim/lua/noice/view/backend/notify.lua:168: in function '_notify'
	...ck/core/opt/noice.nvim/lua/noice/view/backend/notify.lua:198: in function 'show'
	...im/site/pack/core/opt/noice.nvim/lua/noice/view/init.lua:163: in function <...im/site/pack/core/opt/noice.nvim/lua/noice/view/init.lua:161>
	[C]: in function 'xpcall'
	...
	...te/pack/core/opt/noice.nvim/lua/noice/message/router.lua:214: in function <...te/pack/core/opt/noice.nvim/lua/noice/message/router.lua:147>
	[C]: in function 'xpcall'
	...im/site/pack/core/opt/noice.nvim/lua/noice/util/call.lua:149: in function 'try'
	...nvim/site/pack/core/opt/noice.nvim/lua/noice/ui/init.lua:88: in function 'ui_attach_cb'
	...nvim/site/pack/core/opt/noice.nvim/lua/noice/ui/init.lua:27: in function 'process_queue'
	...nvim/site/pack/core/opt/noice.nvim/lua/noice/ui/init.lua:138: in function <...nvim/site/pack/core/opt/noice.nvim/lua/noice/ui/init.lua:118>
	[C]: in function 'nvim_echo'
	.../nvim/site/pack/core/opt/blink.lib/lua/blink/lib/log.lua:187: in function <.../nvim/site/pack/core/opt/blink.lib/lua/blink/lib/log.lua:187>
	[C]: in function 'pcall'
	.../nvim/site/pack/core/opt/blink.lib/lua/blink/lib/log.lua:301: in function <.../nvim/site/pack/core/opt/blink.lib/lua/blink/lib/log.lua:299>
Lua callback: /usr/share/nvim/runtime/lua/vim/treesitter.lua:460: Parser could not be created for buffer 4099 and language "notify"
stack traceback:
	[C]: in function 'assert'
	/usr/share/nvim/runtime/lua/vim/treesitter.lua:460: in function 'start'
	...onfig/nvim/lua/config/ui/highlight/treesitter-config.lua:6: in function <...onfig/nvim/lua/config/ui/highlight/treesitter-config.lua:5>
	[C]: in function 'nvim_buf_set_option'
	.../core/opt/nvim-notify/lua/notify/service/buffer/init.lua:103: in function 'render'
	...te/pack/core/opt/nvim-notify/lua/notify/service/init.lua:53: in function 'push'
	...m/site/pack/core/opt/nvim-notify/lua/notify/instance.lua:132: in function <...m/site/pack/core/opt/nvim-notify/lua/notify/instance.lua:77>
	...ck/core/opt/noice.nvim/lua/noice/view/backend/notify.lua:168: in function '_notify'
	...ck/core/opt/noice.nvim/lua/noice/view/backend/notify.lua:198: in function 'show'
	...im/site/pack/core/opt/noice.nvim/lua/noice/view/init.lua:163: in function <...im/site/pack/core/opt/noice.nvim/lua/noice/view/init.lua:161>
	[C]: in function 'xpcall'
	...
	...te/pack/core/opt/noice.nvim/lua/noice/message/router.lua:214: in function <...te/pack/core/opt/noice.nvim/lua/noice/message/router.lua:147>
	[C]: in function 'xpcall'
	...im/site/pack/core/opt/noice.nvim/lua/noice/util/call.lua:149: in function 'try'
	...nvim/site/pack/core/opt/noice.nvim/lua/noice/ui/init.lua:88: in function 'ui_attach_cb'
	...nvim/site/pack/core/opt/noice.nvim/lua/noice/ui/init.lua:27: in function 'process_queue'
	...nvim/site/pack/core/opt/noice.nvim/lua/noice/ui/init.lua:138: in function <...nvim/site/pack/core/opt/noice.nvim/lua/noice/ui/init.lua:118>
	[C]: in function 'nvim_echo'
	.../nvim/site/pack/core/opt/blink.lib/lua/blink/lib/log.lua:187: in function <.../nvim/site/pack/core/opt/blink.lib/lua/blink/lib/log.lua:187>
	[C]: in function 'pcall'
	.../nvim/site/pack/core/opt/blink.lib/lua/blink/lib/log.lua:301: in function <.../nvim/site/pack/core/opt/blink.lib/lua/blink/lib/log.lua:299>
Lua callback: /usr/share/nvim/runtime/lua/vim/treesitter.lua:460: Parser could not be created for buffer 4100 and language "notify"
stack traceback:
	[C]: in function 'assert'
	/usr/share/nvim/runtime/lua/vim/treesitter.lua:460: in function 'start'
	...onfig/nvim/lua/config/ui/highlight/treesitter-config.lua:6: in function <...onfig/nvim/lua/config/ui/highlight/treesitter-config.lua:5>
	[C]: in function 'nvim_buf_set_option'
	.../core/opt/nvim-notify/lua/notify/service/buffer/init.lua:103: in function 'render'
	...te/pack/core/opt/nvim-notify/lua/notify/service/init.lua:53: in function 'push'
	...m/site/pack/core/opt/nvim-notify/lua/notify/instance.lua:132: in function <...m/site/pack/core/opt/nvim-notify/lua/notify/instance.lua:77>
	...ck/core/opt/noice.nvim/lua/noice/view/backend/notify.lua:168: in function '_notify'
	...ck/core/opt/noice.nvim/lua/noice/view/backend/notify.lua:198: in function 'show'
	...im/site/pack/core/opt/noice.nvim/lua/noice/view/init.lua:163: in function <...im/site/pack/core/opt/noice.nvim/lua/noice/view/init.lua:161>
	[C]: in function 'xpcall'
	...
	...te/pack/core/opt/noice.nvim/lua/noice/message/router.lua:214: in function <...te/pack/core/opt/noice.nvim/lua/noice/message/router.lua:147>
	[C]: in function 'xpcall'
	...im/site/pack/core/opt/noice.nvim/lua/noice/util/call.lua:149: in function 'try'
	...nvim/site/pack/core/opt/noice.nvim/lua/noice/ui/init.lua:88: in function 'ui_attach_cb'
	...nvim/site/pack/core/opt/noice.nvim/lua/noice/ui/init.lua:27: in function 'process_queue'
	...nvim/site/pack/core/opt/noice.nvim/lua/noice/ui/init.lua:138: in function <...nvim/site/pack/core/opt/noice.nvim/lua/noice/ui/init.lua:118>
	[C]: in function 'nvim_echo'
	.../nvim/site/pack/core/opt/blink.lib/lua/blink/lib/log.lua:187: in function <.../nvim/site/pack/core/opt/blink.lib/lua/blink/lib/log.lua:187>
	[C]: in function 'pcall'
	.../nvim/site/pack/core/opt/blink.lib/lua/blink/lib/log.lua:301: in function <.../nvim/site/pack/core/opt/blink.lib/lua/blink/lib/log.lua:299>
Lua callback: /usr/share/nvim/runtime/lua/vim/treesitter.lua:460: Parser could not be created for buffer 4101 and language "notify"
stack traceback:
	[C]: in function 'assert'
	/usr/share/nvim/runtime/lua/vim/treesitter.lua:460: in function 'start'
	...onfig/nvim/lua/config/ui/highlight/treesitter-config.lua:6: in function <...onfig/nvim/lua/config/ui/highlight/treesitter-config.lua:5>
	[C]: in function 'nvim_buf_set_option'
	.../core/opt/nvim-notify/lua/notify/service/buffer/init.lua:103: in function 'render'
	...te/pack/core/opt/nvim-notify/lua/notify/service/init.lua:53: in function 'push'
	...m/site/pack/core/opt/nvim-notify/lua/notify/instance.lua:132: in function <...m/site/pack/core/opt/nvim-notify/lua/notify/instance.lua:77>
	...ck/core/opt/noice.nvim/lua/noice/view/backend/notify.lua:168: in function '_notify'
	...ck/core/opt/noice.nvim/lua/noice/view/backend/notify.lua:198: in function 'show'
	...im/site/pack/core/opt/noice.nvim/lua/noice/view/init.lua:163: in function <...im/site/pack/core/opt/noice.nvim/lua/noice/view/init.lua:161>
	[C]: in function 'xpcall'
	...
	...te/pack/core/opt/noice.nvim/lua/noice/message/router.lua:214: in function <...te/pack/core/opt/noice.nvim/lua/noice/message/router.lua:147>
	[C]: in function 'xpcall'
	...im/site/pack/core/opt/noice.nvim/lua/noice/util/call.lua:149: in function 'try'
	...nvim/site/pack/core/opt/noice.nvim/lua/noice/ui/init.lua:88: in function 'ui_attach_cb'
	...nvim/site/pack/core/opt/noice.nvim/lua/noice/ui/init.lua:27: in function 'process_queue'
	...nvim/site/pack/core/opt/noice.nvim/lua/noice/ui/init.lua:138: in function <...nvim/site/pack/core/opt/noice.nvim/lua/noice/ui/init.lua:118>
	[C]: in function 'nvim_echo'
	.../nvim/site/pack/core/opt/blink.lib/lua/blink/lib/log.lua:187: in function <.../nvim/site/pack/core/opt/blink.lib/lua/blink/lib/log.lua:187>
	[C]: in function 'pcall'
	.../nvim/site/pack/core/opt/blink.lib/lua/blink/lib/log.lua:301: in function <.../nvim/site/pack/core/opt/blink.lib/lua/blink/lib/log.lua:299>
Lua callback: /usr/share/nvim/runtime/lua/vim/treesitter.lua:460: Parser could not be created for buffer 4102 and language "notify"
stack traceback:
	[C]: in function 'assert'
	/usr/share/nvim/runtime/lua/vim/treesitter.lua:460: in function 'start'
	...onfig/nvim/lua/config/ui/highlight/treesitter-config.lua:6: in function <...onfig/nvim/lua/config/ui/highlight/treesitter-config.lua:5>
	[C]: in function 'nvim_buf_set_option'
	.../core/opt/nvim-notify/lua/notify/service/buffer/init.lua:103: in function 'render'
	...te/pack/core/opt/nvim-notify/lua/notify/service/init.lua:53: in function 'push'
	...m/site/pack/core/opt/nvim-notify/lua/notify/instance.lua:132: in function <...m/site/pack/core/opt/nvim-notify/lua/notify/instance.lua:77>
	...ck/core/opt/noice.nvim/lua/noice/view/backend/notify.lua:168: in function '_notify'
	...ck/core/opt/noice.nvim/lua/noice/view/backend/notify.lua:198: in function 'show'
	...im/site/pack/core/opt/noice.nvim/lua/noice/view/init.lua:163: in function <...im/site/pack/core/opt/noice.nvim/lua/noice/view/init.lua:161>
	[C]: in function 'xpcall'
	...
	...te/pack/core/opt/noice.nvim/lua/noice/message/router.lua:214: in function <...te/pack/core/opt/noice.nvim/lua/noice/message/router.lua:147>
	[C]: in function 'xpcall'
	...im/site/pack/core/opt/noice.nvim/lua/noice/util/call.lua:149: in function 'try'
	...nvim/site/pack/core/opt/noice.nvim/lua/noice/ui/init.lua:88: in function 'ui_attach_cb'
	...nvim/site/pack/core/opt/noice.nvim/lua/noice/ui/init.lua:27: in function 'process_queue'
	...nvim/site/pack/core/opt/noice.nvim/lua/noice/ui/init.lua:138: in function <...nvim/site/pack/core/opt/noice.nvim/lua/noice/ui/init.lua:118>
	[C]: in function 'nvim_echo'
	.../nvim/site/pack/core/opt/blink.lib/lua/blink/lib/log.lua:187: in function <.../nvim/site/pack/core/opt/blink.lib/lua/blink/lib/log.lua:187>
	[C]: in function 'pcall'
	.../nvim/site/pack/core/opt/blink.lib/lua/blink/lib/log.lua:301: in function <.../nvim/site/pack/core/opt/blink.lib/lua/blink/lib/log.lua:299>
Lua callback: /usr/share/nvim/runtime/lua/vim/treesitter.lua:460: Parser could not be created for buffer 4103 and language "notify"
stack traceback:
	[C]: in function 'assert'
	/usr/share/nvim/runtime/lua/vim/treesitter.lua:460: in function 'start'
	...onfig/nvim/lua/config/ui/highlight/treesitter-config.lua:6: in function <...onfig/nvim/lua/config/ui/highlight/treesitter-config.lua:5>
	[C]: in function 'nvim_buf_set_option'
	.../core/opt/nvim-notify/lua/notify/service/buffer/init.lua:103: in function 'render'
	...te/pack/core/opt/nvim-notify/lua/notify/service/init.lua:53: in function 'push'
	...m/site/pack/core/opt/nvim-notify/lua/notify/instance.lua:132: in function <...m/site/pack/core/opt/nvim-notify/lua/notify/instance.lua:77>
	...ck/core/opt/noice.nvim/lua/noice/view/backend/notify.lua:168: in function '_notify'
	...ck/core/opt/noice.nvim/lua/noice/view/backend/notify.lua:198: in function 'show'
	...im/site/pack/core/opt/noice.nvim/lua/noice/view/init.lua:163: in function <...im/site/pack/core/opt/noice.nvim/lua/noice/view/init.lua:161>
	[C]: in function 'xpcall'
	...
	...te/pack/core/opt/noice.nvim/lua/noice/message/router.lua:214: in function <...te/pack/core/opt/noice.nvim/lua/noice/message/router.lua:147>
	[C]: in function 'xpcall'
	...im/site/pack/core/opt/noice.nvim/lua/noice/util/call.lua:149: in function 'try'
	...nvim/site/pack/core/opt/noice.nvim/lua/noice/ui/init.lua:88: in function 'ui_attach_cb'
	...nvim/site/pack/core/opt/noice.nvim/lua/noice/ui/init.lua:27: in function 'process_queue'
	...nvim/site/pack/core/opt/noice.nvim/lua/noice/ui/init.lua:138: in function <...nvim/site/pack/core/opt/noice.nvim/lua/noice/ui/init.lua:118>
	[C]: in function 'nvim_echo'
	.../nvim/site/pack/core/opt/blink.lib/lua/blink/lib/log.lua:187: in function <.../nvim/site/pack/core/opt/blink.lib/lua/blink/lib/log.lua:187>
	[C]: in function 'pcall'
	.../nvim/site/pack/core/opt/blink.lib/lua/blink/lib/log.lua:301: in function <.../nvim/site/pack/core/opt/blink.lib/lua/blink/lib/log.lua:299>
Lua callback: /usr/share/nvim/runtime/lua/vim/treesitter.lua:460: Parser could not be created for buffer 4104 and language "notify"
stack traceback:
	[C]: in function 'assert'
	/usr/share/nvim/runtime/lua/vim/treesitter.lua:460: in function 'start'
	...onfig/nvim/lua/config/ui/highlight/treesitter-config.lua:6: in function <...onfig/nvim/lua/config/ui/highlight/treesitter-config.lua:5>
	[C]: in function 'nvim_buf_set_option'
	.../core/opt/nvim-notify/lua/notify/service/buffer/init.lua:103: in function 'render'
	...te/pack/core/opt/nvim-notify/lua/notify/service/init.lua:53: in function 'push'
	...m/site/pack/core/opt/nvim-notify/lua/notify/instance.lua:132: in function <...m/site/pack/core/opt/nvim-notify/lua/notify/instance.lua:77>
	...ck/core/opt/noice.nvim/lua/noice/view/backend/notify.lua:168: in function '_notify'
	...ck/core/opt/noice.nvim/lua/noice/view/backend/notify.lua:198: in function 'show'
	...im/site/pack/core/opt/noice.nvim/lua/noice/view/init.lua:163: in function <...im/site/pack/core/opt/noice.nvim/lua/noice/view/init.lua:161>
	[C]: in function 'xpcall'
	...
	...te/pack/core/opt/noice.nvim/lua/noice/message/router.lua:214: in function <...te/pack/core/opt/noice.nvim/lua/noice/message/router.lua:147>
	[C]: in function 'xpcall'
	...im/site/pack/core/opt/noice.nvim/lua/noice/util/call.lua:149: in function 'try'
	...nvim/site/pack/core/opt/noice.nvim/lua/noice/ui/init.lua:88: in function 'ui_attach_cb'
	...nvim/site/pack/core/opt/noice.nvim/lua/noice/ui/init.lua:27: in function 'process_queue'
	...nvim/site/pack/core/opt/noice.nvim/lua/noice/ui/init.lua:138: in function <...nvim/site/pack/core/opt/noice.nvim/lua/noice/ui/init.lua:118>
	[C]: in function 'nvim_echo'
	.../nvim/site/pack/core/opt/blink.lib/lua/blink/lib/log.lua:187: in function <.../nvim/site/pack/core/opt/blink.lib/lua/blink/lib/log.lua:187>
	[C]: in function 'pcall'
	.../nvim/site/pack/core/opt/blink.lib/lua/blink/lib/log.lua:301: in function <.../nvim/site/pack/core/opt/blink.lib/lua/blink/lib/log.lua:299>
Lua callback: /usr/share/nvim/runtime/lua/vim/treesitter.lua:460: Parser could not be created for buffer 4105 and language "notify"
stack traceback:
	[C]: in function 'assert'
	/usr/share/nvim/runtime/lua/vim/treesitter.lua:460: in function 'start'
	...onfig/nvim/lua/config/ui/highlight/treesitter-config.lua:6: in function <...onfig/nvim/lua/config/ui/highlight/treesitter-config.lua:5>
	[C]: in function 'nvim_buf_set_option'
	.../core/opt/nvim-notify/lua/notify/service/buffer/init.lua:103: in function 'render'
	...te/pack/core/opt/nvim-notify/lua/notify/service/init.lua:53: in function 'push'
	...m/site/pack/core/opt/nvim-notify/lua/notify/instance.lua:132: in function <...m/site/pack/core/opt/nvim-notify/lua/notify/instance.lua:77>
	...ck/core/opt/noice.nvim/lua/noice/view/backend/notify.lua:168: in function '_notify'
	...ck/core/opt/noice.nvim/lua/noice/view/backend/notify.lua:198: in function 'show'
	...im/site/pack/core/opt/noice.nvim/lua/noice/view/init.lua:163: in function <...im/site/pack/core/opt/noice.nvim/lua/noice/view/init.lua:161>
	[C]: in function 'xpcall'
	...
	...te/pack/core/opt/noice.nvim/lua/noice/message/router.lua:214: in function <...te/pack/core/opt/noice.nvim/lua/noice/message/router.lua:147>
	[C]: in function 'xpcall'
	...im/site/pack/core/opt/noice.nvim/lua/noice/util/call.lua:149: in function 'try'
	...nvim/site/pack/core/opt/noice.nvim/lua/noice/ui/init.lua:88: in function 'ui_attach_cb'
	...nvim/site/pack/core/opt/noice.nvim/lua/noice/ui/init.lua:27: in function 'process_queue'
	...nvim/site/pack/core/opt/noice.nvim/lua/noice/ui/init.lua:138: in function <...nvim/site/pack/core/opt/noice.nvim/lua/noice/ui/init.lua:118>
	[C]: in function 'nvim_echo'
	.../nvim/site/pack/core/opt/blink.lib/lua/blink/lib/log.lua:187: in function <.../nvim/site/pack/core/opt/blink.lib/lua/blink/lib/log.lua:187>
	[C]: in function 'pcall'
	.../nvim/site/pack/core/opt/blink.lib/lua/blink/lib/log.lua:301: in function <.../nvim/site/pack/core/opt/blink.lib/lua/blink/lib/log.lua:299>
Lua callback: /usr/share/nvim/runtime/lua/vim/treesitter.lua:460: Parser could not be created for buffer 4106 and language "notify"
stack traceback:
	[C]: in function 'assert'
	/usr/share/nvim/runtime/lua/vim/treesitter.lua:460: in function 'start'
	...onfig/nvim/lua/config/ui/highlight/treesitter-config.lua:6: in function <...onfig/nvim/lua/config/ui/highlight/treesitter-config.lua:5>
	[C]: in function 'nvim_buf_set_option'
	.../core/opt/nvim-notify/lua/notify/service/buffer/init.lua:103: in function 'render'
	...te/pack/core/opt/nvim-notify/lua/notify/service/init.lua:53: in function 'push'
	...m/site/pack/core/opt/nvim-notify/lua/notify/instance.lua:132: in function <...m/site/pack/core/opt/nvim-notify/lua/notify/instance.lua:77>
	...ck/core/opt/noice.nvim/lua/noice/view/backend/notify.lua:168: in function '_notify'
	...ck/core/opt/noice.nvim/lua/noice/view/backend/notify.lua:198: in function 'show'
	...im/site/pack/core/opt/noice.nvim/lua/noice/view/init.lua:163: in function <...im/site/pack/core/opt/noice.nvim/lua/noice/view/init.lua:161>
	[C]: in function 'xpcall'
	...
	...te/pack/core/opt/noice.nvim/lua/noice/message/router.lua:214: in function <...te/pack/core/opt/noice.nvim/lua/noice/message/router.lua:147>
	[C]: in function 'xpcall'
	...im/site/pack/core/opt/noice.nvim/lua/noice/util/call.lua:149: in function 'try'
	...nvim/site/pack/core/opt/noice.nvim/lua/noice/ui/init.lua:88: in function 'ui_attach_cb'
	...nvim/site/pack/core/opt/noice.nvim/lua/noice/ui/init.lua:27: in function 'process_queue'
	...nvim/site/pack/core/opt/noice.nvim/lua/noice/ui/init.lua:138: in function <...nvim/site/pack/core/opt/noice.nvim/lua/noice/ui/init.lua:118>
	[C]: in function 'nvim_echo'
	.../nvim/site/pack/core/opt/blink.lib/lua/blink/lib/log.lua:187: in function <.../nvim/site/pack/core/opt/blink.lib/lua/blink/lib/log.lua:187>
	[C]: in function 'pcall'
	.../nvim/site/pack/core/opt/blink.lib/lua/blink/lib/log.lua:301: in function <.../nvim/site/pack/core/opt/blink.lib/lua/blink/lib/log.lua:299>
Lua callback: /usr/share/nvim/runtime/lua/vim/treesitter.lua:460: Parser could not be created for buffer 4107 and language "notify"
stack traceback:
	[C]: in function 'assert'
	/usr/share/nvim/runtime/lua/vim/treesitter.lua:460: in function 'start'
	...onfig/nvim/lua/config/ui/highlight/treesitter-config.lua:6: in function <...onfig/nvim/lua/config/ui/highlight/treesitter-config.lua:5>
	[C]: in function 'nvim_buf_set_option'
	.../core/opt/nvim-notify/lua/notify/service/buffer/init.lua:103: in function 'render'
	...te/pack/core/opt/nvim-notify/lua/notify/service/init.lua:53: in function 'push'
	...m/site/pack/core/opt/nvim-notify/lua/notify/instance.lua:132: in function <...m/site/pack/core/opt/nvim-notify/lua/notify/instance.lua:77>
	...ck/core/opt/noice.nvim/lua/noice/view/backend/notify.lua:168: in function '_notify'
	...ck/core/opt/noice.nvim/lua/noice/view/backend/notify.lua:198: in function 'show'
	...im/site/pack/core/opt/noice.nvim/lua/noice/view/init.lua:163: in function <...im/site/pack/core/opt/noice.nvim/lua/noice/view/init.lua:161>
	[C]: in function 'xpcall'
	...
	...te/pack/core/opt/noice.nvim/lua/noice/message/router.lua:214: in function <...te/pack/core/opt/noice.nvim/lua/noice/message/router.lua:147>
	[C]: in function 'xpcall'
	...im/site/pack/core/opt/noice.nvim/lua/noice/util/call.lua:149: in function 'try'
	...nvim/site/pack/core/opt/noice.nvim/lua/noice/ui/init.lua:88: in function 'ui_attach_cb'
	...nvim/site/pack/core/opt/noice.nvim/lua/noice/ui/init.lua:27: in function 'process_queue'
	...nvim/site/pack/core/opt/noice.nvim/lua/noice/ui/init.lua:138: in function <...nvim/site/pack/core/opt/noice.nvim/lua/noice/ui/init.lua:118>
	[C]: in function 'nvim_echo'
	.../nvim/site/pack/core/opt/blink.lib/lua/blink/lib/log.lua:187: in function <.../nvim/site/pack/core/opt/blink.lib/lua/blink/lib/log.lua:187>
	[C]: in function 'pcall'
	.../nvim/site/pack/core/opt/blink.lib/lua/blink/lib/log.lua:301: in function <.../nvim/site/pack/core/opt/blink.lib/lua/blink/lib/log.lua:299>
Lua callback: /usr/share/nvim/runtime/lua/vim/treesitter.lua:460: Parser could not be created for buffer 4108 and language "notify"
stack traceback:
	[C]: in function 'assert'
	/usr/share/nvim/runtime/lua/vim/treesitter.lua:460: in function 'start'
	...onfig/nvim/lua/config/ui/highlight/treesitter-config.lua:6: in function <...onfig/nvim/lua/config/ui/highlight/treesitter-config.lua:5>
	[C]: in function 'nvim_buf_set_option'
	.../core/opt/nvim-notify/lua/notify/service/buffer/init.lua:103: in function 'render'
	...te/pack/core/opt/nvim-notify/lua/notify/service/init.lua:53: in function 'push'
	...m/site/pack/core/opt/nvim-notify/lua/notify/instance.lua:132: in function <...m/site/pack/core/opt/nvim-notify/lua/notify/instance.lua:77>
	...ck/core/opt/noice.nvim/lua/noice/view/backend/notify.lua:168: in function '_notify'
	...ck/core/opt/noice.nvim/lua/noice/view/backend/notify.lua:198: in function 'show'
	...im/site/pack/core/opt/noice.nvim/lua/noice/view/init.lua:163: in function <...im/site/pack/core/opt/noice.nvim/lua/noice/view/init.lua:161>
	[C]: in function 'xpcall'
	...
	...te/pack/core/opt/noice.nvim/lua/noice/message/router.lua:214: in function <...te/pack/core/opt/noice.nvim/lua/noice/message/router.lua:147>
	[C]: in function 'xpcall'
	...im/site/pack/core/opt/noice.nvim/lua/noice/util/call.lua:149: in function 'try'
	...nvim/site/pack/core/opt/noice.nvim/lua/noice/ui/init.lua:88: in function 'ui_attach_cb'
	...nvim/site/pack/core/opt/noice.nvim/lua/noice/ui/init.lua:27: in function 'process_queue'
	...nvim/site/pack/core/opt/noice.nvim/lua/noice/ui/init.lua:138: in function <...nvim/site/pack/core/opt/noice.nvim/lua/noice/ui/init.lua:118>
	[C]: in function 'nvim_echo'
	.../nvim/site/pack/core/opt/blink.lib/lua/blink/lib/log.lua:187: in function <.../nvim/site/pack/core/opt/blink.lib/lua/blink/lib/log.lua:187>
	[C]: in function 'pcall'
	.../nvim/site/pack/core/opt/blink.lib/lua/blink/lib/log.lua:301: in function <.../nvim/site/pack/core/opt/blink.lib/lua/blink/lib/log.lua:299>
Lua callback: /usr/share/nvim/runtime/lua/vim/treesitter.lua:460: Parser could not be created for buffer 4109 and language "notify"
stack traceback:
	[C]: in function 'assert'
	/usr/share/nvim/runtime/lua/vim/treesitter.lua:460: in function 'start'
	...onfig/nvim/lua/config/ui/highlight/treesitter-config.lua:6: in function <...onfig/nvim/lua/config/ui/highlight/treesitter-config.lua:5>
	[C]: in function 'nvim_buf_set_option'
	.../core/opt/nvim-notify/lua/notify/service/buffer/init.lua:103: in function 'render'
	...te/pack/core/opt/nvim-notify/lua/notify/service/init.lua:53: in function 'push'
	...m/site/pack/core/opt/nvim-notify/lua/notify/instance.lua:132: in function <...m/site/pack/core/opt/nvim-notify/lua/notify/instance.lua:77>
	...ck/core/opt/noice.nvim/lua/noice/view/backend/notify.lua:168: in function '_notify'
	...ck/core/opt/noice.nvim/lua/noice/view/backend/notify.lua:198: in function 'show'
	...im/site/pack/core/opt/noice.nvim/lua/noice/view/init.lua:163: in function <...im/site/pack/core/opt/noice.nvim/lua/noice/view/init.lua:161>
	[C]: in function 'xpcall'
	...
	...te/pack/core/opt/noice.nvim/lua/noice/message/router.lua:214: in function <...te/pack/core/opt/noice.nvim/lua/noice/message/router.lua:147>
	[C]: in function 'xpcall'
	...im/site/pack/core/opt/noice.nvim/lua/noice/util/call.lua:149: in function 'try'
	...nvim/site/pack/core/opt/noice.nvim/lua/noice/ui/init.lua:88: in function 'ui_attach_cb'
	...nvim/site/pack/core/opt/noice.nvim/lua/noice/ui/init.lua:27: in function 'process_queue'
	...nvim/site/pack/core/opt/noice.nvim/lua/noice/ui/init.lua:138: in function <...nvim/site/pack/core/opt/noice.nvim/lua/noice/ui/init.lua:118>
	[C]: in function 'nvim_echo'
	.../nvim/site/pack/core/opt/blink.lib/lua/blink/lib/log.lua:187: in function <.../nvim/site/pack/core/opt/blink.lib/lua/blink/lib/log.lua:187>
	[C]: in function 'pcall'
	.../nvim/site/pack/core/opt/blink.lib/lua/blink/lib/log.lua:301: in function <.../nvim/site/pack/core/opt/blink.lib/lua/blink/lib/log.lua:299>
Lua callback: /usr/share/nvim/runtime/lua/vim/treesitter.lua:460: Parser could not be created for buffer 4110 and language "notify"
stack traceback:
	[C]: in function 'assert'
	/usr/share/nvim/runtime/lua/vim/treesitter.lua:460: in function 'start'
	...onfig/nvim/lua/config/ui/highlight/treesitter-config.lua:6: in function <...onfig/nvim/lua/config/ui/highlight/treesitter-config.lua:5>
	[C]: in function 'nvim_buf_set_option'
	.../core/opt/nvim-notify/lua/notify/service/buffer/init.lua:103: in function 'render'
	...te/pack/core/opt/nvim-notify/lua/notify/service/init.lua:53: in function 'push'
	...m/site/pack/core/opt/nvim-notify/lua/notify/instance.lua:132: in function <...m/site/pack/core/opt/nvim-notify/lua/notify/instance.lua:77>
	...ck/core/opt/noice.nvim/lua/noice/view/backend/notify.lua:168: in function '_notify'
	...ck/core/opt/noice.nvim/lua/noice/view/backend/notify.lua:198: in function 'show'
	...im/site/pack/core/opt/noice.nvim/lua/noice/view/init.lua:163: in function <...im/site/pack/core/opt/noice.nvim/lua/noice/view/init.lua:161>
	[C]: in function 'xpcall'
	...
	...te/pack/core/opt/noice.nvim/lua/noice/message/router.lua:214: in function <...te/pack/core/opt/noice.nvim/lua/noice/message/router.lua:147>
	[C]: in function 'xpcall'
	...im/site/pack/core/opt/noice.nvim/lua/noice/util/call.lua:149: in function 'try'
	...nvim/site/pack/core/opt/noice.nvim/lua/noice/ui/init.lua:88: in function 'ui_attach_cb'
	...nvim/site/pack/core/opt/noice.nvim/lua/noice/ui/init.lua:27: in function 'process_queue'
	...nvim/site/pack/core/opt/noice.nvim/lua/noice/ui/init.lua:138: in function <...nvim/site/pack/core/opt/noice.nvim/lua/noice/ui/init.lua:118>
	[C]: in function 'nvim_echo'
	.../nvim/site/pack/core/opt/blink.lib/lua/blink/lib/log.lua:187: in function <.../nvim/site/pack/core/opt/blink.lib/lua/blink/lib/log.lua:187>
	[C]: in function 'pcall'
	.../nvim/site/pack/core/opt/blink.lib/lua/blink/lib/log.lua:301: in function <.../nvim/site/pack/core/opt/blink.lib/lua/blink/lib/log.lua:299>
Lua callback: /usr/share/nvim/runtime/lua/vim/treesitter.lua:460: Parser could not be created for buffer 4111 and language "notify"
stack traceback:
	[C]: in function 'assert'
	/usr/share/nvim/runtime/lua/vim/treesitter.lua:460: in function 'start'
	...onfig/nvim/lua/config/ui/highlight/treesitter-config.lua:6: in function <...onfig/nvim/lua/config/ui/highlight/treesitter-config.lua:5>
	[C]: in function 'nvim_buf_set_option'
	.../core/opt/nvim-notify/lua/notify/service/buffer/init.lua:103: in function 'render'
	...te/pack/core/opt/nvim-notify/lua/notify/service/init.lua:53: in function 'push'
	...m/site/pack/core/opt/nvim-notify/lua/notify/instance.lua:132: in function <...m/site/pack/core/opt/nvim-notify/lua/notify/instance.lua:77>
	...ck/core/opt/noice.nvim/lua/noice/view/backend/notify.lua:168: in function '_notify'
	...ck/core/opt/noice.nvim/lua/noice/view/backend/notify.lua:198: in function 'show'
	...im/site/pack/core/opt/noice.nvim/lua/noice/view/init.lua:163: in function <...im/site/pack/core/opt/noice.nvim/lua/noice/view/init.lua:161>
	[C]: in function 'xpcall'
	...
	...te/pack/core/opt/noice.nvim/lua/noice/message/router.lua:214: in function <...te/pack/core/opt/noice.nvim/lua/noice/message/router.lua:147>
	[C]: in function 'xpcall'
	...im/site/pack/core/opt/noice.nvim/lua/noice/util/call.lua:149: in function 'try'
	...nvim/site/pack/core/opt/noice.nvim/lua/noice/ui/init.lua:88: in function 'ui_attach_cb'
	...nvim/site/pack/core/opt/noice.nvim/lua/noice/ui/init.lua:27: in function 'process_queue'
	...nvim/site/pack/core/opt/noice.nvim/lua/noice/ui/init.lua:138: in function <...nvim/site/pack/core/opt/noice.nvim/lua/noice/ui/init.lua:118>
	[C]: in function 'nvim_echo'
	.../nvim/site/pack/core/opt/blink.lib/lua/blink/lib/log.lua:187: in function <.../nvim/site/pack/core/opt/blink.lib/lua/blink/lib/log.lua:187>
	[C]: in function 'pcall'
	.../nvim/site/pack/core/opt/blink.lib/lua/blink/lib/log.lua:301: in function <.../nvim/site/pack/core/opt/blink.lib/lua/blink/lib/log.lua:299>
Lua callback: /usr/share/nvim/runtime/lua/vim/treesitter.lua:460: Parser could not be created for buffer 4112 and language "notify"
stack traceback:
	[C]: in function 'assert'
	/usr/share/nvim/runtime/lua/vim/treesitter.lua:460: in function 'start'
	...onfig/nvim/lua/config/ui/highlight/treesitter-config.lua:6: in function <...onfig/nvim/lua/config/ui/highlight/treesitter-config.lua:5>
	[C]: in function 'nvim_buf_set_option'
	.../core/opt/nvim-notify/lua/notify/service/buffer/init.lua:103: in function 'render'
	...te/pack/core/opt/nvim-notify/lua/notify/service/init.lua:53: in function 'push'
	...m/site/pack/core/opt/nvim-notify/lua/notify/instance.lua:132: in function <...m/site/pack/core/opt/nvim-notify/lua/notify/instance.lua:77>
	...ck/core/opt/noice.nvim/lua/noice/view/backend/notify.lua:168: in function '_notify'
	...ck/core/opt/noice.nvim/lua/noice/view/backend/notify.lua:198: in function 'show'
	...im/site/pack/core/opt/noice.nvim/lua/noice/view/init.lua:163: in function <...im/site/pack/core/opt/noice.nvim/lua/noice/view/init.lua:161>
	[C]: in function 'xpcall'
	...
	...te/pack/core/opt/noice.nvim/lua/noice/message/router.lua:214: in function <...te/pack/core/opt/noice.nvim/lua/noice/message/router.lua:147>
	[C]: in function 'xpcall'
	...im/site/pack/core/opt/noice.nvim/lua/noice/util/call.lua:149: in function 'try'
	...nvim/site/pack/core/opt/noice.nvim/lua/noice/ui/init.lua:88: in function 'ui_attach_cb'
	...nvim/site/pack/core/opt/noice.nvim/lua/noice/ui/init.lua:27: in function 'process_queue'
	...nvim/site/pack/core/opt/noice.nvim/lua/noice/ui/init.lua:138: in function <...nvim/site/pack/core/opt/noice.nvim/lua/noice/ui/init.lua:118>
	[C]: in function 'nvim_echo'
	.../nvim/site/pack/core/opt/blink.lib/lua/blink/lib/log.lua:187: in function <.../nvim/site/pack/core/opt/blink.lib/lua/blink/lib/log.lua:187>
	[C]: in function 'pcall'
	.../nvim/site/pack/core/opt/blink.lib/lua/blink/lib/log.lua:301: in function <.../nvim/site/pack/core/opt/blink.lib/lua/blink/lib/log.lua:299>
Lua callback: /usr/share/nvim/runtime/lua/vim/treesitter.lua:460: Parser could not be created for buffer 4113 and language "notify"
stack traceback:
	[C]: in function 'assert'
	/usr/share/nvim/runtime/lua/vim/treesitter.lua:460: in function 'start'
	...onfig/nvim/lua/config/ui/highlight/treesitter-config.lua:6: in function <...onfig/nvim/lua/config/ui/highlight/treesitter-config.lua:5>
	[C]: in function 'nvim_buf_set_option'
	.../core/opt/nvim-notify/lua/notify/service/buffer/init.lua:103: in function 'render'
	...te/pack/core/opt/nvim-notify/lua/notify/service/init.lua:53: in function 'push'
	...m/site/pack/core/opt/nvim-notify/lua/notify/instance.lua:132: in function <...m/site/pack/core/opt/nvim-notify/lua/notify/instance.lua:77>
	...ck/core/opt/noice.nvim/lua/noice/view/backend/notify.lua:168: in function '_notify'
	...ck/core/opt/noice.nvim/lua/noice/view/backend/notify.lua:198: in function 'show'
	...im/site/pack/core/opt/noice.nvim/lua/noice/view/init.lua:163: in function <...im/site/pack/core/opt/noice.nvim/lua/noice/view/init.lua:161>
	[C]: in function 'xpcall'
	...
	...te/pack/core/opt/noice.nvim/lua/noice/message/router.lua:214: in function <...te/pack/core/opt/noice.nvim/lua/noice/message/router.lua:147>
	[C]: in function 'xpcall'
	...im/site/pack/core/opt/noice.nvim/lua/noice/util/call.lua:149: in function 'try'
	...nvim/site/pack/core/opt/noice.nvim/lua/noice/ui/init.lua:88: in function 'ui_attach_cb'
	...nvim/site/pack/core/opt/noice.nvim/lua/noice/ui/init.lua:27: in function 'process_queue'
	...nvim/site/pack/core/opt/noice.nvim/lua/noice/ui/init.lua:138: in function <...nvim/site/pack/core/opt/noice.nvim/lua/noice/ui/init.lua:118>
	[C]: in function 'nvim_echo'
	.../nvim/site/pack/core/opt/blink.lib/lua/blink/lib/log.lua:187: in function <.../nvim/site/pack/core/opt/blink.lib/lua/blink/lib/log.lua:187>
	[C]: in function 'pcall'
	.../nvim/site/pack/core/opt/blink.lib/lua/blink/lib/log.lua:301: in function <.../nvim/site/pack/core/opt/blink.lib/lua/blink/lib/log.lua:299>
Lua callback: /usr/share/nvim/runtime/lua/vim/treesitter.lua:460: Parser could not be created for buffer 4114 and language "notify"
stack traceback:
	[C]: in function 'assert'
	/usr/share/nvim/runtime/lua/vim/treesitter.lua:460: in function 'start'
	...onfig/nvim/lua/config/ui/highlight/treesitter-config.lua:6: in function <...onfig/nvim/lua/config/ui/highlight/treesitter-config.lua:5>
	[C]: in function 'nvim_buf_set_option'
	.../core/opt/nvim-notify/lua/notify/service/buffer/init.lua:103: in function 'render'
	...te/pack/core/opt/nvim-notify/lua/notify/service/init.lua:53: in function 'push'
	...m/site/pack/core/opt/nvim-notify/lua/notify/instance.lua:132: in function <...m/site/pack/core/opt/nvim-notify/lua/notify/instance.lua:77>
	...ck/core/opt/noice.nvim/lua/noice/view/backend/notify.lua:168: in function '_notify'
	...ck/core/opt/noice.nvim/lua/noice/view/backend/notify.lua:198: in function 'show'
	...im/site/pack/core/opt/noice.nvim/lua/noice/view/init.lua:163: in function <...im/site/pack/core/opt/noice.nvim/lua/noice/view/init.lua:161>
	[C]: in function 'xpcall'
	...
	...te/pack/core/opt/noice.nvim/lua/noice/message/router.lua:214: in function <...te/pack/core/opt/noice.nvim/lua/noice/message/router.lua:147>
	[C]: in function 'xpcall'
	...im/site/pack/core/opt/noice.nvim/lua/noice/util/call.lua:149: in function 'try'
	...nvim/site/pack/core/opt/noice.nvim/lua/noice/ui/init.lua:88: in function 'ui_attach_cb'
	...nvim/site/pack/core/opt/noice.nvim/lua/noice/ui/init.lua:27: in function 'process_queue'
	...nvim/site/pack/core/opt/noice.nvim/lua/noice/ui/init.lua:138: in function <...nvim/site/pack/core/opt/noice.nvim/lua/noice/ui/init.lua:118>
	[C]: in function 'nvim_echo'
	.../nvim/site/pack/core/opt/blink.lib/lua/blink/lib/log.lua:187: in function <.../nvim/site/pack/core/opt/blink.lib/lua/blink/lib/log.lua:187>
	[C]: in function 'pcall'
	.../nvim/site/pack/core/opt/blink.lib/lua/blink/lib/log.lua:301: in function <.../nvim/site/pack/core/opt/blink.lib/lua/blink/lib/log.lua:299>
Lua callback: /usr/share/nvim/runtime/lua/vim/treesitter.lua:460: Parser could not be created for buffer 4115 and language "notify"
stack traceback:
	[C]: in function 'assert'
	/usr/share/nvim/runtime/lua/vim/treesitter.lua:460: in function 'start'
	...onfig/nvim/lua/config/ui/highlight/treesitter-config.lua:6: in function <...onfig/nvim/lua/config/ui/highlight/treesitter-config.lua:5>
	[C]: in function 'nvim_buf_set_option'
	.../core/opt/nvim-notify/lua/notify/service/buffer/init.lua:103: in function 'render'
	...te/pack/core/opt/nvim-notify/lua/notify/service/init.lua:53: in function 'push'
	...m/site/pack/core/opt/nvim-notify/lua/notify/instance.lua:132: in function <...m/site/pack/core/opt/nvim-notify/lua/notify/instance.lua:77>
	...ck/core/opt/noice.nvim/lua/noice/view/backend/notify.lua:168: in function '_notify'
	...ck/core/opt/noice.nvim/lua/noice/view/backend/notify.lua:198: in function 'show'
	...im/site/pack/core/opt/noice.nvim/lua/noice/view/init.lua:163: in function <...im/site/pack/core/opt/noice.nvim/lua/noice/view/init.lua:161>
	[C]: in function 'xpcall'
	...
	...te/pack/core/opt/noice.nvim/lua/noice/message/router.lua:214: in function <...te/pack/core/opt/noice.nvim/lua/noice/message/router.lua:147>
	[C]: in function 'xpcall'
	...im/site/pack/core/opt/noice.nvim/lua/noice/util/call.lua:149: in function 'try'
	...nvim/site/pack/core/opt/noice.nvim/lua/noice/ui/init.lua:88: in function 'ui_attach_cb'
	...nvim/site/pack/core/opt/noice.nvim/lua/noice/ui/init.lua:27: in function 'process_queue'
	...nvim/site/pack/core/opt/noice.nvim/lua/noice/ui/init.lua:138: in function <...nvim/site/pack/core/opt/noice.nvim/lua/noice/ui/init.lua:118>
	[C]: in function 'nvim_echo'
	.../nvim/site/pack/core/opt/blink.lib/lua/blink/lib/log.lua:187: in function <.../nvim/site/pack/core/opt/blink.lib/lua/blink/lib/log.lua:187>
	[C]: in function 'pcall'
	.../nvim/site/pack/core/opt/blink.lib/lua/blink/lib/log.lua:301: in function <.../nvim/site/pack/core/opt/blink.lib/lua/blink/lib/log.lua:299>
Lua callback: /usr/share/nvim/runtime/lua/vim/treesitter.lua:460: Parser could not be created for buffer 4116 and language "notify"
stack traceback:
	[C]: in function 'assert'
	/usr/share/nvim/runtime/lua/vim/treesitter.lua:460: in function 'start'
	...onfig/nvim/lua/config/ui/highlight/treesitter-config.lua:6: in function <...onfig/nvim/lua/config/ui/highlight/treesitter-config.lua:5>
	[C]: in function 'nvim_buf_set_option'
	.../core/opt/nvim-notify/lua/notify/service/buffer/init.lua:103: in function 'render'
	...te/pack/core/opt/nvim-notify/lua/notify/service/init.lua:53: in function 'push'
	...m/site/pack/core/opt/nvim-notify/lua/notify/instance.lua:132: in function <...m/site/pack/core/opt/nvim-notify/lua/notify/instance.lua:77>
	...ck/core/opt/noice.nvim/lua/noice/view/backend/notify.lua:168: in function '_notify'
	...ck/core/opt/noice.nvim/lua/noice/view/backend/notify.lua:198: in function 'show'
	...im/site/pack/core/opt/noice.nvim/lua/noice/view/init.lua:163: in function <...im/site/pack/core/opt/noice.nvim/lua/noice/view/init.lua:161>
	[C]: in function 'xpcall'
	...
	...te/pack/core/opt/noice.nvim/lua/noice/message/router.lua:214: in function <...te/pack/core/opt/noice.nvim/lua/noice/message/router.lua:147>
	[C]: in function 'xpcall'
	...im/site/pack/core/opt/noice.nvim/lua/noice/util/call.lua:149: in function 'try'
	...nvim/site/pack/core/opt/noice.nvim/lua/noice/ui/init.lua:88: in function 'ui_attach_cb'
	...nvim/site/pack/core/opt/noice.nvim/lua/noice/ui/init.lua:27: in function 'process_queue'
	...nvim/site/pack/core/opt/noice.nvim/lua/noice/ui/init.lua:138: in function <...nvim/site/pack/core/opt/noice.nvim/lua/noice/ui/init.lua:118>
	[C]: in function 'nvim_echo'
	.../nvim/site/pack/core/opt/blink.lib/lua/blink/lib/log.lua:187: in function <.../nvim/site/pack/core/opt/blink.lib/lua/blink/lib/log.lua:187>
	[C]: in function 'pcall'
	.../nvim/site/pack/core/opt/blink.lib/lua/blink/lib/log.lua:301: in function <.../nvim/site/pack/core/opt/blink.lib/lua/blink/lib/log.lua:299>
Lua callback: /usr/share/nvim/runtime/lua/vim/treesitter.lua:460: Parser could not be created for buffer 4117 and language "notify"
stack traceback:
	[C]: in function 'assert'
	/usr/share/nvim/runtime/lua/vim/treesitter.lua:460: in function 'start'
	...onfig/nvim/lua/config/ui/highlight/treesitter-config.lua:6: in function <...onfig/nvim/lua/config/ui/highlight/treesitter-config.lua:5>
	[C]: in function 'nvim_buf_set_option'
	.../core/opt/nvim-notify/lua/notify/service/buffer/init.lua:103: in function 'render'
	...te/pack/core/opt/nvim-notify/lua/notify/service/init.lua:53: in function 'push'
	...m/site/pack/core/opt/nvim-notify/lua/notify/instance.lua:132: in function <...m/site/pack/core/opt/nvim-notify/lua/notify/instance.lua:77>
	...ck/core/opt/noice.nvim/lua/noice/view/backend/notify.lua:168: in function '_notify'
	...ck/core/opt/noice.nvim/lua/noice/view/backend/notify.lua:198: in function 'show'
	...im/site/pack/core/opt/noice.nvim/lua/noice/view/init.lua:163: in function <...im/site/pack/core/opt/noice.nvim/lua/noice/view/init.lua:161>
	[C]: in function 'xpcall'
	...
	...te/pack/core/opt/noice.nvim/lua/noice/message/router.lua:214: in function <...te/pack/core/opt/noice.nvim/lua/noice/message/router.lua:147>
	[C]: in function 'xpcall'
	...im/site/pack/core/opt/noice.nvim/lua/noice/util/call.lua:149: in function 'try'
	...nvim/site/pack/core/opt/noice.nvim/lua/noice/ui/init.lua:88: in function 'ui_attach_cb'
	...nvim/site/pack/core/opt/noice.nvim/lua/noice/ui/init.lua:27: in function 'process_queue'
	...nvim/site/pack/core/opt/noice.nvim/lua/noice/ui/init.lua:138: in function <...nvim/site/pack/core/opt/noice.nvim/lua/noice/ui/init.lua:118>
	[C]: in function 'nvim_echo'
	.../nvim/site/pack/core/opt/blink.lib/lua/blink/lib/log.lua:187: in function <.../nvim/site/pack/core/opt/blink.lib/lua/blink/lib/log.lua:187>
	[C]: in function 'pcall'
	.../nvim/site/pack/core/opt/blink.lib/lua/blink/lib/log.lua:301: in function <.../nvim/site/pack/core/opt/blink.lib/lua/blink/lib/log.lua:299>
Lua callback: /usr/share/nvim/runtime/lua/vim/treesitter.lua:460: Parser could not be created for buffer 4118 and language "notify"
stack traceback:
	[C]: in function 'assert'
	/usr/share/nvim/runtime/lua/vim/treesitter.lua:460: in function 'start'
	...onfig/nvim/lua/config/ui/highlight/treesitter-config.lua:6: in function <...onfig/nvim/lua/config/ui/highlight/treesitter-config.lua:5>
	[C]: in function 'nvim_buf_set_option'
	.../core/opt/nvim-notify/lua/notify/service/buffer/init.lua:103: in function 'render'
	...te/pack/core/opt/nvim-notify/lua/notify/service/init.lua:53: in function 'push'
	...m/site/pack/core/opt/nvim-notify/lua/notify/instance.lua:132: in function <...m/site/pack/core/opt/nvim-notify/lua/notify/instance.lua:77>
	...ck/core/opt/noice.nvim/lua/noice/view/backend/notify.lua:168: in function '_notify'
	...ck/core/opt/noice.nvim/lua/noice/view/backend/notify.lua:198: in function 'show'
	...im/site/pack/core/opt/noice.nvim/lua/noice/view/init.lua:163: in function <...im/site/pack/core/opt/noice.nvim/lua/noice/view/init.lua:161>
	[C]: in function 'xpcall'
	...
	...te/pack/core/opt/noice.nvim/lua/noice/message/router.lua:214: in function <...te/pack/core/opt/noice.nvim/lua/noice/message/router.lua:147>
	[C]: in function 'xpcall'
	...im/site/pack/core/opt/noice.nvim/lua/noice/util/call.lua:149: in function 'try'
	...nvim/site/pack/core/opt/noice.nvim/lua/noice/ui/init.lua:88: in function 'ui_attach_cb'
	...nvim/site/pack/core/opt/noice.nvim/lua/noice/ui/init.lua:27: in function 'process_queue'
	...nvim/site/pack/core/opt/noice.nvim/lua/noice/ui/init.lua:138: in function <...nvim/site/pack/core/opt/noice.nvim/lua/noice/ui/init.lua:118>
	[C]: in function 'nvim_echo'
	.../nvim/site/pack/core/opt/blink.lib/lua/blink/lib/log.lua:187: in function <.../nvim/site/pack/core/opt/blink.lib/lua/blink/lib/log.lua:187>
	[C]: in function 'pcall'
	.../nvim/site/pack/core/opt/blink.lib/lua/blink/lib/log.lua:301: in function <.../nvim/site/pack/core/opt/blink.lib/lua/blink/lib/log.lua:299>
Lua callback: /usr/share/nvim/runtime/lua/vim/treesitter.lua:460: Parser could not be created for buffer 4119 and language "notify"
stack traceback:
	[C]: in function 'assert'
	/usr/share/nvim/runtime/lua/vim/treesitter.lua:460: in function 'start'
	...onfig/nvim/lua/config/ui/highlight/treesitter-config.lua:6: in function <...onfig/nvim/lua/config/ui/highlight/treesitter-config.lua:5>
	[C]: in function 'nvim_buf_set_option'
	.../core/opt/nvim-notify/lua/notify/service/buffer/init.lua:103: in function 'render'
	...te/pack/core/opt/nvim-notify/lua/notify/service/init.lua:53: in function 'push'
	...m/site/pack/core/opt/nvim-notify/lua/notify/instance.lua:132: in function <...m/site/pack/core/opt/nvim-notify/lua/notify/instance.lua:77>
	...ck/core/opt/noice.nvim/lua/noice/view/backend/notify.lua:168: in function '_notify'
	...ck/core/opt/noice.nvim/lua/noice/view/backend/notify.lua:198: in function 'show'
	...im/site/pack/core/opt/noice.nvim/lua/noice/view/init.lua:163: in function <...im/site/pack/core/opt/noice.nvim/lua/noice/view/init.lua:161>
	[C]: in function 'xpcall'
	...
	...te/pack/core/opt/noice.nvim/lua/noice/message/router.lua:214: in function <...te/pack/core/opt/noice.nvim/lua/noice/message/router.lua:147>
	[C]: in function 'xpcall'
	...im/site/pack/core/opt/noice.nvim/lua/noice/util/call.lua:149: in function 'try'
	...nvim/site/pack/core/opt/noice.nvim/lua/noice/ui/init.lua:88: in function 'ui_attach_cb'
	...nvim/site/pack/core/opt/noice.nvim/lua/noice/ui/init.lua:27: in function 'process_queue'
	...nvim/site/pack/core/opt/noice.nvim/lua/noice/ui/init.lua:138: in function <...nvim/site/pack/core/opt/noice.nvim/lua/noice/ui/init.lua:118>
	[C]: in function 'nvim_echo'
	.../nvim/site/pack/core/opt/blink.lib/lua/blink/lib/log.lua:187: in function <.../nvim/site/pack/core/opt/blink.lib/lua/blink/lib/log.lua:187>
	[C]: in function 'pcall'
	.../nvim/site/pack/core/opt/blink.lib/lua/blink/lib/log.lua:301: in function <.../nvim/site/pack/core/opt/blink.lib/lua/blink/lib/log.lua:299>
Lua callback: /usr/share/nvim/runtime/lua/vim/treesitter.lua:460: Parser could not be created for buffer 4120 and language "notify"
stack traceback:
	[C]: in function 'assert'
	/usr/share/nvim/runtime/lua/vim/treesitter.lua:460: in function 'start'
	...onfig/nvim/lua/config/ui/highlight/treesitter-config.lua:6: in function <...onfig/nvim/lua/config/ui/highlight/treesitter-config.lua:5>
	[C]: in function 'nvim_buf_set_option'
	.../core/opt/nvim-notify/lua/notify/service/buffer/init.lua:103: in function 'render'
	...te/pack/core/opt/nvim-notify/lua/notify/service/init.lua:53: in function 'push'
	...m/site/pack/core/opt/nvim-notify/lua/notify/instance.lua:132: in function <...m/site/pack/core/opt/nvim-notify/lua/notify/instance.lua:77>
	...ck/core/opt/noice.nvim/lua/noice/view/backend/notify.lua:168: in function '_notify'
	...ck/core/opt/noice.nvim/lua/noice/view/backend/notify.lua:198: in function 'show'
	...im/site/pack/core/opt/noice.nvim/lua/noice/view/init.lua:163: in function <...im/site/pack/core/opt/noice.nvim/lua/noice/view/init.lua:161>
	[C]: in function 'xpcall'
	...
	...te/pack/core/opt/noice.nvim/lua/noice/message/router.lua:214: in function <...te/pack/core/opt/noice.nvim/lua/noice/message/router.lua:147>
	[C]: in function 'xpcall'
	...im/site/pack/core/opt/noice.nvim/lua/noice/util/call.lua:149: in function 'try'
	...nvim/site/pack/core/opt/noice.nvim/lua/noice/ui/init.lua:88: in function 'ui_attach_cb'
	...nvim/site/pack/core/opt/noice.nvim/lua/noice/ui/init.lua:27: in function 'process_queue'
	...nvim/site/pack/core/opt/noice.nvim/lua/noice/ui/init.lua:138: in function <...nvim/site/pack/core/opt/noice.nvim/lua/noice/ui/init.lua:118>
	[C]: in function 'nvim_echo'
	.../nvim/site/pack/core/opt/blink.lib/lua/blink/lib/log.lua:187: in function <.../nvim/site/pack/core/opt/blink.lib/lua/blink/lib/log.lua:187>
	[C]: in function 'pcall'
	.../nvim/site/pack/core/opt/blink.lib/lua/blink/lib/log.lua:301: in function <.../nvim/site/pack/core/opt/blink.lib/lua/blink/lib/log.lua:299>
Lua callback: /usr/share/nvim/runtime/lua/vim/treesitter.lua:460: Parser could not be created for buffer 4121 and language "notify"
stack traceback:
	[C]: in function 'assert'
	/usr/share/nvim/runtime/lua/vim/treesitter.lua:460: in function 'start'
	...onfig/nvim/lua/config/ui/highlight/treesitter-config.lua:6: in function <...onfig/nvim/lua/config/ui/highlight/treesitter-config.lua:5>
	[C]: in function 'nvim_buf_set_option'
	.../core/opt/nvim-notify/lua/notify/service/buffer/init.lua:103: in function 'render'
	...te/pack/core/opt/nvim-notify/lua/notify/service/init.lua:53: in function 'push'
	...m/site/pack/core/opt/nvim-notify/lua/notify/instance.lua:132: in function <...m/site/pack/core/opt/nvim-notify/lua/notify/instance.lua:77>
	...ck/core/opt/noice.nvim/lua/noice/view/backend/notify.lua:168: in function '_notify'
	...ck/core/opt/noice.nvim/lua/noice/view/backend/notify.lua:198: in function 'show'
	...im/site/pack/core/opt/noice.nvim/lua/noice/view/init.lua:163: in function <...im/site/pack/core/opt/noice.nvim/lua/noice/view/init.lua:161>
	[C]: in function 'xpcall'
	...
	...te/pack/core/opt/noice.nvim/lua/noice/message/router.lua:214: in function <...te/pack/core/opt/noice.nvim/lua/noice/message/router.lua:147>
	[C]: in function 'xpcall'
	...im/site/pack/core/opt/noice.nvim/lua/noice/util/call.lua:149: in function 'try'
	...nvim/site/pack/core/opt/noice.nvim/lua/noice/ui/init.lua:88: in function 'ui_attach_cb'
	...nvim/site/pack/core/opt/noice.nvim/lua/noice/ui/init.lua:27: in function 'process_queue'
	...nvim/site/pack/core/opt/noice.nvim/lua/noice/ui/init.lua:138: in function <...nvim/site/pack/core/opt/noice.nvim/lua/noice/ui/init.lua:118>
	[C]: in function 'nvim_echo'
	.../nvim/site/pack/core/opt/blink.lib/lua/blink/lib/log.lua:187: in function <.../nvim/site/pack/core/opt/blink.lib/lua/blink/lib/log.lua:187>
	[C]: in function 'pcall'
	.../nvim/site/pack/core/opt/blink.lib/lua/blink/lib/log.lua:301: in function <.../nvim/site/pack/core/opt/blink.lib/lua/blink/lib/log.lua:299>
Lua callback: /usr/share/nvim/runtime/lua/vim/treesitter.lua:460: Parser could not be created for buffer 4122 and language "notify"
stack traceback:
	[C]: in function 'assert'
	/usr/share/nvim/runtime/lua/vim/treesitter.lua:460: in function 'start'
	...onfig/nvim/lua/config/ui/highlight/treesitter-config.lua:6: in function <...onfig/nvim/lua/config/ui/highlight/treesitter-config.lua:5>
	[C]: in function 'nvim_buf_set_option'
	.../core/opt/nvim-notify/lua/notify/service/buffer/init.lua:103: in function 'render'
	...te/pack/core/opt/nvim-notify/lua/notify/service/init.lua:53: in function 'push'
	...m/site/pack/core/opt/nvim-notify/lua/notify/instance.lua:132: in function <...m/site/pack/core/opt/nvim-notify/lua/notify/instance.lua:77>
	...ck/core/opt/noice.nvim/lua/noice/view/backend/notify.lua:168: in function '_notify'
	...ck/core/opt/noice.nvim/lua/noice/view/backend/notify.lua:198: in function 'show'
	...im/site/pack/core/opt/noice.nvim/lua/noice/view/init.lua:163: in function <...im/site/pack/core/opt/noice.nvim/lua/noice/view/init.lua:161>
	[C]: in function 'xpcall'
	...
	...te/pack/core/opt/noice.nvim/lua/noice/message/router.lua:214: in function <...te/pack/core/opt/noice.nvim/lua/noice/message/router.lua:147>
	[C]: in function 'xpcall'
	...im/site/pack/core/opt/noice.nvim/lua/noice/util/call.lua:149: in function 'try'
	...nvim/site/pack/core/opt/noice.nvim/lua/noice/ui/init.lua:88: in function 'ui_attach_cb'
	...nvim/site/pack/core/opt/noice.nvim/lua/noice/ui/init.lua:27: in function 'process_queue'
	...nvim/site/pack/core/opt/noice.nvim/lua/noice/ui/init.lua:138: in function <...nvim/site/pack/core/opt/noice.nvim/lua/noice/ui/init.lua:118>
	[C]: in function 'nvim_echo'
	.../nvim/site/pack/core/opt/blink.lib/lua/blink/lib/log.lua:187: in function <.../nvim/site/pack/core/opt/blink.lib/lua/blink/lib/log.lua:187>
	[C]: in function 'pcall'
	.../nvim/site/pack/core/opt/blink.lib/lua/blink/lib/log.lua:301: in function <.../nvim/site/pack/core/opt/blink.lib/lua/blink/lib/log.lua:299>
Lua callback: /usr/share/nvim/runtime/lua/vim/treesitter.lua:460: Parser could not be created for buffer 4123 and language "notify"
stack traceback:
	[C]: in function 'assert'
	/usr/share/nvim/runtime/lua/vim/treesitter.lua:460: in function 'start'
	...onfig/nvim/lua/config/ui/highlight/treesitter-config.lua:6: in function <...onfig/nvim/lua/config/ui/highlight/treesitter-config.lua:5>
	[C]: in function 'nvim_buf_set_option'
	.../core/opt/nvim-notify/lua/notify/service/buffer/init.lua:103: in function 'render'
	...te/pack/core/opt/nvim-notify/lua/notify/service/init.lua:53: in function 'push'
	...m/site/pack/core/opt/nvim-notify/lua/notify/instance.lua:132: in function <...m/site/pack/core/opt/nvim-notify/lua/notify/instance.lua:77>
	...ck/core/opt/noice.nvim/lua/noice/view/backend/notify.lua:168: in function '_notify'
	...ck/core/opt/noice.nvim/lua/noice/view/backend/notify.lua:198: in function 'show'
	...im/site/pack/core/opt/noice.nvim/lua/noice/view/init.lua:163: in function <...im/site/pack/core/opt/noice.nvim/lua/noice/view/init.lua:161>
	[C]: in function 'xpcall'
	...
	...te/pack/core/opt/noice.nvim/lua/noice/message/router.lua:214: in function <...te/pack/core/opt/noice.nvim/lua/noice/message/router.lua:147>
	[C]: in function 'xpcall'
	...im/site/pack/core/opt/noice.nvim/lua/noice/util/call.lua:149: in function 'try'
	...nvim/site/pack/core/opt/noice.nvim/lua/noice/ui/init.lua:88: in function 'ui_attach_cb'
	...nvim/site/pack/core/opt/noice.nvim/lua/noice/ui/init.lua:27: in function 'process_queue'
	...nvim/site/pack/core/opt/noice.nvim/lua/noice/ui/init.lua:138: in function <...nvim/site/pack/core/opt/noice.nvim/lua/noice/ui/init.lua:118>
	[C]: in function 'nvim_echo'
	.../nvim/site/pack/core/opt/blink.lib/lua/blink/lib/log.lua:187: in function <.../nvim/site/pack/core/opt/blink.lib/lua/blink/lib/log.lua:187>
	[C]: in function 'pcall'
	.../nvim/site/pack/core/opt/blink.lib/lua/blink/lib/log.lua:301: in function <.../nvim/site/pack/core/opt/blink.lib/lua/blink/lib/log.lua:299>
Lua callback: /usr/share/nvim/runtime/lua/vim/treesitter.lua:460: Parser could not be created for buffer 4124 and language "notify"
stack traceback:
	[C]: in function 'assert'
	/usr/share/nvim/runtime/lua/vim/treesitter.lua:460: in function 'start'
	...onfig/nvim/lua/config/ui/highlight/treesitter-config.lua:6: in function <...onfig/nvim/lua/config/ui/highlight/treesitter-config.lua:5>
	[C]: in function 'nvim_buf_set_option'
	.../core/opt/nvim-notify/lua/notify/service/buffer/init.lua:103: in function 'render'
	...te/pack/core/opt/nvim-notify/lua/notify/service/init.lua:53: in function 'push'
	...m/site/pack/core/opt/nvim-notify/lua/notify/instance.lua:132: in function <...m/site/pack/core/opt/nvim-notify/lua/notify/instance.lua:77>
	...ck/core/opt/noice.nvim/lua/noice/view/backend/notify.lua:168: in function '_notify'
	...ck/core/opt/noice.nvim/lua/noice/view/backend/notify.lua:198: in function 'show'
	...im/site/pack/core/opt/noice.nvim/lua/noice/view/init.lua:163: in function <...im/site/pack/core/opt/noice.nvim/lua/noice/view/init.lua:161>
	[C]: in function 'xpcall'
	...
	...te/pack/core/opt/noice.nvim/lua/noice/message/router.lua:214: in function <...te/pack/core/opt/noice.nvim/lua/noice/message/router.lua:147>
	[C]: in function 'xpcall'
	...im/site/pack/core/opt/noice.nvim/lua/noice/util/call.lua:149: in function 'try'
	...nvim/site/pack/core/opt/noice.nvim/lua/noice/ui/init.lua:88: in function 'ui_attach_cb'
	...nvim/site/pack/core/opt/noice.nvim/lua/noice/ui/init.lua:27: in function 'process_queue'
	...nvim/site/pack/core/opt/noice.nvim/lua/noice/ui/init.lua:138: in function <...nvim/site/pack/core/opt/noice.nvim/lua/noice/ui/init.lua:118>
	[C]: in function 'nvim_echo'
	.../nvim/site/pack/core/opt/blink.lib/lua/blink/lib/log.lua:187: in function <.../nvim/site/pack/core/opt/blink.lib/lua/blink/lib/log.lua:187>
	[C]: in function 'pcall'
	.../nvim/site/pack/core/opt/blink.lib/lua/blink/lib/log.lua:301: in function <.../nvim/site/pack/core/opt/blink.lib/lua/blink/lib/log.lua:299>
Lua callback: /usr/share/nvim/runtime/lua/vim/treesitter.lua:460: Parser could not be created for buffer 4125 and language "notify"
stack traceback:
	[C]: in function 'assert'
	/usr/share/nvim/runtime/lua/vim/treesitter.lua:460: in function 'start'
	...onfig/nvim/lua/config/ui/highlight/treesitter-config.lua:6: in function <...onfig/nvim/lua/config/ui/highlight/treesitter-config.lua:5>
	[C]: in function 'nvim_buf_set_option'
	.../core/opt/nvim-notify/lua/notify/service/buffer/init.lua:103: in function 'render'
	...te/pack/core/opt/nvim-notify/lua/notify/service/init.lua:53: in function 'push'
	...m/site/pack/core/opt/nvim-notify/lua/notify/instance.lua:132: in function <...m/site/pack/core/opt/nvim-notify/lua/notify/instance.lua:77>
	...ck/core/opt/noice.nvim/lua/noice/view/backend/notify.lua:168: in function '_notify'
	...ck/core/opt/noice.nvim/lua/noice/view/backend/notify.lua:198: in function 'show'
	...im/site/pack/core/opt/noice.nvim/lua/noice/view/init.lua:163: in function <...im/site/pack/core/opt/noice.nvim/lua/noice/view/init.lua:161>
	[C]: in function 'xpcall'
	...
	...te/pack/core/opt/noice.nvim/lua/noice/message/router.lua:214: in function <...te/pack/core/opt/noice.nvim/lua/noice/message/router.lua:147>
	[C]: in function 'xpcall'
	...im/site/pack/core/opt/noice.nvim/lua/noice/util/call.lua:149: in function 'try'
	...nvim/site/pack/core/opt/noice.nvim/lua/noice/ui/init.lua:88: in function 'ui_attach_cb'
	...nvim/site/pack/core/opt/noice.nvim/lua/noice/ui/init.lua:27: in function 'process_queue'
	...nvim/site/pack/core/opt/noice.nvim/lua/noice/ui/init.lua:138: in function <...nvim/site/pack/core/opt/noice.nvim/lua/noice/ui/init.lua:118>
	[C]: in function 'nvim_echo'
	.../nvim/site/pack/core/opt/blink.lib/lua/blink/lib/log.lua:187: in function <.../nvim/site/pack/core/opt/blink.lib/lua/blink/lib/log.lua:187>
	[C]: in function 'pcall'
	.../nvim/site/pack/core/opt/blink.lib/lua/blink/lib/log.lua:301: in function <.../nvim/site/pack/core/opt/blink.lib/lua/blink/lib/log.lua:299>
Lua callback: /usr/share/nvim/runtime/lua/vim/treesitter.lua:460: Parser could not be created for buffer 4126 and language "notify"
stack traceback:
	[C]: in function 'assert'
	/usr/share/nvim/runtime/lua/vim/treesitter.lua:460: in function 'start'
	...onfig/nvim/lua/config/ui/highlight/treesitter-config.lua:6: in function <...onfig/nvim/lua/config/ui/highlight/treesitter-config.lua:5>
	[C]: in function 'nvim_buf_set_option'
	.../core/opt/nvim-notify/lua/notify/service/buffer/init.lua:103: in function 'render'
	...te/pack/core/opt/nvim-notify/lua/notify/service/init.lua:53: in function 'push'
	...m/site/pack/core/opt/nvim-notify/lua/notify/instance.lua:132: in function <...m/site/pack/core/opt/nvim-notify/lua/notify/instance.lua:77>
	...ck/core/opt/noice.nvim/lua/noice/view/backend/notify.lua:168: in function '_notify'
	...ck/core/opt/noice.nvim/lua/noice/view/backend/notify.lua:198: in function 'show'
	...im/site/pack/core/opt/noice.nvim/lua/noice/view/init.lua:163: in function <...im/site/pack/core/opt/noice.nvim/lua/noice/view/init.lua:161>
	[C]: in function 'xpcall'
	...
	...te/pack/core/opt/noice.nvim/lua/noice/message/router.lua:214: in function <...te/pack/core/opt/noice.nvim/lua/noice/message/router.lua:147>
	[C]: in function 'xpcall'
	...im/site/pack/core/opt/noice.nvim/lua/noice/util/call.lua:149: in function 'try'
	...nvim/site/pack/core/opt/noice.nvim/lua/noice/ui/init.lua:88: in function 'ui_attach_cb'
	...nvim/site/pack/core/opt/noice.nvim/lua/noice/ui/init.lua:27: in function 'process_queue'
	...nvim/site/pack/core/opt/noice.nvim/lua/noice/ui/init.lua:138: in function <...nvim/site/pack/core/opt/noice.nvim/lua/noice/ui/init.lua:118>
	[C]: in function 'nvim_echo'
	.../nvim/site/pack/core/opt/blink.lib/lua/blink/lib/log.lua:187: in function <.../nvim/site/pack/core/opt/blink.lib/lua/blink/lib/log.lua:187>
	[C]: in function 'pcall'
	.../nvim/site/pack/core/opt/blink.lib/lua/blink/lib/log.lua:301: in function <.../nvim/site/pack/core/opt/blink.lib/lua/blink/lib/log.lua:299>
Lua callback: /usr/share/nvim/runtime/lua/vim/treesitter.lua:460: Parser could not be created for buffer 4127 and language "notify"
stack traceback:
	[C]: in function 'assert'
	/usr/share/nvim/runtime/lua/vim/treesitter.lua:460: in function 'start'
	...onfig/nvim/lua/config/ui/highlight/treesitter-config.lua:6: in function <...onfig/nvim/lua/config/ui/highlight/treesitter-config.lua:5>
	[C]: in function 'nvim_buf_set_option'
	.../core/opt/nvim-notify/lua/notify/service/buffer/init.lua:103: in function 'render'
	...te/pack/core/opt/nvim-notify/lua/notify/service/init.lua:53: in function 'push'
	...m/site/pack/core/opt/nvim-notify/lua/notify/instance.lua:132: in function <...m/site/pack/core/opt/nvim-notify/lua/notify/instance.lua:77>
	...ck/core/opt/noice.nvim/lua/noice/view/backend/notify.lua:168: in function '_notify'
	...ck/core/opt/noice.nvim/lua/noice/view/backend/notify.lua:198: in function 'show'
	...im/site/pack/core/opt/noice.nvim/lua/noice/view/init.lua:163: in function <...im/site/pack/core/opt/noice.nvim/lua/noice/view/init.lua:161>
	[C]: in function 'xpcall'
	...
	...te/pack/core/opt/noice.nvim/lua/noice/message/router.lua:214: in function <...te/pack/core/opt/noice.nvim/lua/noice/message/router.lua:147>
	[C]: in function 'xpcall'
	...im/site/pack/core/opt/noice.nvim/lua/noice/util/call.lua:149: in function 'try'
	...nvim/site/pack/core/opt/noice.nvim/lua/noice/ui/init.lua:88: in function 'ui_attach_cb'
	...nvim/site/pack/core/opt/noice.nvim/lua/noice/ui/init.lua:27: in function 'process_queue'
	...nvim/site/pack/core/opt/noice.nvim/lua/noice/ui/init.lua:138: in function <...nvim/site/pack/core/opt/noice.nvim/lua/noice/ui/init.lua:118>
	[C]: in function 'nvim_echo'
	.../nvim/site/pack/core/opt/blink.lib/lua/blink/lib/log.lua:187: in function <.../nvim/site/pack/core/opt/blink.lib/lua/blink/lib/log.lua:187>
	[C]: in function 'pcall'
	.../nvim/site/pack/core/opt/blink.lib/lua/blink/lib/log.lua:301: in function <.../nvim/site/pack/core/opt/blink.lib/lua/blink/lib/log.lua:299>
Lua callback: /usr/share/nvim/runtime/lua/vim/treesitter.lua:460: Parser could not be created for buffer 4128 and language "notify"
stack traceback:
	[C]: in function 'assert'
	/usr/share/nvim/runtime/lua/vim/treesitter.lua:460: in function 'start'
	...onfig/nvim/lua/config/ui/highlight/treesitter-config.lua:6: in function <...onfig/nvim/lua/config/ui/highlight/treesitter-config.lua:5>
	[C]: in function 'nvim_buf_set_option'
	.../core/opt/nvim-notify/lua/notify/service/buffer/init.lua:103: in function 'render'
	...te/pack/core/opt/nvim-notify/lua/notify/service/init.lua:53: in function 'push'
	...m/site/pack/core/opt/nvim-notify/lua/notify/instance.lua:132: in function <...m/site/pack/core/opt/nvim-notify/lua/notify/instance.lua:77>
	...ck/core/opt/noice.nvim/lua/noice/view/backend/notify.lua:168: in function '_notify'
	...ck/core/opt/noice.nvim/lua/noice/view/backend/notify.lua:198: in function 'show'
	...im/site/pack/core/opt/noice.nvim/lua/noice/view/init.lua:163: in function <...im/site/pack/core/opt/noice.nvim/lua/noice/view/init.lua:161>
	[C]: in function 'xpcall'
	...
	...te/pack/core/opt/noice.nvim/lua/noice/message/router.lua:214: in function <...te/pack/core/opt/noice.nvim/lua/noice/message/router.lua:147>
	[C]: in function 'xpcall'
	...im/site/pack/core/opt/noice.nvim/lua/noice/util/call.lua:149: in function 'try'
	...nvim/site/pack/core/opt/noice.nvim/lua/noice/ui/init.lua:88: in function 'ui_attach_cb'
	...nvim/site/pack/core/opt/noice.nvim/lua/noice/ui/init.lua:27: in function 'process_queue'
	...nvim/site/pack/core/opt/noice.nvim/lua/noice/ui/init.lua:138: in function <...nvim/site/pack/core/opt/noice.nvim/lua/noice/ui/init.lua:118>
	[C]: in function 'nvim_echo'
	.../nvim/site/pack/core/opt/blink.lib/lua/blink/lib/log.lua:187: in function <.../nvim/site/pack/core/opt/blink.lib/lua/blink/lib/log.lua:187>
	[C]: in function 'pcall'
	.../nvim/site/pack/core/opt/blink.lib/lua/blink/lib/log.lua:301: in function <.../nvim/site/pack/core/opt/blink.lib/lua/blink/lib/log.lua:299>
Lua callback: /usr/share/nvim/runtime/lua/vim/treesitter.lua:460: Parser could not be created for buffer 4129 and language "notify"
stack traceback:
	[C]: in function 'assert'
	/usr/share/nvim/runtime/lua/vim/treesitter.lua:460: in function 'start'
	...onfig/nvim/lua/config/ui/highlight/treesitter-config.lua:6: in function <...onfig/nvim/lua/config/ui/highlight/treesitter-config.lua:5>
	[C]: in function 'nvim_buf_set_option'
	.../core/opt/nvim-notify/lua/notify/service/buffer/init.lua:103: in function 'render'
	...te/pack/core/opt/nvim-notify/lua/notify/service/init.lua:53: in function 'push'
	...m/site/pack/core/opt/nvim-notify/lua/notify/instance.lua:132: in function <...m/site/pack/core/opt/nvim-notify/lua/notify/instance.lua:77>
	...ck/core/opt/noice.nvim/lua/noice/view/backend/notify.lua:168: in function '_notify'
	...ck/core/opt/noice.nvim/lua/noice/view/backend/notify.lua:198: in function 'show'
	...im/site/pack/core/opt/noice.nvim/lua/noice/view/init.lua:163: in function <...im/site/pack/core/opt/noice.nvim/lua/noice/view/init.lua:161>
	[C]: in function 'xpcall'
	...
	...te/pack/core/opt/noice.nvim/lua/noice/message/router.lua:214: in function <...te/pack/core/opt/noice.nvim/lua/noice/message/router.lua:147>
	[C]: in function 'xpcall'
	...im/site/pack/core/opt/noice.nvim/lua/noice/util/call.lua:149: in function 'try'
	...nvim/site/pack/core/opt/noice.nvim/lua/noice/ui/init.lua:88: in function 'ui_attach_cb'
	...nvim/site/pack/core/opt/noice.nvim/lua/noice/ui/init.lua:27: in function 'process_queue'
	...nvim/site/pack/core/opt/noice.nvim/lua/noice/ui/init.lua:138: in function <...nvim/site/pack/core/opt/noice.nvim/lua/noice/ui/init.lua:118>
	[C]: in function 'nvim_echo'
	.../nvim/site/pack/core/opt/blink.lib/lua/blink/lib/log.lua:187: in function <.../nvim/site/pack/core/opt/blink.lib/lua/blink/lib/log.lua:187>
	[C]: in function 'pcall'
	.../nvim/site/pack/core/opt/blink.lib/lua/blink/lib/log.lua:301: in function <.../nvim/site/pack/core/opt/blink.lib/lua/blink/lib/log.lua:299>
Lua callback: /usr/share/nvim/runtime/lua/vim/treesitter.lua:460: Parser could not be created for buffer 4130 and language "notify"
stack traceback:
	[C]: in function 'assert'
	/usr/share/nvim/runtime/lua/vim/treesitter.lua:460: in function 'start'
	...onfig/nvim/lua/config/ui/highlight/treesitter-config.lua:6: in function <...onfig/nvim/lua/config/ui/highlight/treesitter-config.lua:5>
	[C]: in function 'nvim_buf_set_option'
	.../core/opt/nvim-notify/lua/notify/service/buffer/init.lua:103: in function 'render'
	...te/pack/core/opt/nvim-notify/lua/notify/service/init.lua:53: in function 'push'
	...m/site/pack/core/opt/nvim-notify/lua/notify/instance.lua:132: in function <...m/site/pack/core/opt/nvim-notify/lua/notify/instance.lua:77>
	...ck/core/opt/noice.nvim/lua/noice/view/backend/notify.lua:168: in function '_notify'
	...ck/core/opt/noice.nvim/lua/noice/view/backend/notify.lua:198: in function 'show'
	...im/site/pack/core/opt/noice.nvim/lua/noice/view/init.lua:163: in function <...im/site/pack/core/opt/noice.nvim/lua/noice/view/init.lua:161>
	[C]: in function 'xpcall'
	...
	...te/pack/core/opt/noice.nvim/lua/noice/message/router.lua:214: in function <...te/pack/core/opt/noice.nvim/lua/noice/message/router.lua:147>
	[C]: in function 'xpcall'
	...im/site/pack/core/opt/noice.nvim/lua/noice/util/call.lua:149: in function 'try'
	...nvim/site/pack/core/opt/noice.nvim/lua/noice/ui/init.lua:88: in function 'ui_attach_cb'
	...nvim/site/pack/core/opt/noice.nvim/lua/noice/ui/init.lua:27: in function 'process_queue'
	...nvim/site/pack/core/opt/noice.nvim/lua/noice/ui/init.lua:138: in function <...nvim/site/pack/core/opt/noice.nvim/lua/noice/ui/init.lua:118>
	[C]: in function 'nvim_echo'
	.../nvim/site/pack/core/opt/blink.lib/lua/blink/lib/log.lua:187: in function <.../nvim/site/pack/core/opt/blink.lib/lua/blink/lib/log.lua:187>
	[C]: in function 'pcall'
	.../nvim/site/pack/core/opt/blink.lib/lua/blink/lib/log.lua:301: in function <.../nvim/site/pack/core/opt/blink.lib/lua/blink/lib/log.lua:299>
Lua callback: /usr/share/nvim/runtime/lua/vim/treesitter.lua:460: Parser could not be created for buffer 4131 and language "notify"
stack traceback:
	[C]: in function 'assert'
	/usr/share/nvim/runtime/lua/vim/treesitter.lua:460: in function 'start'
	...onfig/nvim/lua/config/ui/highlight/treesitter-config.lua:6: in function <...onfig/nvim/lua/config/ui/highlight/treesitter-config.lua:5>
	[C]: in function 'nvim_buf_set_option'
	.../core/opt/nvim-notify/lua/notify/service/buffer/init.lua:103: in function 'render'
	...te/pack/core/opt/nvim-notify/lua/notify/service/init.lua:53: in function 'push'
	...m/site/pack/core/opt/nvim-notify/lua/notify/instance.lua:132: in function <...m/site/pack/core/opt/nvim-notify/lua/notify/instance.lua:77>
	...ck/core/opt/noice.nvim/lua/noice/view/backend/notify.lua:168: in function '_notify'
	...ck/core/opt/noice.nvim/lua/noice/view/backend/notify.lua:198: in function 'show'
	...im/site/pack/core/opt/noice.nvim/lua/noice/view/init.lua:163: in function <...im/site/pack/core/opt/noice.nvim/lua/noice/view/init.lua:161>
	[C]: in function 'xpcall'
	...
	...te/pack/core/opt/noice.nvim/lua/noice/message/router.lua:214: in function <...te/pack/core/opt/noice.nvim/lua/noice/message/router.lua:147>
	[C]: in function 'xpcall'
	...im/site/pack/core/opt/noice.nvim/lua/noice/util/call.lua:149: in function 'try'
	...nvim/site/pack/core/opt/noice.nvim/lua/noice/ui/init.lua:88: in function 'ui_attach_cb'
	...nvim/site/pack/core/opt/noice.nvim/lua/noice/ui/init.lua:27: in function 'process_queue'
	...nvim/site/pack/core/opt/noice.nvim/lua/noice/ui/init.lua:138: in function <...nvim/site/pack/core/opt/noice.nvim/lua/noice/ui/init.lua:118>
	[C]: in function 'nvim_echo'
	.../nvim/site/pack/core/opt/blink.lib/lua/blink/lib/log.lua:187: in function <.../nvim/site/pack/core/opt/blink.lib/lua/blink/lib/log.lua:187>
	[C]: in function 'pcall'
	.../nvim/site/pack/core/opt/blink.lib/lua/blink/lib/log.lua:301: in function <.../nvim/site/pack/core/opt/blink.lib/lua/blink/lib/log.lua:299>
Lua callback: /usr/share/nvim/runtime/lua/vim/treesitter.lua:460: Parser could not be created for buffer 4132 and language "notify"
stack traceback:
	[C]: in function 'assert'
	/usr/share/nvim/runtime/lua/vim/treesitter.lua:460: in function 'start'
	...onfig/nvim/lua/config/ui/highlight/treesitter-config.lua:6: in function <...onfig/nvim/lua/config/ui/highlight/treesitter-config.lua:5>
	[C]: in function 'nvim_buf_set_option'
	.../core/opt/nvim-notify/lua/notify/service/buffer/init.lua:103: in function 'render'
	...te/pack/core/opt/nvim-notify/lua/notify/service/init.lua:53: in function 'push'
	...m/site/pack/core/opt/nvim-notify/lua/notify/instance.lua:132: in function <...m/site/pack/core/opt/nvim-notify/lua/notify/instance.lua:77>
	...ck/core/opt/noice.nvim/lua/noice/view/backend/notify.lua:168: in function '_notify'
	...ck/core/opt/noice.nvim/lua/noice/view/backend/notify.lua:198: in function 'show'
	...im/site/pack/core/opt/noice.nvim/lua/noice/view/init.lua:163: in function <...im/site/pack/core/opt/noice.nvim/lua/noice/view/init.lua:161>
	[C]: in function 'xpcall'
	...
	...te/pack/core/opt/noice.nvim/lua/noice/message/router.lua:214: in function <...te/pack/core/opt/noice.nvim/lua/noice/message/router.lua:147>
	[C]: in function 'xpcall'
	...im/site/pack/core/opt/noice.nvim/lua/noice/util/call.lua:149: in function 'try'
	...nvim/site/pack/core/opt/noice.nvim/lua/noice/ui/init.lua:88: in function 'ui_attach_cb'
	...nvim/site/pack/core/opt/noice.nvim/lua/noice/ui/init.lua:27: in function 'process_queue'
	...nvim/site/pack/core/opt/noice.nvim/lua/noice/ui/init.lua:138: in function <...nvim/site/pack/core/opt/noice.nvim/lua/noice/ui/init.lua:118>
	[C]: in function 'nvim_echo'
	.../nvim/site/pack/core/opt/blink.lib/lua/blink/lib/log.lua:187: in function <.../nvim/site/pack/core/opt/blink.lib/lua/blink/lib/log.lua:187>
	[C]: in function 'pcall'
	.../nvim/site/pack/core/opt/blink.lib/lua/blink/lib/log.lua:301: in function <.../nvim/site/pack/core/opt/blink.lib/lua/blink/lib/log.lua:299>
Lua callback: /usr/share/nvim/runtime/lua/vim/treesitter.lua:460: Parser could not be created for buffer 4133 and language "notify"
stack traceback:
	[C]: in function 'assert'
	/usr/share/nvim/runtime/lua/vim/treesitter.lua:460: in function 'start'
	...onfig/nvim/lua/config/ui/highlight/treesitter-config.lua:6: in function <...onfig/nvim/lua/config/ui/highlight/treesitter-config.lua:5>
	[C]: in function 'nvim_buf_set_option'
	.../core/opt/nvim-notify/lua/notify/service/buffer/init.lua:103: in function 'render'
	...te/pack/core/opt/nvim-notify/lua/notify/service/init.lua:53: in function 'push'
	...m/site/pack/core/opt/nvim-notify/lua/notify/instance.lua:132: in function <...m/site/pack/core/opt/nvim-notify/lua/notify/instance.lua:77>
	...ck/core/opt/noice.nvim/lua/noice/view/backend/notify.lua:168: in function '_notify'
	...ck/core/opt/noice.nvim/lua/noice/view/backend/notify.lua:198: in function 'show'
	...im/site/pack/core/opt/noice.nvim/lua/noice/view/init.lua:163: in function <...im/site/pack/core/opt/noice.nvim/lua/noice/view/init.lua:161>
	[C]: in function 'xpcall'
	...
	...te/pack/core/opt/noice.nvim/lua/noice/message/router.lua:214: in function <...te/pack/core/opt/noice.nvim/lua/noice/message/router.lua:147>
	[C]: in function 'xpcall'
	...im/site/pack/core/opt/noice.nvim/lua/noice/util/call.lua:149: in function 'try'
	...nvim/site/pack/core/opt/noice.nvim/lua/noice/ui/init.lua:88: in function 'ui_attach_cb'
	...nvim/site/pack/core/opt/noice.nvim/lua/noice/ui/init.lua:27: in function 'process_queue'
	...nvim/site/pack/core/opt/noice.nvim/lua/noice/ui/init.lua:138: in function <...nvim/site/pack/core/opt/noice.nvim/lua/noice/ui/init.lua:118>
	[C]: in function 'nvim_echo'
	.../nvim/site/pack/core/opt/blink.lib/lua/blink/lib/log.lua:187: in function <.../nvim/site/pack/core/opt/blink.lib/lua/blink/lib/log.lua:187>
	[C]: in function 'pcall'
	.../nvim/site/pack/core/opt/blink.lib/lua/blink/lib/log.lua:301: in function <.../nvim/site/pack/core/opt/blink.lib/lua/blink/lib/log.lua:299>
Lua callback: /usr/share/nvim/runtime/lua/vim/treesitter.lua:460: Parser could not be created for buffer 4134 and language "notify"
stack traceback:
	[C]: in function 'assert'
	/usr/share/nvim/runtime/lua/vim/treesitter.lua:460: in function 'start'
	...onfig/nvim/lua/config/ui/highlight/treesitter-config.lua:6: in function <...onfig/nvim/lua/config/ui/highlight/treesitter-config.lua:5>
	[C]: in function 'nvim_buf_set_option'
	.../core/opt/nvim-notify/lua/notify/service/buffer/init.lua:103: in function 'render'
	...te/pack/core/opt/nvim-notify/lua/notify/service/init.lua:53: in function 'push'
	...m/site/pack/core/opt/nvim-notify/lua/notify/instance.lua:132: in function <...m/site/pack/core/opt/nvim-notify/lua/notify/instance.lua:77>
	...ck/core/opt/noice.nvim/lua/noice/view/backend/notify.lua:168: in function '_notify'
	...ck/core/opt/noice.nvim/lua/noice/view/backend/notify.lua:198: in function 'show'
	...im/site/pack/core/opt/noice.nvim/lua/noice/view/init.lua:163: in function <...im/site/pack/core/opt/noice.nvim/lua/noice/view/init.lua:161>
	[C]: in function 'xpcall'
	...
	...te/pack/core/opt/noice.nvim/lua/noice/message/router.lua:214: in function <...te/pack/core/opt/noice.nvim/lua/noice/message/router.lua:147>
	[C]: in function 'xpcall'
	...im/site/pack/core/opt/noice.nvim/lua/noice/util/call.lua:149: in function 'try'
	...nvim/site/pack/core/opt/noice.nvim/lua/noice/ui/init.lua:88: in function 'ui_attach_cb'
	...nvim/site/pack/core/opt/noice.nvim/lua/noice/ui/init.lua:27: in function 'process_queue'
	...nvim/site/pack/core/opt/noice.nvim/lua/noice/ui/init.lua:138: in function <...nvim/site/pack/core/opt/noice.nvim/lua/noice/ui/init.lua:118>
	[C]: in function 'nvim_echo'
	.../nvim/site/pack/core/opt/blink.lib/lua/blink/lib/log.lua:187: in function <.../nvim/site/pack/core/opt/blink.lib/lua/blink/lib/log.lua:187>
	[C]: in function 'pcall'
	.../nvim/site/pack/core/opt/blink.lib/lua/blink/lib/log.lua:301: in function <.../nvim/site/pack/core/opt/blink.lib/lua/blink/lib/log.lua:299>
Lua callback: /usr/share/nvim/runtime/lua/vim/treesitter.lua:460: Parser could not be created for buffer 4135 and language "notify"
stack traceback:
	[C]: in function 'assert'
	/usr/share/nvim/runtime/lua/vim/treesitter.lua:460: in function 'start'
	...onfig/nvim/lua/config/ui/highlight/treesitter-config.lua:6: in function <...onfig/nvim/lua/config/ui/highlight/treesitter-config.lua:5>
	[C]: in function 'nvim_buf_set_option'
	.../core/opt/nvim-notify/lua/notify/service/buffer/init.lua:103: in function 'render'
	...te/pack/core/opt/nvim-notify/lua/notify/service/init.lua:53: in function 'push'
	...m/site/pack/core/opt/nvim-notify/lua/notify/instance.lua:132: in function <...m/site/pack/core/opt/nvim-notify/lua/notify/instance.lua:77>
	...ck/core/opt/noice.nvim/lua/noice/view/backend/notify.lua:168: in function '_notify'
	...ck/core/opt/noice.nvim/lua/noice/view/backend/notify.lua:198: in function 'show'
	...im/site/pack/core/opt/noice.nvim/lua/noice/view/init.lua:163: in function <...im/site/pack/core/opt/noice.nvim/lua/noice/view/init.lua:161>
	[C]: in function 'xpcall'
	...
	...te/pack/core/opt/noice.nvim/lua/noice/message/router.lua:214: in function <...te/pack/core/opt/noice.nvim/lua/noice/message/router.lua:147>
	[C]: in function 'xpcall'
	...im/site/pack/core/opt/noice.nvim/lua/noice/util/call.lua:149: in function 'try'
	...nvim/site/pack/core/opt/noice.nvim/lua/noice/ui/init.lua:88: in function 'ui_attach_cb'
	...nvim/site/pack/core/opt/noice.nvim/lua/noice/ui/init.lua:27: in function 'process_queue'
	...nvim/site/pack/core/opt/noice.nvim/lua/noice/ui/init.lua:138: in function <...nvim/site/pack/core/opt/noice.nvim/lua/noice/ui/init.lua:118>
	[C]: in function 'nvim_echo'
	.../nvim/site/pack/core/opt/blink.lib/lua/blink/lib/log.lua:187: in function <.../nvim/site/pack/core/opt/blink.lib/lua/blink/lib/log.lua:187>
	[C]: in function 'pcall'
	.../nvim/site/pack/core/opt/blink.lib/lua/blink/lib/log.lua:301: in function <.../nvim/site/pack/core/opt/blink.lib/lua/blink/lib/log.lua:299>
Lua callback: /usr/share/nvim/runtime/lua/vim/treesitter.lua:460: Parser could not be created for buffer 4136 and language "notify"
stack traceback:
	[C]: in function 'assert'
	/usr/share/nvim/runtime/lua/vim/treesitter.lua:460: in function 'start'
	...onfig/nvim/lua/config/ui/highlight/treesitter-config.lua:6: in function <...onfig/nvim/lua/config/ui/highlight/treesitter-config.lua:5>
	[C]: in function 'nvim_buf_set_option'
	.../core/opt/nvim-notify/lua/notify/service/buffer/init.lua:103: in function 'render'
	...te/pack/core/opt/nvim-notify/lua/notify/service/init.lua:53: in function 'push'
	...m/site/pack/core/opt/nvim-notify/lua/notify/instance.lua:132: in function <...m/site/pack/core/opt/nvim-notify/lua/notify/instance.lua:77>
	...ck/core/opt/noice.nvim/lua/noice/view/backend/notify.lua:168: in function '_notify'
	...ck/core/opt/noice.nvim/lua/noice/view/backend/notify.lua:198: in function 'show'
	...im/site/pack/core/opt/noice.nvim/lua/noice/view/init.lua:163: in function <...im/site/pack/core/opt/noice.nvim/lua/noice/view/init.lua:161>
	[C]: in function 'xpcall'
	...
	...te/pack/core/opt/noice.nvim/lua/noice/message/router.lua:214: in function <...te/pack/core/opt/noice.nvim/lua/noice/message/router.lua:147>
	[C]: in function 'xpcall'
	...im/site/pack/core/opt/noice.nvim/lua/noice/util/call.lua:149: in function 'try'
	...nvim/site/pack/core/opt/noice.nvim/lua/noice/ui/init.lua:88: in function 'ui_attach_cb'
	...nvim/site/pack/core/opt/noice.nvim/lua/noice/ui/init.lua:27: in function 'process_queue'
	...nvim/site/pack/core/opt/noice.nvim/lua/noice/ui/init.lua:138: in function <...nvim/site/pack/core/opt/noice.nvim/lua/noice/ui/init.lua:118>
	[C]: in function 'nvim_echo'
	.../nvim/site/pack/core/opt/blink.lib/lua/blink/lib/log.lua:187: in function <.../nvim/site/pack/core/opt/blink.lib/lua/blink/lib/log.lua:187>
	[C]: in function 'pcall'
	.../nvim/site/pack/core/opt/blink.lib/lua/blink/lib/log.lua:301: in function <.../nvim/site/pack/core/opt/blink.lib/lua/blink/lib/log.lua:299>
Lua callback: /usr/share/nvim/runtime/lua/vim/treesitter.lua:460: Parser could not be created for buffer 4137 and language "notify"
stack traceback:
	[C]: in function 'assert'
	/usr/share/nvim/runtime/lua/vim/treesitter.lua:460: in function 'start'
	...onfig/nvim/lua/config/ui/highlight/treesitter-config.lua:6: in function <...onfig/nvim/lua/config/ui/highlight/treesitter-config.lua:5>
	[C]: in function 'nvim_buf_set_option'
	.../core/opt/nvim-notify/lua/notify/service/buffer/init.lua:103: in function 'render'
	...te/pack/core/opt/nvim-notify/lua/notify/service/init.lua:53: in function 'push'
	...m/site/pack/core/opt/nvim-notify/lua/notify/instance.lua:132: in function <...m/site/pack/core/opt/nvim-notify/lua/notify/instance.lua:77>
	...ck/core/opt/noice.nvim/lua/noice/view/backend/notify.lua:168: in function '_notify'
	...ck/core/opt/noice.nvim/lua/noice/view/backend/notify.lua:198: in function 'show'
	...im/site/pack/core/opt/noice.nvim/lua/noice/view/init.lua:163: in function <...im/site/pack/core/opt/noice.nvim/lua/noice/view/init.lua:161>
	[C]: in function 'xpcall'
	...
	...te/pack/core/opt/noice.nvim/lua/noice/message/router.lua:214: in function <...te/pack/core/opt/noice.nvim/lua/noice/message/router.lua:147>
	[C]: in function 'xpcall'
	...im/site/pack/core/opt/noice.nvim/lua/noice/util/call.lua:149: in function 'try'
	...nvim/site/pack/core/opt/noice.nvim/lua/noice/ui/init.lua:88: in function 'ui_attach_cb'
	...nvim/site/pack/core/opt/noice.nvim/lua/noice/ui/init.lua:27: in function 'process_queue'
	...nvim/site/pack/core/opt/noice.nvim/lua/noice/ui/init.lua:138: in function <...nvim/site/pack/core/opt/noice.nvim/lua/noice/ui/init.lua:118>
	[C]: in function 'nvim_echo'
	.../nvim/site/pack/core/opt/blink.lib/lua/blink/lib/log.lua:187: in function <.../nvim/site/pack/core/opt/blink.lib/lua/blink/lib/log.lua:187>
	[C]: in function 'pcall'
	.../nvim/site/pack/core/opt/blink.lib/lua/blink/lib/log.lua:301: in function <.../nvim/site/pack/core/opt/blink.lib/lua/blink/lib/log.lua:299>
Lua callback: /usr/share/nvim/runtime/lua/vim/treesitter.lua:460: Parser could not be created for buffer 4138 and language "notify"
stack traceback:
	[C]: in function 'assert'
	/usr/share/nvim/runtime/lua/vim/treesitter.lua:460: in function 'start'
	...onfig/nvim/lua/config/ui/highlight/treesitter-config.lua:6: in function <...onfig/nvim/lua/config/ui/highlight/treesitter-config.lua:5>
	[C]: in function 'nvim_buf_set_option'
	.../core/opt/nvim-notify/lua/notify/service/buffer/init.lua:103: in function 'render'
	...te/pack/core/opt/nvim-notify/lua/notify/service/init.lua:53: in function 'push'
	...m/site/pack/core/opt/nvim-notify/lua/notify/instance.lua:132: in function <...m/site/pack/core/opt/nvim-notify/lua/notify/instance.lua:77>
	...ck/core/opt/noice.nvim/lua/noice/view/backend/notify.lua:168: in function '_notify'
	...ck/core/opt/noice.nvim/lua/noice/view/backend/notify.lua:198: in function 'show'
	...im/site/pack/core/opt/noice.nvim/lua/noice/view/init.lua:163: in function <...im/site/pack/core/opt/noice.nvim/lua/noice/view/init.lua:161>
	[C]: in function 'xpcall'
	...
	...te/pack/core/opt/noice.nvim/lua/noice/message/router.lua:214: in function <...te/pack/core/opt/noice.nvim/lua/noice/message/router.lua:147>
	[C]: in function 'xpcall'
	...im/site/pack/core/opt/noice.nvim/lua/noice/util/call.lua:149: in function 'try'
	...nvim/site/pack/core/opt/noice.nvim/lua/noice/ui/init.lua:88: in function 'ui_attach_cb'
	...nvim/site/pack/core/opt/noice.nvim/lua/noice/ui/init.lua:27: in function 'process_queue'
	...nvim/site/pack/core/opt/noice.nvim/lua/noice/ui/init.lua:138: in function <...nvim/site/pack/core/opt/noice.nvim/lua/noice/ui/init.lua:118>
	[C]: in function 'nvim_echo'
	.../nvim/site/pack/core/opt/blink.lib/lua/blink/lib/log.lua:187: in function <.../nvim/site/pack/core/opt/blink.lib/lua/blink/lib/log.lua:187>
	[C]: in function 'pcall'
	.../nvim/site/pack/core/opt/blink.lib/lua/blink/lib/log.lua:301: in function <.../nvim/site/pack/core/opt/blink.lib/lua/blink/lib/log.lua:299>
Lua callback: /usr/share/nvim/runtime/lua/vim/treesitter.lua:460: Parser could not be created for buffer 4139 and language "notify"
stack traceback:
	[C]: in function 'assert'
	/usr/share/nvim/runtime/lua/vim/treesitter.lua:460: in function 'start'
	...onfig/nvim/lua/config/ui/highlight/treesitter-config.lua:6: in function <...onfig/nvim/lua/config/ui/highlight/treesitter-config.lua:5>
	[C]: in function 'nvim_buf_set_option'
	.../core/opt/nvim-notify/lua/notify/service/buffer/init.lua:103: in function 'render'
	...te/pack/core/opt/nvim-notify/lua/notify/service/init.lua:53: in function 'push'
	...m/site/pack/core/opt/nvim-notify/lua/notify/instance.lua:132: in function <...m/site/pack/core/opt/nvim-notify/lua/notify/instance.lua:77>
	...ck/core/opt/noice.nvim/lua/noice/view/backend/notify.lua:168: in function '_notify'
	...ck/core/opt/noice.nvim/lua/noice/view/backend/notify.lua:198: in function 'show'
	...im/site/pack/core/opt/noice.nvim/lua/noice/view/init.lua:163: in function <...im/site/pack/core/opt/noice.nvim/lua/noice/view/init.lua:161>
	[C]: in function 'xpcall'
	...
	...te/pack/core/opt/noice.nvim/lua/noice/message/router.lua:214: in function <...te/pack/core/opt/noice.nvim/lua/noice/message/router.lua:147>
	[C]: in function 'xpcall'
	...im/site/pack/core/opt/noice.nvim/lua/noice/util/call.lua:149: in function 'try'
	...nvim/site/pack/core/opt/noice.nvim/lua/noice/ui/init.lua:88: in function 'ui_attach_cb'
	...nvim/site/pack/core/opt/noice.nvim/lua/noice/ui/init.lua:27: in function 'process_queue'
	...nvim/site/pack/core/opt/noice.nvim/lua/noice/ui/init.lua:138: in function <...nvim/site/pack/core/opt/noice.nvim/lua/noice/ui/init.lua:118>
	[C]: in function 'nvim_echo'
	.../nvim/site/pack/core/opt/blink.lib/lua/blink/lib/log.lua:187: in function <.../nvim/site/pack/core/opt/blink.lib/lua/blink/lib/log.lua:187>
	[C]: in function 'pcall'
	.../nvim/site/pack/core/opt/blink.lib/lua/blink/lib/log.lua:301: in function <.../nvim/site/pack/core/opt/blink.lib/lua/blink/lib/log.lua:299>
Lua callback: /usr/share/nvim/runtime/lua/vim/treesitter.lua:460: Parser could not be created for buffer 4140 and language "notify"
stack traceback:
	[C]: in function 'assert'
	/usr/share/nvim/runtime/lua/vim/treesitter.lua:460: in function 'start'
	...onfig/nvim/lua/config/ui/highlight/treesitter-config.lua:6: in function <...onfig/nvim/lua/config/ui/highlight/treesitter-config.lua:5>
	[C]: in function 'nvim_buf_set_option'
	.../core/opt/nvim-notify/lua/notify/service/buffer/init.lua:103: in function 'render'
	...te/pack/core/opt/nvim-notify/lua/notify/service/init.lua:53: in function 'push'
	...m/site/pack/core/opt/nvim-notify/lua/notify/instance.lua:132: in function <...m/site/pack/core/opt/nvim-notify/lua/notify/instance.lua:77>
	...ck/core/opt/noice.nvim/lua/noice/view/backend/notify.lua:168: in function '_notify'
	...ck/core/opt/noice.nvim/lua/noice/view/backend/notify.lua:198: in function 'show'
	...im/site/pack/core/opt/noice.nvim/lua/noice/view/init.lua:163: in function <...im/site/pack/core/opt/noice.nvim/lua/noice/view/init.lua:161>
	[C]: in function 'xpcall'
	...
	...te/pack/core/opt/noice.nvim/lua/noice/message/router.lua:214: in function <...te/pack/core/opt/noice.nvim/lua/noice/message/router.lua:147>
	[C]: in function 'xpcall'
	...im/site/pack/core/opt/noice.nvim/lua/noice/util/call.lua:149: in function 'try'
	...nvim/site/pack/core/opt/noice.nvim/lua/noice/ui/init.lua:88: in function 'ui_attach_cb'
	...nvim/site/pack/core/opt/noice.nvim/lua/noice/ui/init.lua:27: in function 'process_queue'
	...nvim/site/pack/core/opt/noice.nvim/lua/noice/ui/init.lua:138: in function <...nvim/site/pack/core/opt/noice.nvim/lua/noice/ui/init.lua:118>
	[C]: in function 'nvim_echo'
	.../nvim/site/pack/core/opt/blink.lib/lua/blink/lib/log.lua:187: in function <.../nvim/site/pack/core/opt/blink.lib/lua/blink/lib/log.lua:187>
	[C]: in function 'pcall'
	.../nvim/site/pack/core/opt/blink.lib/lua/blink/lib/log.lua:301: in function <.../nvim/site/pack/core/opt/blink.lib/lua/blink/lib/log.lua:299>
Lua callback: /usr/share/nvim/runtime/lua/vim/treesitter.lua:460: Parser could not be created for buffer 4141 and language "notify"
stack traceback:
	[C]: in function 'assert'
	/usr/share/nvim/runtime/lua/vim/treesitter.lua:460: in function 'start'
	...onfig/nvim/lua/config/ui/highlight/treesitter-config.lua:6: in function <...onfig/nvim/lua/config/ui/highlight/treesitter-config.lua:5>
	[C]: in function 'nvim_buf_set_option'
	.../core/opt/nvim-notify/lua/notify/service/buffer/init.lua:103: in function 'render'
	...te/pack/core/opt/nvim-notify/lua/notify/service/init.lua:53: in function 'push'
	...m/site/pack/core/opt/nvim-notify/lua/notify/instance.lua:132: in function <...m/site/pack/core/opt/nvim-notify/lua/notify/instance.lua:77>
	...ck/core/opt/noice.nvim/lua/noice/view/backend/notify.lua:168: in function '_notify'
	...ck/core/opt/noice.nvim/lua/noice/view/backend/notify.lua:198: in function 'show'
	...im/site/pack/core/opt/noice.nvim/lua/noice/view/init.lua:163: in function <...im/site/pack/core/opt/noice.nvim/lua/noice/view/init.lua:161>
	[C]: in function 'xpcall'
	...
	...te/pack/core/opt/noice.nvim/lua/noice/message/router.lua:214: in function <...te/pack/core/opt/noice.nvim/lua/noice/message/router.lua:147>
	[C]: in function 'xpcall'
	...im/site/pack/core/opt/noice.nvim/lua/noice/util/call.lua:149: in function 'try'
	...nvim/site/pack/core/opt/noice.nvim/lua/noice/ui/init.lua:88: in function 'ui_attach_cb'
	...nvim/site/pack/core/opt/noice.nvim/lua/noice/ui/init.lua:27: in function 'process_queue'
	...nvim/site/pack/core/opt/noice.nvim/lua/noice/ui/init.lua:138: in function <...nvim/site/pack/core/opt/noice.nvim/lua/noice/ui/init.lua:118>
	[C]: in function 'nvim_echo'
	.../nvim/site/pack/core/opt/blink.lib/lua/blink/lib/log.lua:187: in function <.../nvim/site/pack/core/opt/blink.lib/lua/blink/lib/log.lua:187>
	[C]: in function 'pcall'
	.../nvim/site/pack/core/opt/blink.lib/lua/blink/lib/log.lua:301: in function <.../nvim/site/pack/core/opt/blink.lib/lua/blink/lib/log.lua:299>
Lua callback: /usr/share/nvim/runtime/lua/vim/treesitter.lua:460: Parser could not be created for buffer 4142 and language "notify"
stack traceback:
	[C]: in function 'assert'
	/usr/share/nvim/runtime/lua/vim/treesitter.lua:460: in function 'start'
	...onfig/nvim/lua/config/ui/highlight/treesitter-config.lua:6: in function <...onfig/nvim/lua/config/ui/highlight/treesitter-config.lua:5>
	[C]: in function 'nvim_buf_set_option'
	.../core/opt/nvim-notify/lua/notify/service/buffer/init.lua:103: in function 'render'
	...te/pack/core/opt/nvim-notify/lua/notify/service/init.lua:53: in function 'push'
	...m/site/pack/core/opt/nvim-notify/lua/notify/instance.lua:132: in function <...m/site/pack/core/opt/nvim-notify/lua/notify/instance.lua:77>
	...ck/core/opt/noice.nvim/lua/noice/view/backend/notify.lua:168: in function '_notify'
	...ck/core/opt/noice.nvim/lua/noice/view/backend/notify.lua:198: in function 'show'
	...im/site/pack/core/opt/noice.nvim/lua/noice/view/init.lua:163: in function <...im/site/pack/core/opt/noice.nvim/lua/noice/view/init.lua:161>
	[C]: in function 'xpcall'
	...
	...te/pack/core/opt/noice.nvim/lua/noice/message/router.lua:214: in function <...te/pack/core/opt/noice.nvim/lua/noice/message/router.lua:147>
	[C]: in function 'xpcall'
	...im/site/pack/core/opt/noice.nvim/lua/noice/util/call.lua:149: in function 'try'
	...nvim/site/pack/core/opt/noice.nvim/lua/noice/ui/init.lua:88: in function 'ui_attach_cb'
	...nvim/site/pack/core/opt/noice.nvim/lua/noice/ui/init.lua:27: in function 'process_queue'
	...nvim/site/pack/core/opt/noice.nvim/lua/noice/ui/init.lua:138: in function <...nvim/site/pack/core/opt/noice.nvim/lua/noice/ui/init.lua:118>
	[C]: in function 'nvim_echo'
	.../nvim/site/pack/core/opt/blink.lib/lua/blink/lib/log.lua:187: in function <.../nvim/site/pack/core/opt/blink.lib/lua/blink/lib/log.lua:187>
	[C]: in function 'pcall'
	.../nvim/site/pack/core/opt/blink.lib/lua/blink/lib/log.lua:301: in function <.../nvim/site/pack/core/opt/blink.lib/lua/blink/lib/log.lua:299>
Lua callback: /usr/share/nvim/runtime/lua/vim/treesitter.lua:460: Parser could not be created for buffer 4143 and language "notify"
stack traceback:
	[C]: in function 'assert'
	/usr/share/nvim/runtime/lua/vim/treesitter.lua:460: in function 'start'
	...onfig/nvim/lua/config/ui/highlight/treesitter-config.lua:6: in function <...onfig/nvim/lua/config/ui/highlight/treesitter-config.lua:5>
	[C]: in function 'nvim_buf_set_option'
	.../core/opt/nvim-notify/lua/notify/service/buffer/init.lua:103: in function 'render'
	...te/pack/core/opt/nvim-notify/lua/notify/service/init.lua:53: in function 'push'
	...m/site/pack/core/opt/nvim-notify/lua/notify/instance.lua:132: in function <...m/site/pack/core/opt/nvim-notify/lua/notify/instance.lua:77>
	...ck/core/opt/noice.nvim/lua/noice/view/backend/notify.lua:168: in function '_notify'
	...ck/core/opt/noice.nvim/lua/noice/view/backend/notify.lua:198: in function 'show'
	...im/site/pack/core/opt/noice.nvim/lua/noice/view/init.lua:163: in function <...im/site/pack/core/opt/noice.nvim/lua/noice/view/init.lua:161>
	[C]: in function 'xpcall'
	...
	...te/pack/core/opt/noice.nvim/lua/noice/message/router.lua:214: in function <...te/pack/core/opt/noice.nvim/lua/noice/message/router.lua:147>
	[C]: in function 'xpcall'
	...im/site/pack/core/opt/noice.nvim/lua/noice/util/call.lua:149: in function 'try'
	...nvim/site/pack/core/opt/noice.nvim/lua/noice/ui/init.lua:88: in function 'ui_attach_cb'
	...nvim/site/pack/core/opt/noice.nvim/lua/noice/ui/init.lua:27: in function 'process_queue'
	...nvim/site/pack/core/opt/noice.nvim/lua/noice/ui/init.lua:138: in function <...nvim/site/pack/core/opt/noice.nvim/lua/noice/ui/init.lua:118>
	[C]: in function 'nvim_echo'
	.../nvim/site/pack/core/opt/blink.lib/lua/blink/lib/log.lua:187: in function <.../nvim/site/pack/core/opt/blink.lib/lua/blink/lib/log.lua:187>
	[C]: in function 'pcall'
	.../nvim/site/pack/core/opt/blink.lib/lua/blink/lib/log.lua:301: in function <.../nvim/site/pack/core/opt/blink.lib/lua/blink/lib/log.lua:299>
Lua callback: /usr/share/nvim/runtime/lua/vim/treesitter.lua:460: Parser could not be created for buffer 4144 and language "notify"
stack traceback:
	[C]: in function 'assert'
	/usr/share/nvim/runtime/lua/vim/treesitter.lua:460: in function 'start'
	...onfig/nvim/lua/config/ui/highlight/treesitter-config.lua:6: in function <...onfig/nvim/lua/config/ui/highlight/treesitter-config.lua:5>
	[C]: in function 'nvim_buf_set_option'
	.../core/opt/nvim-notify/lua/notify/service/buffer/init.lua:103: in function 'render'
	...te/pack/core/opt/nvim-notify/lua/notify/service/init.lua:53: in function 'push'
	...m/site/pack/core/opt/nvim-notify/lua/notify/instance.lua:132: in function <...m/site/pack/core/opt/nvim-notify/lua/notify/instance.lua:77>
	...ck/core/opt/noice.nvim/lua/noice/view/backend/notify.lua:168: in function '_notify'
	...ck/core/opt/noice.nvim/lua/noice/view/backend/notify.lua:198: in function 'show'
	...im/site/pack/core/opt/noice.nvim/lua/noice/view/init.lua:163: in function <...im/site/pack/core/opt/noice.nvim/lua/noice/view/init.lua:161>
	[C]: in function 'xpcall'
	...
	...te/pack/core/opt/noice.nvim/lua/noice/message/router.lua:214: in function <...te/pack/core/opt/noice.nvim/lua/noice/message/router.lua:147>
	[C]: in function 'xpcall'
	...im/site/pack/core/opt/noice.nvim/lua/noice/util/call.lua:149: in function 'try'
	...nvim/site/pack/core/opt/noice.nvim/lua/noice/ui/init.lua:88: in function 'ui_attach_cb'
	...nvim/site/pack/core/opt/noice.nvim/lua/noice/ui/init.lua:27: in function 'process_queue'
	...nvim/site/pack/core/opt/noice.nvim/lua/noice/ui/init.lua:138: in function <...nvim/site/pack/core/opt/noice.nvim/lua/noice/ui/init.lua:118>
	[C]: in function 'nvim_echo'
	.../nvim/site/pack/core/opt/blink.lib/lua/blink/lib/log.lua:187: in function <.../nvim/site/pack/core/opt/blink.lib/lua/blink/lib/log.lua:187>
	[C]: in function 'pcall'
	.../nvim/site/pack/core/opt/blink.lib/lua/blink/lib/log.lua:301: in function <.../nvim/site/pack/core/opt/blink.lib/lua/blink/lib/log.lua:299>
Lua callback: /usr/share/nvim/runtime/lua/vim/treesitter.lua:460: Parser could not be created for buffer 4145 and language "notify"
stack traceback:
	[C]: in function 'assert'
	/usr/share/nvim/runtime/lua/vim/treesitter.lua:460: in function 'start'
	...onfig/nvim/lua/config/ui/highlight/treesitter-config.lua:6: in function <...onfig/nvim/lua/config/ui/highlight/treesitter-config.lua:5>
	[C]: in function 'nvim_buf_set_option'
	.../core/opt/nvim-notify/lua/notify/service/buffer/init.lua:103: in function 'render'
	...te/pack/core/opt/nvim-notify/lua/notify/service/init.lua:53: in function 'push'
	...m/site/pack/core/opt/nvim-notify/lua/notify/instance.lua:132: in function <...m/site/pack/core/opt/nvim-notify/lua/notify/instance.lua:77>
	...ck/core/opt/noice.nvim/lua/noice/view/backend/notify.lua:168: in function '_notify'
	...ck/core/opt/noice.nvim/lua/noice/view/backend/notify.lua:198: in function 'show'
	...im/site/pack/core/opt/noice.nvim/lua/noice/view/init.lua:163: in function <...im/site/pack/core/opt/noice.nvim/lua/noice/view/init.lua:161>
	[C]: in function 'xpcall'
	...
	...te/pack/core/opt/noice.nvim/lua/noice/message/router.lua:214: in function <...te/pack/core/opt/noice.nvim/lua/noice/message/router.lua:147>
	[C]: in function 'xpcall'
	...im/site/pack/core/opt/noice.nvim/lua/noice/util/call.lua:149: in function 'try'
	...nvim/site/pack/core/opt/noice.nvim/lua/noice/ui/init.lua:88: in function 'ui_attach_cb'
	...nvim/site/pack/core/opt/noice.nvim/lua/noice/ui/init.lua:27: in function 'process_queue'
	...nvim/site/pack/core/opt/noice.nvim/lua/noice/ui/init.lua:138: in function <...nvim/site/pack/core/opt/noice.nvim/lua/noice/ui/init.lua:118>
	[C]: in function 'nvim_echo'
	.../nvim/site/pack/core/opt/blink.lib/lua/blink/lib/log.lua:187: in function <.../nvim/site/pack/core/opt/blink.lib/lua/blink/lib/log.lua:187>
	[C]: in function 'pcall'
	.../nvim/site/pack/core/opt/blink.lib/lua/blink/lib/log.lua:301: in function <.../nvim/site/pack/core/opt/blink.lib/lua/blink/lib/log.lua:299>
Lua callback: /usr/share/nvim/runtime/lua/vim/treesitter.lua:460: Parser could not be created for buffer 4146 and language "notify"
stack traceback:
	[C]: in function 'assert'
	/usr/share/nvim/runtime/lua/vim/treesitter.lua:460: in function 'start'
	...onfig/nvim/lua/config/ui/highlight/treesitter-config.lua:6: in function <...onfig/nvim/lua/config/ui/highlight/treesitter-config.lua:5>
	[C]: in function 'nvim_buf_set_option'
	.../core/opt/nvim-notify/lua/notify/service/buffer/init.lua:103: in function 'render'
	...te/pack/core/opt/nvim-notify/lua/notify/service/init.lua:53: in function 'push'
	...m/site/pack/core/opt/nvim-notify/lua/notify/instance.lua:132: in function <...m/site/pack/core/opt/nvim-notify/lua/notify/instance.lua:77>
	...ck/core/opt/noice.nvim/lua/noice/view/backend/notify.lua:168: in function '_notify'
	...ck/core/opt/noice.nvim/lua/noice/view/backend/notify.lua:198: in function 'show'
	...im/site/pack/core/opt/noice.nvim/lua/noice/view/init.lua:163: in function <...im/site/pack/core/opt/noice.nvim/lua/noice/view/init.lua:161>
	[C]: in function 'xpcall'
	...
	...te/pack/core/opt/noice.nvim/lua/noice/message/router.lua:214: in function <...te/pack/core/opt/noice.nvim/lua/noice/message/router.lua:147>
	[C]: in function 'xpcall'
	...im/site/pack/core/opt/noice.nvim/lua/noice/util/call.lua:149: in function 'try'
	...nvim/site/pack/core/opt/noice.nvim/lua/noice/ui/init.lua:88: in function 'ui_attach_cb'
	...nvim/site/pack/core/opt/noice.nvim/lua/noice/ui/init.lua:27: in function 'process_queue'
	...nvim/site/pack/core/opt/noice.nvim/lua/noice/ui/init.lua:138: in function <...nvim/site/pack/core/opt/noice.nvim/lua/noice/ui/init.lua:118>
	[C]: in function 'nvim_echo'
	.../nvim/site/pack/core/opt/blink.lib/lua/blink/lib/log.lua:187: in function <.../nvim/site/pack/core/opt/blink.lib/lua/blink/lib/log.lua:187>
	[C]: in function 'pcall'
	.../nvim/site/pack/core/opt/blink.lib/lua/blink/lib/log.lua:301: in function <.../nvim/site/pack/core/opt/blink.lib/lua/blink/lib/log.lua:299>
Lua callback: /usr/share/nvim/runtime/lua/vim/treesitter.lua:460: Parser could not be created for buffer 4147 and language "notify"
stack traceback:
	[C]: in function 'assert'
	/usr/share/nvim/runtime/lua/vim/treesitter.lua:460: in function 'start'
	...onfig/nvim/lua/config/ui/highlight/treesitter-config.lua:6: in function <...onfig/nvim/lua/config/ui/highlight/treesitter-config.lua:5>
	[C]: in function 'nvim_buf_set_option'
	.../core/opt/nvim-notify/lua/notify/service/buffer/init.lua:103: in function 'render'
	...te/pack/core/opt/nvim-notify/lua/notify/service/init.lua:53: in function 'push'
	...m/site/pack/core/opt/nvim-notify/lua/notify/instance.lua:132: in function <...m/site/pack/core/opt/nvim-notify/lua/notify/instance.lua:77>
	...ck/core/opt/noice.nvim/lua/noice/view/backend/notify.lua:168: in function '_notify'
	...ck/core/opt/noice.nvim/lua/noice/view/backend/notify.lua:198: in function 'show'
	...im/site/pack/core/opt/noice.nvim/lua/noice/view/init.lua:163: in function <...im/site/pack/core/opt/noice.nvim/lua/noice/view/init.lua:161>
	[C]: in function 'xpcall'
	...
	...te/pack/core/opt/noice.nvim/lua/noice/message/router.lua:214: in function <...te/pack/core/opt/noice.nvim/lua/noice/message/router.lua:147>
	[C]: in function 'xpcall'
	...im/site/pack/core/opt/noice.nvim/lua/noice/util/call.lua:149: in function 'try'
	...nvim/site/pack/core/opt/noice.nvim/lua/noice/ui/init.lua:88: in function 'ui_attach_cb'
	...nvim/site/pack/core/opt/noice.nvim/lua/noice/ui/init.lua:27: in function 'process_queue'
	...nvim/site/pack/core/opt/noice.nvim/lua/noice/ui/init.lua:138: in function <...nvim/site/pack/core/opt/noice.nvim/lua/noice/ui/init.lua:118>
	[C]: in function 'nvim_echo'
	.../nvim/site/pack/core/opt/blink.lib/lua/blink/lib/log.lua:187: in function <.../nvim/site/pack/core/opt/blink.lib/lua/blink/lib/log.lua:187>
	[C]: in function 'pcall'
	.../nvim/site/pack/core/opt/blink.lib/lua/blink/lib/log.lua:301: in function <.../nvim/site/pack/core/opt/blink.lib/lua/blink/lib/log.lua:299>
Lua callback: /usr/share/nvim/runtime/lua/vim/treesitter.lua:460: Parser could not be created for buffer 4148 and language "notify"
stack traceback:
	[C]: in function 'assert'
	/usr/share/nvim/runtime/lua/vim/treesitter.lua:460: in function 'start'
	...onfig/nvim/lua/config/ui/highlight/treesitter-config.lua:6: in function <...onfig/nvim/lua/config/ui/highlight/treesitter-config.lua:5>
	[C]: in function 'nvim_buf_set_option'
	.../core/opt/nvim-notify/lua/notify/service/buffer/init.lua:103: in function 'render'
	...te/pack/core/opt/nvim-notify/lua/notify/service/init.lua:53: in function 'push'
	...m/site/pack/core/opt/nvim-notify/lua/notify/instance.lua:132: in function <...m/site/pack/core/opt/nvim-notify/lua/notify/instance.lua:77>
	...ck/core/opt/noice.nvim/lua/noice/view/backend/notify.lua:168: in function '_notify'
	...ck/core/opt/noice.nvim/lua/noice/view/backend/notify.lua:198: in function 'show'
	...im/site/pack/core/opt/noice.nvim/lua/noice/view/init.lua:163: in function <...im/site/pack/core/opt/noice.nvim/lua/noice/view/init.lua:161>
	[C]: in function 'xpcall'
	...
	...te/pack/core/opt/noice.nvim/lua/noice/message/router.lua:214: in function <...te/pack/core/opt/noice.nvim/lua/noice/message/router.lua:147>
	[C]: in function 'xpcall'
	...im/site/pack/core/opt/noice.nvim/lua/noice/util/call.lua:149: in function 'try'
	...nvim/site/pack/core/opt/noice.nvim/lua/noice/ui/init.lua:88: in function 'ui_attach_cb'
	...nvim/site/pack/core/opt/noice.nvim/lua/noice/ui/init.lua:27: in function 'process_queue'
	...nvim/site/pack/core/opt/noice.nvim/lua/noice/ui/init.lua:138: in function <...nvim/site/pack/core/opt/noice.nvim/lua/noice/ui/init.lua:118>
	[C]: in function 'nvim_echo'
	.../nvim/site/pack/core/opt/blink.lib/lua/blink/lib/log.lua:187: in function <.../nvim/site/pack/core/opt/blink.lib/lua/blink/lib/log.lua:187>
	[C]: in function 'pcall'
	.../nvim/site/pack/core/opt/blink.lib/lua/blink/lib/log.lua:301: in function <.../nvim/site/pack/core/opt/blink.lib/lua/blink/lib/log.lua:299>
Lua callback: /usr/share/nvim/runtime/lua/vim/treesitter.lua:460: Parser could not be created for buffer 4149 and language "notify"
stack traceback:
	[C]: in function 'assert'
	/usr/share/nvim/runtime/lua/vim/treesitter.lua:460: in function 'start'
	...onfig/nvim/lua/config/ui/highlight/treesitter-config.lua:6: in function <...onfig/nvim/lua/config/ui/highlight/treesitter-config.lua:5>
	[C]: in function 'nvim_buf_set_option'
	.../core/opt/nvim-notify/lua/notify/service/buffer/init.lua:103: in function 'render'
	...te/pack/core/opt/nvim-notify/lua/notify/service/init.lua:53: in function 'push'
	...m/site/pack/core/opt/nvim-notify/lua/notify/instance.lua:132: in function <...m/site/pack/core/opt/nvim-notify/lua/notify/instance.lua:77>
	...ck/core/opt/noice.nvim/lua/noice/view/backend/notify.lua:168: in function '_notify'
	...ck/core/opt/noice.nvim/lua/noice/view/backend/notify.lua:198: in function 'show'
	...im/site/pack/core/opt/noice.nvim/lua/noice/view/init.lua:163: in function <...im/site/pack/core/opt/noice.nvim/lua/noice/view/init.lua:161>
	[C]: in function 'xpcall'
	...
	...te/pack/core/opt/noice.nvim/lua/noice/message/router.lua:214: in function <...te/pack/core/opt/noice.nvim/lua/noice/message/router.lua:147>
	[C]: in function 'xpcall'
	...im/site/pack/core/opt/noice.nvim/lua/noice/util/call.lua:149: in function 'try'
	...nvim/site/pack/core/opt/noice.nvim/lua/noice/ui/init.lua:88: in function 'ui_attach_cb'
	...nvim/site/pack/core/opt/noice.nvim/lua/noice/ui/init.lua:27: in function 'process_queue'
	...nvim/site/pack/core/opt/noice.nvim/lua/noice/ui/init.lua:138: in function <...nvim/site/pack/core/opt/noice.nvim/lua/noice/ui/init.lua:118>
	[C]: in function 'nvim_echo'
	.../nvim/site/pack/core/opt/blink.lib/lua/blink/lib/log.lua:187: in function <.../nvim/site/pack/core/opt/blink.lib/lua/blink/lib/log.lua:187>
	[C]: in function 'pcall'
	.../nvim/site/pack/core/opt/blink.lib/lua/blink/lib/log.lua:301: in function <.../nvim/site/pack/core/opt/blink.lib/lua/blink/lib/log.lua:299>
Lua callback: /usr/share/nvim/runtime/lua/vim/treesitter.lua:460: Parser could not be created for buffer 4150 and language "notify"
stack traceback:
	[C]: in function 'assert'
	/usr/share/nvim/runtime/lua/vim/treesitter.lua:460: in function 'start'
	...onfig/nvim/lua/config/ui/highlight/treesitter-config.lua:6: in function <...onfig/nvim/lua/config/ui/highlight/treesitter-config.lua:5>
	[C]: in function 'nvim_buf_set_option'
	.../core/opt/nvim-notify/lua/notify/service/buffer/init.lua:103: in function 'render'
	...te/pack/core/opt/nvim-notify/lua/notify/service/init.lua:53: in function 'push'
	...m/site/pack/core/opt/nvim-notify/lua/notify/instance.lua:132: in function <...m/site/pack/core/opt/nvim-notify/lua/notify/instance.lua:77>
	...ck/core/opt/noice.nvim/lua/noice/view/backend/notify.lua:168: in function '_notify'
	...ck/core/opt/noice.nvim/lua/noice/view/backend/notify.lua:198: in function 'show'
	...im/site/pack/core/opt/noice.nvim/lua/noice/view/init.lua:163: in function <...im/site/pack/core/opt/noice.nvim/lua/noice/view/init.lua:161>
	[C]: in function 'xpcall'
	...
	...te/pack/core/opt/noice.nvim/lua/noice/message/router.lua:214: in function <...te/pack/core/opt/noice.nvim/lua/noice/message/router.lua:147>
	[C]: in function 'xpcall'
	...im/site/pack/core/opt/noice.nvim/lua/noice/util/call.lua:149: in function 'try'
	...nvim/site/pack/core/opt/noice.nvim/lua/noice/ui/init.lua:88: in function 'ui_attach_cb'
	...nvim/site/pack/core/opt/noice.nvim/lua/noice/ui/init.lua:27: in function 'process_queue'
	...nvim/site/pack/core/opt/noice.nvim/lua/noice/ui/init.lua:138: in function <...nvim/site/pack/core/opt/noice.nvim/lua/noice/ui/init.lua:118>
	[C]: in function 'nvim_echo'
	.../nvim/site/pack/core/opt/blink.lib/lua/blink/lib/log.lua:187: in function <.../nvim/site/pack/core/opt/blink.lib/lua/blink/lib/log.lua:187>
	[C]: in function 'pcall'
	.../nvim/site/pack/core/opt/blink.lib/lua/blink/lib/log.lua:301: in function <.../nvim/site/pack/core/opt/blink.lib/lua/blink/lib/log.lua:299>
Lua callback: /usr/share/nvim/runtime/lua/vim/treesitter.lua:460: Parser could not be created for buffer 4151 and language "notify"
stack traceback:
	[C]: in function 'assert'
	/usr/share/nvim/runtime/lua/vim/treesitter.lua:460: in function 'start'
	...onfig/nvim/lua/config/ui/highlight/treesitter-config.lua:6: in function <...onfig/nvim/lua/config/ui/highlight/treesitter-config.lua:5>
	[C]: in function 'nvim_buf_set_option'
	.../core/opt/nvim-notify/lua/notify/service/buffer/init.lua:103: in function 'render'
	...te/pack/core/opt/nvim-notify/lua/notify/service/init.lua:53: in function 'push'
	...m/site/pack/core/opt/nvim-notify/lua/notify/instance.lua:132: in function <...m/site/pack/core/opt/nvim-notify/lua/notify/instance.lua:77>
	...ck/core/opt/noice.nvim/lua/noice/view/backend/notify.lua:168: in function '_notify'
	...ck/core/opt/noice.nvim/lua/noice/view/backend/notify.lua:198: in function 'show'
	...im/site/pack/core/opt/noice.nvim/lua/noice/view/init.lua:163: in function <...im/site/pack/core/opt/noice.nvim/lua/noice/view/init.lua:161>
	[C]: in function 'xpcall'
	...
	...te/pack/core/opt/noice.nvim/lua/noice/message/router.lua:214: in function <...te/pack/core/opt/noice.nvim/lua/noice/message/router.lua:147>
	[C]: in function 'xpcall'
	...im/site/pack/core/opt/noice.nvim/lua/noice/util/call.lua:149: in function 'try'
	...nvim/site/pack/core/opt/noice.nvim/lua/noice/ui/init.lua:88: in function 'ui_attach_cb'
	...nvim/site/pack/core/opt/noice.nvim/lua/noice/ui/init.lua:27: in function 'process_queue'
	...nvim/site/pack/core/opt/noice.nvim/lua/noice/ui/init.lua:138: in function <...nvim/site/pack/core/opt/noice.nvim/lua/noice/ui/init.lua:118>
	[C]: in function 'nvim_echo'
	.../nvim/site/pack/core/opt/blink.lib/lua/blink/lib/log.lua:187: in function <.../nvim/site/pack/core/opt/blink.lib/lua/blink/lib/log.lua:187>
	[C]: in function 'pcall'
	.../nvim/site/pack/core/opt/blink.lib/lua/blink/lib/log.lua:301: in function <.../nvim/site/pack/core/opt/blink.lib/lua/blink/lib/log.lua:299>
Lua callback: /usr/share/nvim/runtime/lua/vim/treesitter.lua:460: Parser could not be created for buffer 4152 and language "notify"
stack traceback:
	[C]: in function 'assert'
	/usr/share/nvim/runtime/lua/vim/treesitter.lua:460: in function 'start'
	...onfig/nvim/lua/config/ui/highlight/treesitter-config.lua:6: in function <...onfig/nvim/lua/config/ui/highlight/treesitter-config.lua:5>
	[C]: in function 'nvim_buf_set_option'
	.../core/opt/nvim-notify/lua/notify/service/buffer/init.lua:103: in function 'render'
	...te/pack/core/opt/nvim-notify/lua/notify/service/init.lua:53: in function 'push'
	...m/site/pack/core/opt/nvim-notify/lua/notify/instance.lua:132: in function <...m/site/pack/core/opt/nvim-notify/lua/notify/instance.lua:77>
	...ck/core/opt/noice.nvim/lua/noice/view/backend/notify.lua:168: in function '_notify'
	...ck/core/opt/noice.nvim/lua/noice/view/backend/notify.lua:198: in function 'show'
	...im/site/pack/core/opt/noice.nvim/lua/noice/view/init.lua:163: in function <...im/site/pack/core/opt/noice.nvim/lua/noice/view/init.lua:161>
	[C]: in function 'xpcall'
	...
	...te/pack/core/opt/noice.nvim/lua/noice/message/router.lua:214: in function <...te/pack/core/opt/noice.nvim/lua/noice/message/router.lua:147>
	[C]: in function 'xpcall'
	...im/site/pack/core/opt/noice.nvim/lua/noice/util/call.lua:149: in function 'try'
	...nvim/site/pack/core/opt/noice.nvim/lua/noice/ui/init.lua:88: in function 'ui_attach_cb'
	...nvim/site/pack/core/opt/noice.nvim/lua/noice/ui/init.lua:27: in function 'process_queue'
	...nvim/site/pack/core/opt/noice.nvim/lua/noice/ui/init.lua:138: in function <...nvim/site/pack/core/opt/noice.nvim/lua/noice/ui/init.lua:118>
	[C]: in function 'nvim_echo'
	.../nvim/site/pack/core/opt/blink.lib/lua/blink/lib/log.lua:187: in function <.../nvim/site/pack/core/opt/blink.lib/lua/blink/lib/log.lua:187>
	[C]: in function 'pcall'
	.../nvim/site/pack/core/opt/blink.lib/lua/blink/lib/log.lua:301: in function <.../nvim/site/pack/core/opt/blink.lib/lua/blink/lib/log.lua:299>
Lua callback: /usr/share/nvim/runtime/lua/vim/treesitter.lua:460: Parser could not be created for buffer 4153 and language "notify"
stack traceback:
	[C]: in function 'assert'
	/usr/share/nvim/runtime/lua/vim/treesitter.lua:460: in function 'start'
	...onfig/nvim/lua/config/ui/highlight/treesitter-config.lua:6: in function <...onfig/nvim/lua/config/ui/highlight/treesitter-config.lua:5>
	[C]: in function 'nvim_buf_set_option'
	.../core/opt/nvim-notify/lua/notify/service/buffer/init.lua:103: in function 'render'
	...te/pack/core/opt/nvim-notify/lua/notify/service/init.lua:53: in function 'push'
	...m/site/pack/core/opt/nvim-notify/lua/notify/instance.lua:132: in function <...m/site/pack/core/opt/nvim-notify/lua/notify/instance.lua:77>
	...ck/core/opt/noice.nvim/lua/noice/view/backend/notify.lua:168: in function '_notify'
	...ck/core/opt/noice.nvim/lua/noice/view/backend/notify.lua:198: in function 'show'
	...im/site/pack/core/opt/noice.nvim/lua/noice/view/init.lua:163: in function <...im/site/pack/core/opt/noice.nvim/lua/noice/view/init.lua:161>
	[C]: in function 'xpcall'
	...
	...te/pack/core/opt/noice.nvim/lua/noice/message/router.lua:214: in function <...te/pack/core/opt/noice.nvim/lua/noice/message/router.lua:147>
	[C]: in function 'xpcall'
	...im/site/pack/core/opt/noice.nvim/lua/noice/util/call.lua:149: in function 'try'
	...nvim/site/pack/core/opt/noice.nvim/lua/noice/ui/init.lua:88: in function 'ui_attach_cb'
	...nvim/site/pack/core/opt/noice.nvim/lua/noice/ui/init.lua:27: in function 'process_queue'
	...nvim/site/pack/core/opt/noice.nvim/lua/noice/ui/init.lua:138: in function <...nvim/site/pack/core/opt/noice.nvim/lua/noice/ui/init.lua:118>
	[C]: in function 'nvim_echo'
	.../nvim/site/pack/core/opt/blink.lib/lua/blink/lib/log.lua:187: in function <.../nvim/site/pack/core/opt/blink.lib/lua/blink/lib/log.lua:187>
	[C]: in function 'pcall'
	.../nvim/site/pack/core/opt/blink.lib/lua/blink/lib/log.lua:301: in function <.../nvim/site/pack/core/opt/blink.lib/lua/blink/lib/log.lua:299>
Lua callback: /usr/share/nvim/runtime/lua/vim/treesitter.lua:460: Parser could not be created for buffer 4154 and language "notify"
stack traceback:
	[C]: in function 'assert'
	/usr/share/nvim/runtime/lua/vim/treesitter.lua:460: in function 'start'
	...onfig/nvim/lua/config/ui/highlight/treesitter-config.lua:6: in function <...onfig/nvim/lua/config/ui/highlight/treesitter-config.lua:5>
	[C]: in function 'nvim_buf_set_option'
	.../core/opt/nvim-notify/lua/notify/service/buffer/init.lua:103: in function 'render'
	...te/pack/core/opt/nvim-notify/lua/notify/service/init.lua:53: in function 'push'
	...m/site/pack/core/opt/nvim-notify/lua/notify/instance.lua:132: in function <...m/site/pack/core/opt/nvim-notify/lua/notify/instance.lua:77>
	...ck/core/opt/noice.nvim/lua/noice/view/backend/notify.lua:168: in function '_notify'
	...ck/core/opt/noice.nvim/lua/noice/view/backend/notify.lua:198: in function 'show'
	...im/site/pack/core/opt/noice.nvim/lua/noice/view/init.lua:163: in function <...im/site/pack/core/opt/noice.nvim/lua/noice/view/init.lua:161>
	[C]: in function 'xpcall'
	...
	...te/pack/core/opt/noice.nvim/lua/noice/message/router.lua:214: in function <...te/pack/core/opt/noice.nvim/lua/noice/message/router.lua:147>
	[C]: in function 'xpcall'
	...im/site/pack/core/opt/noice.nvim/lua/noice/util/call.lua:149: in function 'try'
	...nvim/site/pack/core/opt/noice.nvim/lua/noice/ui/init.lua:88: in function 'ui_attach_cb'
	...nvim/site/pack/core/opt/noice.nvim/lua/noice/ui/init.lua:27: in function 'process_queue'
	...nvim/site/pack/core/opt/noice.nvim/lua/noice/ui/init.lua:138: in function <...nvim/site/pack/core/opt/noice.nvim/lua/noice/ui/init.lua:118>
	[C]: in function 'nvim_echo'
	.../nvim/site/pack/core/opt/blink.lib/lua/blink/lib/log.lua:187: in function <.../nvim/site/pack/core/opt/blink.lib/lua/blink/lib/log.lua:187>
	[C]: in function 'pcall'
	.../nvim/site/pack/core/opt/blink.lib/lua/blink/lib/log.lua:301: in function <.../nvim/site/pack/core/opt/blink.lib/lua/blink/lib/log.lua:299>
Lua callback: /usr/share/nvim/runtime/lua/vim/treesitter.lua:460: Parser could not be created for buffer 4155 and language "notify"
stack traceback:
	[C]: in function 'assert'
	/usr/share/nvim/runtime/lua/vim/treesitter.lua:460: in function 'start'
	...onfig/nvim/lua/config/ui/highlight/treesitter-config.lua:6: in function <...onfig/nvim/lua/config/ui/highlight/treesitter-config.lua:5>
	[C]: in function 'nvim_buf_set_option'
	.../core/opt/nvim-notify/lua/notify/service/buffer/init.lua:103: in function 'render'
	...te/pack/core/opt/nvim-notify/lua/notify/service/init.lua:53: in function 'push'
	...m/site/pack/core/opt/nvim-notify/lua/notify/instance.lua:132: in function <...m/site/pack/core/opt/nvim-notify/lua/notify/instance.lua:77>
	...ck/core/opt/noice.nvim/lua/noice/view/backend/notify.lua:168: in function '_notify'
	...ck/core/opt/noice.nvim/lua/noice/view/backend/notify.lua:198: in function 'show'
	...im/site/pack/core/opt/noice.nvim/lua/noice/view/init.lua:163: in function <...im/site/pack/core/opt/noice.nvim/lua/noice/view/init.lua:161>
	[C]: in function 'xpcall'
	...
	...te/pack/core/opt/noice.nvim/lua/noice/message/router.lua:214: in function <...te/pack/core/opt/noice.nvim/lua/noice/message/router.lua:147>
	[C]: in function 'xpcall'
	...im/site/pack/core/opt/noice.nvim/lua/noice/util/call.lua:149: in function 'try'
	...nvim/site/pack/core/opt/noice.nvim/lua/noice/ui/init.lua:88: in function 'ui_attach_cb'
	...nvim/site/pack/core/opt/noice.nvim/lua/noice/ui/init.lua:27: in function 'process_queue'
	...nvim/site/pack/core/opt/noice.nvim/lua/noice/ui/init.lua:138: in function <...nvim/site/pack/core/opt/noice.nvim/lua/noice/ui/init.lua:118>
	[C]: in function 'nvim_echo'
	.../nvim/site/pack/core/opt/blink.lib/lua/blink/lib/log.lua:187: in function <.../nvim/site/pack/core/opt/blink.lib/lua/blink/lib/log.lua:187>
	[C]: in function 'pcall'
	.../nvim/site/pack/core/opt/blink.lib/lua/blink/lib/log.lua:301: in function <.../nvim/site/pack/core/opt/blink.lib/lua/blink/lib/log.lua:299>
Lua callback: /usr/share/nvim/runtime/lua/vim/treesitter.lua:460: Parser could not be created for buffer 4156 and language "notify"
stack traceback:
	[C]: in function 'assert'
	/usr/share/nvim/runtime/lua/vim/treesitter.lua:460: in function 'start'
	...onfig/nvim/lua/config/ui/highlight/treesitter-config.lua:6: in function <...onfig/nvim/lua/config/ui/highlight/treesitter-config.lua:5>
	[C]: in function 'nvim_buf_set_option'
	.../core/opt/nvim-notify/lua/notify/service/buffer/init.lua:103: in function 'render'
	...te/pack/core/opt/nvim-notify/lua/notify/service/init.lua:53: in function 'push'
	...m/site/pack/core/opt/nvim-notify/lua/notify/instance.lua:132: in function <...m/site/pack/core/opt/nvim-notify/lua/notify/instance.lua:77>
	...ck/core/opt/noice.nvim/lua/noice/view/backend/notify.lua:168: in function '_notify'
	...ck/core/opt/noice.nvim/lua/noice/view/backend/notify.lua:198: in function 'show'
	...im/site/pack/core/opt/noice.nvim/lua/noice/view/init.lua:163: in function <...im/site/pack/core/opt/noice.nvim/lua/noice/view/init.lua:161>
	[C]: in function 'xpcall'
	...
	...te/pack/core/opt/noice.nvim/lua/noice/message/router.lua:214: in function <...te/pack/core/opt/noice.nvim/lua/noice/message/router.lua:147>
	[C]: in function 'xpcall'
	...im/site/pack/core/opt/noice.nvim/lua/noice/util/call.lua:149: in function 'try'
	...nvim/site/pack/core/opt/noice.nvim/lua/noice/ui/init.lua:88: in function 'ui_attach_cb'
	...nvim/site/pack/core/opt/noice.nvim/lua/noice/ui/init.lua:27: in function 'process_queue'
	...nvim/site/pack/core/opt/noice.nvim/lua/noice/ui/init.lua:138: in function <...nvim/site/pack/core/opt/noice.nvim/lua/noice/ui/init.lua:118>
	[C]: in function 'nvim_echo'
	.../nvim/site/pack/core/opt/blink.lib/lua/blink/lib/log.lua:187: in function <.../nvim/site/pack/core/opt/blink.lib/lua/blink/lib/log.lua:187>
	[C]: in function 'pcall'
	.../nvim/site/pack/core/opt/blink.lib/lua/blink/lib/log.lua:301: in function <.../nvim/site/pack/core/opt/blink.lib/lua/blink/lib/log.lua:299>
Lua callback: /usr/share/nvim/runtime/lua/vim/treesitter.lua:460: Parser could not be created for buffer 4157 and language "notify"
stack traceback:
	[C]: in function 'assert'
	/usr/share/nvim/runtime/lua/vim/treesitter.lua:460: in function 'start'
	...onfig/nvim/lua/config/ui/highlight/treesitter-config.lua:6: in function <...onfig/nvim/lua/config/ui/highlight/treesitter-config.lua:5>
	[C]: in function 'nvim_buf_set_option'
	.../core/opt/nvim-notify/lua/notify/service/buffer/init.lua:103: in function 'render'
	...te/pack/core/opt/nvim-notify/lua/notify/service/init.lua:53: in function 'push'
	...m/site/pack/core/opt/nvim-notify/lua/notify/instance.lua:132: in function <...m/site/pack/core/opt/nvim-notify/lua/notify/instance.lua:77>
	...ck/core/opt/noice.nvim/lua/noice/view/backend/notify.lua:168: in function '_notify'
	...ck/core/opt/noice.nvim/lua/noice/view/backend/notify.lua:198: in function 'show'
	...im/site/pack/core/opt/noice.nvim/lua/noice/view/init.lua:163: in function <...im/site/pack/core/opt/noice.nvim/lua/noice/view/init.lua:161>
	[C]: in function 'xpcall'
	...
	...te/pack/core/opt/noice.nvim/lua/noice/message/router.lua:214: in function <...te/pack/core/opt/noice.nvim/lua/noice/message/router.lua:147>
	[C]: in function 'xpcall'
	...im/site/pack/core/opt/noice.nvim/lua/noice/util/call.lua:149: in function 'try'
	...nvim/site/pack/core/opt/noice.nvim/lua/noice/ui/init.lua:88: in function 'ui_attach_cb'
	...nvim/site/pack/core/opt/noice.nvim/lua/noice/ui/init.lua:27: in function 'process_queue'
	...nvim/site/pack/core/opt/noice.nvim/lua/noice/ui/init.lua:138: in function <...nvim/site/pack/core/opt/noice.nvim/lua/noice/ui/init.lua:118>
	[C]: in function 'nvim_echo'
	.../nvim/site/pack/core/opt/blink.lib/lua/blink/lib/log.lua:187: in function <.../nvim/site/pack/core/opt/blink.lib/lua/blink/lib/log.lua:187>
	[C]: in function 'pcall'
	.../nvim/site/pack/core/opt/blink.lib/lua/blink/lib/log.lua:301: in function <.../nvim/site/pack/core/opt/blink.lib/lua/blink/lib/log.lua:299>
Lua callback: /usr/share/nvim/runtime/lua/vim/treesitter.lua:460: Parser could not be created for buffer 4158 and language "notify"
stack traceback:
	[C]: in function 'assert'
	/usr/share/nvim/runtime/lua/vim/treesitter.lua:460: in function 'start'
	...onfig/nvim/lua/config/ui/highlight/treesitter-config.lua:6: in function <...onfig/nvim/lua/config/ui/highlight/treesitter-config.lua:5>
	[C]: in function 'nvim_buf_set_option'
	.../core/opt/nvim-notify/lua/notify/service/buffer/init.lua:103: in function 'render'
	...te/pack/core/opt/nvim-notify/lua/notify/service/init.lua:53: in function 'push'
	...m/site/pack/core/opt/nvim-notify/lua/notify/instance.lua:132: in function <...m/site/pack/core/opt/nvim-notify/lua/notify/instance.lua:77>
	...ck/core/opt/noice.nvim/lua/noice/view/backend/notify.lua:168: in function '_notify'
	...ck/core/opt/noice.nvim/lua/noice/view/backend/notify.lua:198: in function 'show'
	...im/site/pack/core/opt/noice.nvim/lua/noice/view/init.lua:163: in function <...im/site/pack/core/opt/noice.nvim/lua/noice/view/init.lua:161>
	[C]: in function 'xpcall'
	...
	...te/pack/core/opt/noice.nvim/lua/noice/message/router.lua:214: in function <...te/pack/core/opt/noice.nvim/lua/noice/message/router.lua:147>
	[C]: in function 'xpcall'
	...im/site/pack/core/opt/noice.nvim/lua/noice/util/call.lua:149: in function 'try'
	...nvim/site/pack/core/opt/noice.nvim/lua/noice/ui/init.lua:88: in function 'ui_attach_cb'
	...nvim/site/pack/core/opt/noice.nvim/lua/noice/ui/init.lua:27: in function 'process_queue'
	...nvim/site/pack/core/opt/noice.nvim/lua/noice/ui/init.lua:138: in function <...nvim/site/pack/core/opt/noice.nvim/lua/noice/ui/init.lua:118>
	[C]: in function 'nvim_echo'
	.../nvim/site/pack/core/opt/blink.lib/lua/blink/lib/log.lua:187: in function <.../nvim/site/pack/core/opt/blink.lib/lua/blink/lib/log.lua:187>
	[C]: in function 'pcall'
	.../nvim/site/pack/core/opt/blink.lib/lua/blink/lib/log.lua:301: in function <.../nvim/site/pack/core/opt/blink.lib/lua/blink/lib/log.lua:299>
Lua callback: /usr/share/nvim/runtime/lua/vim/treesitter.lua:460: Parser could not be created for buffer 4159 and language "notify"
stack traceback:
	[C]: in function 'assert'
	/usr/share/nvim/runtime/lua/vim/treesitter.lua:460: in function 'start'
	...onfig/nvim/lua/config/ui/highlight/treesitter-config.lua:6: in function <...onfig/nvim/lua/config/ui/highlight/treesitter-config.lua:5>
	[C]: in function 'nvim_buf_set_option'
	.../core/opt/nvim-notify/lua/notify/service/buffer/init.lua:103: in function 'render'
	...te/pack/core/opt/nvim-notify/lua/notify/service/init.lua:53: in function 'push'
	...m/site/pack/core/opt/nvim-notify/lua/notify/instance.lua:132: in function <...m/site/pack/core/opt/nvim-notify/lua/notify/instance.lua:77>
	...ck/core/opt/noice.nvim/lua/noice/view/backend/notify.lua:168: in function '_notify'
	...ck/core/opt/noice.nvim/lua/noice/view/backend/notify.lua:198: in function 'show'
	...im/site/pack/core/opt/noice.nvim/lua/noice/view/init.lua:163: in function <...im/site/pack/core/opt/noice.nvim/lua/noice/view/init.lua:161>
	[C]: in function 'xpcall'
	...
	...te/pack/core/opt/noice.nvim/lua/noice/message/router.lua:214: in function <...te/pack/core/opt/noice.nvim/lua/noice/message/router.lua:147>
	[C]: in function 'xpcall'
	...im/site/pack/core/opt/noice.nvim/lua/noice/util/call.lua:149: in function 'try'
	...nvim/site/pack/core/opt/noice.nvim/lua/noice/ui/init.lua:88: in function 'ui_attach_cb'
	...nvim/site/pack/core/opt/noice.nvim/lua/noice/ui/init.lua:27: in function 'process_queue'
	...nvim/site/pack/core/opt/noice.nvim/lua/noice/ui/init.lua:138: in function <...nvim/site/pack/core/opt/noice.nvim/lua/noice/ui/init.lua:118>
	[C]: in function 'nvim_echo'
	.../nvim/site/pack/core/opt/blink.lib/lua/blink/lib/log.lua:187: in function <.../nvim/site/pack/core/opt/blink.lib/lua/blink/lib/log.lua:187>
	[C]: in function 'pcall'
	.../nvim/site/pack/core/opt/blink.lib/lua/blink/lib/log.lua:301: in function <.../nvim/site/pack/core/opt/blink.lib/lua/blink/lib/log.lua:299>
Lua callback: /usr/share/nvim/runtime/lua/vim/treesitter.lua:460: Parser could not be created for buffer 4160 and language "notify"
stack traceback:
	[C]: in function 'assert'
	/usr/share/nvim/runtime/lua/vim/treesitter.lua:460: in function 'start'
	...onfig/nvim/lua/config/ui/highlight/treesitter-config.lua:6: in function <...onfig/nvim/lua/config/ui/highlight/treesitter-config.lua:5>
	[C]: in function 'nvim_buf_set_option'
	.../core/opt/nvim-notify/lua/notify/service/buffer/init.lua:103: in function 'render'
	...te/pack/core/opt/nvim-notify/lua/notify/service/init.lua:53: in function 'push'
	...m/site/pack/core/opt/nvim-notify/lua/notify/instance.lua:132: in function <...m/site/pack/core/opt/nvim-notify/lua/notify/instance.lua:77>
	...ck/core/opt/noice.nvim/lua/noice/view/backend/notify.lua:168: in function '_notify'
	...ck/core/opt/noice.nvim/lua/noice/view/backend/notify.lua:198: in function 'show'
	...im/site/pack/core/opt/noice.nvim/lua/noice/view/init.lua:163: in function <...im/site/pack/core/opt/noice.nvim/lua/noice/view/init.lua:161>
	[C]: in function 'xpcall'
	...
	...te/pack/core/opt/noice.nvim/lua/noice/message/router.lua:214: in function <...te/pack/core/opt/noice.nvim/lua/noice/message/router.lua:147>
	[C]: in function 'xpcall'
	...im/site/pack/core/opt/noice.nvim/lua/noice/util/call.lua:149: in function 'try'
	...nvim/site/pack/core/opt/noice.nvim/lua/noice/ui/init.lua:88: in function 'ui_attach_cb'
	...nvim/site/pack/core/opt/noice.nvim/lua/noice/ui/init.lua:27: in function 'process_queue'
	...nvim/site/pack/core/opt/noice.nvim/lua/noice/ui/init.lua:138: in function <...nvim/site/pack/core/opt/noice.nvim/lua/noice/ui/init.lua:118>
	[C]: in function 'nvim_echo'
	.../nvim/site/pack/core/opt/blink.lib/lua/blink/lib/log.lua:187: in function <.../nvim/site/pack/core/opt/blink.lib/lua/blink/lib/log.lua:187>
	[C]: in function 'pcall'
	.../nvim/site/pack/core/opt/blink.lib/lua/blink/lib/log.lua:301: in function <.../nvim/site/pack/core/opt/blink.lib/lua/blink/lib/log.lua:299>
Lua callback: /usr/share/nvim/runtime/lua/vim/treesitter.lua:460: Parser could not be created for buffer 4161 and language "notify"
stack traceback:
	[C]: in function 'assert'
	/usr/share/nvim/runtime/lua/vim/treesitter.lua:460: in function 'start'
	...onfig/nvim/lua/config/ui/highlight/treesitter-config.lua:6: in function <...onfig/nvim/lua/config/ui/highlight/treesitter-config.lua:5>
	[C]: in function 'nvim_buf_set_option'
	.../core/opt/nvim-notify/lua/notify/service/buffer/init.lua:103: in function 'render'
	...te/pack/core/opt/nvim-notify/lua/notify/service/init.lua:53: in function 'push'
	...m/site/pack/core/opt/nvim-notify/lua/notify/instance.lua:132: in function <...m/site/pack/core/opt/nvim-notify/lua/notify/instance.lua:77>
	...ck/core/opt/noice.nvim/lua/noice/view/backend/notify.lua:168: in function '_notify'
	...ck/core/opt/noice.nvim/lua/noice/view/backend/notify.lua:198: in function 'show'
	...im/site/pack/core/opt/noice.nvim/lua/noice/view/init.lua:163: in function <...im/site/pack/core/opt/noice.nvim/lua/noice/view/init.lua:161>
	[C]: in function 'xpcall'
	...
	...te/pack/core/opt/noice.nvim/lua/noice/message/router.lua:214: in function <...te/pack/core/opt/noice.nvim/lua/noice/message/router.lua:147>
	[C]: in function 'xpcall'
	...im/site/pack/core/opt/noice.nvim/lua/noice/util/call.lua:149: in function 'try'
	...nvim/site/pack/core/opt/noice.nvim/lua/noice/ui/init.lua:88: in function 'ui_attach_cb'
	...nvim/site/pack/core/opt/noice.nvim/lua/noice/ui/init.lua:27: in function 'process_queue'
	...nvim/site/pack/core/opt/noice.nvim/lua/noice/ui/init.lua:138: in function <...nvim/site/pack/core/opt/noice.nvim/lua/noice/ui/init.lua:118>
	[C]: in function 'nvim_echo'
	.../nvim/site/pack/core/opt/blink.lib/lua/blink/lib/log.lua:187: in function <.../nvim/site/pack/core/opt/blink.lib/lua/blink/lib/log.lua:187>
	[C]: in function 'pcall'
	.../nvim/site/pack/core/opt/blink.lib/lua/blink/lib/log.lua:301: in function <.../nvim/site/pack/core/opt/blink.lib/lua/blink/lib/log.lua:299>
Lua callback: /usr/share/nvim/runtime/lua/vim/treesitter.lua:460: Parser could not be created for buffer 4162 and language "notify"
stack traceback:
	[C]: in function 'assert'
	/usr/share/nvim/runtime/lua/vim/treesitter.lua:460: in function 'start'
	...onfig/nvim/lua/config/ui/highlight/treesitter-config.lua:6: in function <...onfig/nvim/lua/config/ui/highlight/treesitter-config.lua:5>
	[C]: in function 'nvim_buf_set_option'
	.../core/opt/nvim-notify/lua/notify/service/buffer/init.lua:103: in function 'render'
	...te/pack/core/opt/nvim-notify/lua/notify/service/init.lua:53: in function 'push'
	...m/site/pack/core/opt/nvim-notify/lua/notify/instance.lua:132: in function <...m/site/pack/core/opt/nvim-notify/lua/notify/instance.lua:77>
	...ck/core/opt/noice.nvim/lua/noice/view/backend/notify.lua:168: in function '_notify'
	...ck/core/opt/noice.nvim/lua/noice/view/backend/notify.lua:198: in function 'show'
	...im/site/pack/core/opt/noice.nvim/lua/noice/view/init.lua:163: in function <...im/site/pack/core/opt/noice.nvim/lua/noice/view/init.lua:161>
	[C]: in function 'xpcall'
	...
	...te/pack/core/opt/noice.nvim/lua/noice/message/router.lua:214: in function <...te/pack/core/opt/noice.nvim/lua/noice/message/router.lua:147>
	[C]: in function 'xpcall'
	...im/site/pack/core/opt/noice.nvim/lua/noice/util/call.lua:149: in function 'try'
	...nvim/site/pack/core/opt/noice.nvim/lua/noice/ui/init.lua:88: in function 'ui_attach_cb'
	...nvim/site/pack/core/opt/noice.nvim/lua/noice/ui/init.lua:27: in function 'process_queue'
	...nvim/site/pack/core/opt/noice.nvim/lua/noice/ui/init.lua:138: in function <...nvim/site/pack/core/opt/noice.nvim/lua/noice/ui/init.lua:118>
	[C]: in function 'nvim_echo'
	.../nvim/site/pack/core/opt/blink.lib/lua/blink/lib/log.lua:187: in function <.../nvim/site/pack/core/opt/blink.lib/lua/blink/lib/log.lua:187>
	[C]: in function 'pcall'
	.../nvim/site/pack/core/opt/blink.lib/lua/blink/lib/log.lua:301: in function <.../nvim/site/pack/core/opt/blink.lib/lua/blink/lib/log.lua:299>
Lua callback: /usr/share/nvim/runtime/lua/vim/treesitter.lua:460: Parser could not be created for buffer 4163 and language "notify"
stack traceback:
	[C]: in function 'assert'
	/usr/share/nvim/runtime/lua/vim/treesitter.lua:460: in function 'start'
	...onfig/nvim/lua/config/ui/highlight/treesitter-config.lua:6: in function <...onfig/nvim/lua/config/ui/highlight/treesitter-config.lua:5>
	[C]: in function 'nvim_buf_set_option'
	.../core/opt/nvim-notify/lua/notify/service/buffer/init.lua:103: in function 'render'
	...te/pack/core/opt/nvim-notify/lua/notify/service/init.lua:53: in function 'push'
	...m/site/pack/core/opt/nvim-notify/lua/notify/instance.lua:132: in function <...m/site/pack/core/opt/nvim-notify/lua/notify/instance.lua:77>
	...ck/core/opt/noice.nvim/lua/noice/view/backend/notify.lua:168: in function '_notify'
	...ck/core/opt/noice.nvim/lua/noice/view/backend/notify.lua:198: in function 'show'
	...im/site/pack/core/opt/noice.nvim/lua/noice/view/init.lua:163: in function <...im/site/pack/core/opt/noice.nvim/lua/noice/view/init.lua:161>
	[C]: in function 'xpcall'
	...
	...te/pack/core/opt/noice.nvim/lua/noice/message/router.lua:214: in function <...te/pack/core/opt/noice.nvim/lua/noice/message/router.lua:147>
	[C]: in function 'xpcall'
	...im/site/pack/core/opt/noice.nvim/lua/noice/util/call.lua:149: in function 'try'
	...nvim/site/pack/core/opt/noice.nvim/lua/noice/ui/init.lua:88: in function 'ui_attach_cb'
	...nvim/site/pack/core/opt/noice.nvim/lua/noice/ui/init.lua:27: in function 'process_queue'
	...nvim/site/pack/core/opt/noice.nvim/lua/noice/ui/init.lua:138: in function <...nvim/site/pack/core/opt/noice.nvim/lua/noice/ui/init.lua:118>
	[C]: in function 'nvim_echo'
	.../nvim/site/pack/core/opt/blink.lib/lua/blink/lib/log.lua:187: in function <.../nvim/site/pack/core/opt/blink.lib/lua/blink/lib/log.lua:187>
	[C]: in function 'pcall'
	.../nvim/site/pack/core/opt/blink.lib/lua/blink/lib/log.lua:301: in function <.../nvim/site/pack/core/opt/blink.lib/lua/blink/lib/log.lua:299>
Lua callback: /usr/share/nvim/runtime/lua/vim/treesitter.lua:460: Parser could not be created for buffer 4164 and language "notify"
stack traceback:
	[C]: in function 'assert'
	/usr/share/nvim/runtime/lua/vim/treesitter.lua:460: in function 'start'
	...onfig/nvim/lua/config/ui/highlight/treesitter-config.lua:6: in function <...onfig/nvim/lua/config/ui/highlight/treesitter-config.lua:5>
	[C]: in function 'nvim_buf_set_option'
	.../core/opt/nvim-notify/lua/notify/service/buffer/init.lua:103: in function 'render'
	...te/pack/core/opt/nvim-notify/lua/notify/service/init.lua:53: in function 'push'
	...m/site/pack/core/opt/nvim-notify/lua/notify/instance.lua:132: in function <...m/site/pack/core/opt/nvim-notify/lua/notify/instance.lua:77>
	...ck/core/opt/noice.nvim/lua/noice/view/backend/notify.lua:168: in function '_notify'
	...ck/core/opt/noice.nvim/lua/noice/view/backend/notify.lua:198: in function 'show'
	...im/site/pack/core/opt/noice.nvim/lua/noice/view/init.lua:163: in function <...im/site/pack/core/opt/noice.nvim/lua/noice/view/init.lua:161>
	[C]: in function 'xpcall'
	...
	...te/pack/core/opt/noice.nvim/lua/noice/message/router.lua:214: in function <...te/pack/core/opt/noice.nvim/lua/noice/message/router.lua:147>
	[C]: in function 'xpcall'
	...im/site/pack/core/opt/noice.nvim/lua/noice/util/call.lua:149: in function 'try'
	...nvim/site/pack/core/opt/noice.nvim/lua/noice/ui/init.lua:88: in function 'ui_attach_cb'
	...nvim/site/pack/core/opt/noice.nvim/lua/noice/ui/init.lua:27: in function 'process_queue'
	...nvim/site/pack/core/opt/noice.nvim/lua/noice/ui/init.lua:138: in function <...nvim/site/pack/core/opt/noice.nvim/lua/noice/ui/init.lua:118>
	[C]: in function 'nvim_echo'
	.../nvim/site/pack/core/opt/blink.lib/lua/blink/lib/log.lua:187: in function <.../nvim/site/pack/core/opt/blink.lib/lua/blink/lib/log.lua:187>
	[C]: in function 'pcall'
	.../nvim/site/pack/core/opt/blink.lib/lua/blink/lib/log.lua:301: in function <.../nvim/site/pack/core/opt/blink.lib/lua/blink/lib/log.lua:299>
Lua callback: /usr/share/nvim/runtime/lua/vim/treesitter.lua:460: Parser could not be created for buffer 4165 and language "notify"
stack traceback:
	[C]: in function 'assert'
	/usr/share/nvim/runtime/lua/vim/treesitter.lua:460: in function 'start'
	...onfig/nvim/lua/config/ui/highlight/treesitter-config.lua:6: in function <...onfig/nvim/lua/config/ui/highlight/treesitter-config.lua:5>
	[C]: in function 'nvim_buf_set_option'
	.../core/opt/nvim-notify/lua/notify/service/buffer/init.lua:103: in function 'render'
	...te/pack/core/opt/nvim-notify/lua/notify/service/init.lua:53: in function 'push'
	...m/site/pack/core/opt/nvim-notify/lua/notify/instance.lua:132: in function <...m/site/pack/core/opt/nvim-notify/lua/notify/instance.lua:77>
	...ck/core/opt/noice.nvim/lua/noice/view/backend/notify.lua:168: in function '_notify'
	...ck/core/opt/noice.nvim/lua/noice/view/backend/notify.lua:198: in function 'show'
	...im/site/pack/core/opt/noice.nvim/lua/noice/view/init.lua:163: in function <...im/site/pack/core/opt/noice.nvim/lua/noice/view/init.lua:161>
	[C]: in function 'xpcall'
	...
	...te/pack/core/opt/noice.nvim/lua/noice/message/router.lua:214: in function <...te/pack/core/opt/noice.nvim/lua/noice/message/router.lua:147>
	[C]: in function 'xpcall'
	...im/site/pack/core/opt/noice.nvim/lua/noice/util/call.lua:149: in function 'try'
	...nvim/site/pack/core/opt/noice.nvim/lua/noice/ui/init.lua:88: in function 'ui_attach_cb'
	...nvim/site/pack/core/opt/noice.nvim/lua/noice/ui/init.lua:27: in function 'process_queue'
	...nvim/site/pack/core/opt/noice.nvim/lua/noice/ui/init.lua:138: in function <...nvim/site/pack/core/opt/noice.nvim/lua/noice/ui/init.lua:118>
	[C]: in function 'nvim_echo'
	.../nvim/site/pack/core/opt/blink.lib/lua/blink/lib/log.lua:187: in function <.../nvim/site/pack/core/opt/blink.lib/lua/blink/lib/log.lua:187>
	[C]: in function 'pcall'
	.../nvim/site/pack/core/opt/blink.lib/lua/blink/lib/log.lua:301: in function <.../nvim/site/pack/core/opt/blink.lib/lua/blink/lib/log.lua:299>
Lua callback: /usr/share/nvim/runtime/lua/vim/treesitter.lua:460: Parser could not be created for buffer 4166 and language "notify"
stack traceback:
	[C]: in function 'assert'
	/usr/share/nvim/runtime/lua/vim/treesitter.lua:460: in function 'start'
	...onfig/nvim/lua/config/ui/highlight/treesitter-config.lua:6: in function <...onfig/nvim/lua/config/ui/highlight/treesitter-config.lua:5>
	[C]: in function 'nvim_buf_set_option'
	.../core/opt/nvim-notify/lua/notify/service/buffer/init.lua:103: in function 'render'
	...te/pack/core/opt/nvim-notify/lua/notify/service/init.lua:53: in function 'push'
	...m/site/pack/core/opt/nvim-notify/lua/notify/instance.lua:132: in function <...m/site/pack/core/opt/nvim-notify/lua/notify/instance.lua:77>
	...ck/core/opt/noice.nvim/lua/noice/view/backend/notify.lua:168: in function '_notify'
	...ck/core/opt/noice.nvim/lua/noice/view/backend/notify.lua:198: in function 'show'
	...im/site/pack/core/opt/noice.nvim/lua/noice/view/init.lua:163: in function <...im/site/pack/core/opt/noice.nvim/lua/noice/view/init.lua:161>
	[C]: in function 'xpcall'
	...
	...te/pack/core/opt/noice.nvim/lua/noice/message/router.lua:214: in function <...te/pack/core/opt/noice.nvim/lua/noice/message/router.lua:147>
	[C]: in function 'xpcall'
	...im/site/pack/core/opt/noice.nvim/lua/noice/util/call.lua:149: in function 'try'
	...nvim/site/pack/core/opt/noice.nvim/lua/noice/ui/init.lua:88: in function 'ui_attach_cb'
	...nvim/site/pack/core/opt/noice.nvim/lua/noice/ui/init.lua:27: in function 'process_queue'
	...nvim/site/pack/core/opt/noice.nvim/lua/noice/ui/init.lua:138: in function <...nvim/site/pack/core/opt/noice.nvim/lua/noice/ui/init.lua:118>
	[C]: in function 'nvim_echo'
	.../nvim/site/pack/core/opt/blink.lib/lua/blink/lib/log.lua:187: in function <.../nvim/site/pack/core/opt/blink.lib/lua/blink/lib/log.lua:187>
	[C]: in function 'pcall'
	.../nvim/site/pack/core/opt/blink.lib/lua/blink/lib/log.lua:301: in function <.../nvim/site/pack/core/opt/blink.lib/lua/blink/lib/log.lua:299>
Lua callback: /usr/share/nvim/runtime/lua/vim/treesitter.lua:460: Parser could not be created for buffer 4167 and language "notify"
stack traceback:
	[C]: in function 'assert'
	/usr/share/nvim/runtime/lua/vim/treesitter.lua:460: in function 'start'
	...onfig/nvim/lua/config/ui/highlight/treesitter-config.lua:6: in function <...onfig/nvim/lua/config/ui/highlight/treesitter-config.lua:5>
	[C]: in function 'nvim_buf_set_option'
	.../core/opt/nvim-notify/lua/notify/service/buffer/init.lua:103: in function 'render'
	...te/pack/core/opt/nvim-notify/lua/notify/service/init.lua:53: in function 'push'
	...m/site/pack/core/opt/nvim-notify/lua/notify/instance.lua:132: in function <...m/site/pack/core/opt/nvim-notify/lua/notify/instance.lua:77>
	...ck/core/opt/noice.nvim/lua/noice/view/backend/notify.lua:168: in function '_notify'
	...ck/core/opt/noice.nvim/lua/noice/view/backend/notify.lua:198: in function 'show'
	...im/site/pack/core/opt/noice.nvim/lua/noice/view/init.lua:163: in function <...im/site/pack/core/opt/noice.nvim/lua/noice/view/init.lua:161>
	[C]: in function 'xpcall'
	...
	...te/pack/core/opt/noice.nvim/lua/noice/message/router.lua:214: in function <...te/pack/core/opt/noice.nvim/lua/noice/message/router.lua:147>
	[C]: in function 'xpcall'
	...im/site/pack/core/opt/noice.nvim/lua/noice/util/call.lua:149: in function 'try'
	...nvim/site/pack/core/opt/noice.nvim/lua/noice/ui/init.lua:88: in function 'ui_attach_cb'
	...nvim/site/pack/core/opt/noice.nvim/lua/noice/ui/init.lua:27: in function 'process_queue'
	...nvim/site/pack/core/opt/noice.nvim/lua/noice/ui/init.lua:138: in function <...nvim/site/pack/core/opt/noice.nvim/lua/noice/ui/init.lua:118>
	[C]: in function 'nvim_echo'
	.../nvim/site/pack/core/opt/blink.lib/lua/blink/lib/log.lua:187: in function <.../nvim/site/pack/core/opt/blink.lib/lua/blink/lib/log.lua:187>
	[C]: in function 'pcall'
	.../nvim/site/pack/core/opt/blink.lib/lua/blink/lib/log.lua:301: in function <.../nvim/site/pack/core/opt/blink.lib/lua/blink/lib/log.lua:299>
Lua callback: /usr/share/nvim/runtime/lua/vim/treesitter.lua:460: Parser could not be created for buffer 4168 and language "notify"
stack traceback:
	[C]: in function 'assert'
	/usr/share/nvim/runtime/lua/vim/treesitter.lua:460: in function 'start'
	...onfig/nvim/lua/config/ui/highlight/treesitter-config.lua:6: in function <...onfig/nvim/lua/config/ui/highlight/treesitter-config.lua:5>
	[C]: in function 'nvim_buf_set_option'
	.../core/opt/nvim-notify/lua/notify/service/buffer/init.lua:103: in function 'render'
	...te/pack/core/opt/nvim-notify/lua/notify/service/init.lua:53: in function 'push'
	...m/site/pack/core/opt/nvim-notify/lua/notify/instance.lua:132: in function <...m/site/pack/core/opt/nvim-notify/lua/notify/instance.lua:77>
	...ck/core/opt/noice.nvim/lua/noice/view/backend/notify.lua:168: in function '_notify'
	...ck/core/opt/noice.nvim/lua/noice/view/backend/notify.lua:198: in function 'show'
	...im/site/pack/core/opt/noice.nvim/lua/noice/view/init.lua:163: in function <...im/site/pack/core/opt/noice.nvim/lua/noice/view/init.lua:161>
	[C]: in function 'xpcall'
	...
	...te/pack/core/opt/noice.nvim/lua/noice/message/router.lua:214: in function <...te/pack/core/opt/noice.nvim/lua/noice/message/router.lua:147>
	[C]: in function 'xpcall'
	...im/site/pack/core/opt/noice.nvim/lua/noice/util/call.lua:149: in function 'try'
	...nvim/site/pack/core/opt/noice.nvim/lua/noice/ui/init.lua:88: in function 'ui_attach_cb'
	...nvim/site/pack/core/opt/noice.nvim/lua/noice/ui/init.lua:27: in function 'process_queue'
	...nvim/site/pack/core/opt/noice.nvim/lua/noice/ui/init.lua:138: in function <...nvim/site/pack/core/opt/noice.nvim/lua/noice/ui/init.lua:118>
	[C]: in function 'nvim_echo'
	.../nvim/site/pack/core/opt/blink.lib/lua/blink/lib/log.lua:187: in function <.../nvim/site/pack/core/opt/blink.lib/lua/blink/lib/log.lua:187>
	[C]: in function 'pcall'
	.../nvim/site/pack/core/opt/blink.lib/lua/blink/lib/log.lua:301: in function <.../nvim/site/pack/core/opt/blink.lib/lua/blink/lib/log.lua:299>
Lua callback: /usr/share/nvim/runtime/lua/vim/treesitter.lua:460: Parser could not be created for buffer 4169 and language "notify"
stack traceback:
	[C]: in function 'assert'
	/usr/share/nvim/runtime/lua/vim/treesitter.lua:460: in function 'start'
	...onfig/nvim/lua/config/ui/highlight/treesitter-config.lua:6: in function <...onfig/nvim/lua/config/ui/highlight/treesitter-config.lua:5>
	[C]: in function 'nvim_buf_set_option'
	.../core/opt/nvim-notify/lua/notify/service/buffer/init.lua:103: in function 'render'
	...te/pack/core/opt/nvim-notify/lua/notify/service/init.lua:53: in function 'push'
	...m/site/pack/core/opt/nvim-notify/lua/notify/instance.lua:132: in function <...m/site/pack/core/opt/nvim-notify/lua/notify/instance.lua:77>
	...ck/core/opt/noice.nvim/lua/noice/view/backend/notify.lua:168: in function '_notify'
	...ck/core/opt/noice.nvim/lua/noice/view/backend/notify.lua:198: in function 'show'
	...im/site/pack/core/opt/noice.nvim/lua/noice/view/init.lua:163: in function <...im/site/pack/core/opt/noice.nvim/lua/noice/view/init.lua:161>
	[C]: in function 'xpcall'
	...
	...te/pack/core/opt/noice.nvim/lua/noice/message/router.lua:214: in function <...te/pack/core/opt/noice.nvim/lua/noice/message/router.lua:147>
	[C]: in function 'xpcall'
	...im/site/pack/core/opt/noice.nvim/lua/noice/util/call.lua:149: in function 'try'
	...nvim/site/pack/core/opt/noice.nvim/lua/noice/ui/init.lua:88: in function 'ui_attach_cb'
	...nvim/site/pack/core/opt/noice.nvim/lua/noice/ui/init.lua:27: in function 'process_queue'
	...nvim/site/pack/core/opt/noice.nvim/lua/noice/ui/init.lua:138: in function <...nvim/site/pack/core/opt/noice.nvim/lua/noice/ui/init.lua:118>
	[C]: in function 'nvim_echo'
	.../nvim/site/pack/core/opt/blink.lib/lua/blink/lib/log.lua:187: in function <.../nvim/site/pack/core/opt/blink.lib/lua/blink/lib/log.lua:187>
	[C]: in function 'pcall'
	.../nvim/site/pack/core/opt/blink.lib/lua/blink/lib/log.lua:301: in function <.../nvim/site/pack/core/opt/blink.lib/lua/blink/lib/log.lua:299>
Lua callback: /usr/share/nvim/runtime/lua/vim/treesitter.lua:460: Parser could not be created for buffer 4170 and language "notify"
stack traceback:
	[C]: in function 'assert'
	/usr/share/nvim/runtime/lua/vim/treesitter.lua:460: in function 'start'
	...onfig/nvim/lua/config/ui/highlight/treesitter-config.lua:6: in function <...onfig/nvim/lua/config/ui/highlight/treesitter-config.lua:5>
	[C]: in function 'nvim_buf_set_option'
	.../core/opt/nvim-notify/lua/notify/service/buffer/init.lua:103: in function 'render'
	...te/pack/core/opt/nvim-notify/lua/notify/service/init.lua:53: in function 'push'
	...m/site/pack/core/opt/nvim-notify/lua/notify/instance.lua:132: in function <...m/site/pack/core/opt/nvim-notify/lua/notify/instance.lua:77>
	...ck/core/opt/noice.nvim/lua/noice/view/backend/notify.lua:168: in function '_notify'
	...ck/core/opt/noice.nvim/lua/noice/view/backend/notify.lua:198: in function 'show'
	...im/site/pack/core/opt/noice.nvim/lua/noice/view/init.lua:163: in function <...im/site/pack/core/opt/noice.nvim/lua/noice/view/init.lua:161>
	[C]: in function 'xpcall'
	...
	...te/pack/core/opt/noice.nvim/lua/noice/message/router.lua:214: in function <...te/pack/core/opt/noice.nvim/lua/noice/message/router.lua:147>
	[C]: in function 'xpcall'
	...im/site/pack/core/opt/noice.nvim/lua/noice/util/call.lua:149: in function 'try'
	...nvim/site/pack/core/opt/noice.nvim/lua/noice/ui/init.lua:88: in function 'ui_attach_cb'
	...nvim/site/pack/core/opt/noice.nvim/lua/noice/ui/init.lua:27: in function 'process_queue'
	...nvim/site/pack/core/opt/noice.nvim/lua/noice/ui/init.lua:138: in function <...nvim/site/pack/core/opt/noice.nvim/lua/noice/ui/init.lua:118>
	[C]: in function 'nvim_echo'
	.../nvim/site/pack/core/opt/blink.lib/lua/blink/lib/log.lua:187: in function <.../nvim/site/pack/core/opt/blink.lib/lua/blink/lib/log.lua:187>
	[C]: in function 'pcall'
	.../nvim/site/pack/core/opt/blink.lib/lua/blink/lib/log.lua:301: in function <.../nvim/site/pack/core/opt/blink.lib/lua/blink/lib/log.lua:299>
Lua callback: /usr/share/nvim/runtime/lua/vim/treesitter.lua:460: Parser could not be created for buffer 4171 and language "notify"
stack traceback:
	[C]: in function 'assert'
	/usr/share/nvim/runtime/lua/vim/treesitter.lua:460: in function 'start'
	...onfig/nvim/lua/config/ui/highlight/treesitter-config.lua:6: in function <...onfig/nvim/lua/config/ui/highlight/treesitter-config.lua:5>
	[C]: in function 'nvim_buf_set_option'
	.../core/opt/nvim-notify/lua/notify/service/buffer/init.lua:103: in function 'render'
	...te/pack/core/opt/nvim-notify/lua/notify/service/init.lua:53: in function 'push'
	...m/site/pack/core/opt/nvim-notify/lua/notify/instance.lua:132: in function <...m/site/pack/core/opt/nvim-notify/lua/notify/instance.lua:77>
	...ck/core/opt/noice.nvim/lua/noice/view/backend/notify.lua:168: in function '_notify'
	...ck/core/opt/noice.nvim/lua/noice/view/backend/notify.lua:198: in function 'show'
	...im/site/pack/core/opt/noice.nvim/lua/noice/view/init.lua:163: in function <...im/site/pack/core/opt/noice.nvim/lua/noice/view/init.lua:161>
	[C]: in function 'xpcall'
	...
	...te/pack/core/opt/noice.nvim/lua/noice/message/router.lua:214: in function <...te/pack/core/opt/noice.nvim/lua/noice/message/router.lua:147>
	[C]: in function 'xpcall'
	...im/site/pack/core/opt/noice.nvim/lua/noice/util/call.lua:149: in function 'try'
	...nvim/site/pack/core/opt/noice.nvim/lua/noice/ui/init.lua:88: in function 'ui_attach_cb'
	...nvim/site/pack/core/opt/noice.nvim/lua/noice/ui/init.lua:27: in function 'process_queue'
	...nvim/site/pack/core/opt/noice.nvim/lua/noice/ui/init.lua:138: in function <...nvim/site/pack/core/opt/noice.nvim/lua/noice/ui/init.lua:118>
	[C]: in function 'nvim_echo'
	.../nvim/site/pack/core/opt/blink.lib/lua/blink/lib/log.lua:187: in function <.../nvim/site/pack/core/opt/blink.lib/lua/blink/lib/log.lua:187>
	[C]: in function 'pcall'
	.../nvim/site/pack/core/opt/blink.lib/lua/blink/lib/log.lua:301: in function <.../nvim/site/pack/core/opt/blink.lib/lua/blink/lib/log.lua:299>
Lua callback: /usr/share/nvim/runtime/lua/vim/treesitter.lua:460: Parser could not be created for buffer 4172 and language "notify"
stack traceback:
	[C]: in function 'assert'
	/usr/share/nvim/runtime/lua/vim/treesitter.lua:460: in function 'start'
	...onfig/nvim/lua/config/ui/highlight/treesitter-config.lua:6: in function <...onfig/nvim/lua/config/ui/highlight/treesitter-config.lua:5>
	[C]: in function 'nvim_buf_set_option'
	.../core/opt/nvim-notify/lua/notify/service/buffer/init.lua:103: in function 'render'
	...te/pack/core/opt/nvim-notify/lua/notify/service/init.lua:53: in function 'push'
	...m/site/pack/core/opt/nvim-notify/lua/notify/instance.lua:132: in function <...m/site/pack/core/opt/nvim-notify/lua/notify/instance.lua:77>
	...ck/core/opt/noice.nvim/lua/noice/view/backend/notify.lua:168: in function '_notify'
	...ck/core/opt/noice.nvim/lua/noice/view/backend/notify.lua:198: in function 'show'
	...im/site/pack/core/opt/noice.nvim/lua/noice/view/init.lua:163: in function <...im/site/pack/core/opt/noice.nvim/lua/noice/view/init.lua:161>
	[C]: in function 'xpcall'
	...
	...te/pack/core/opt/noice.nvim/lua/noice/message/router.lua:214: in function <...te/pack/core/opt/noice.nvim/lua/noice/message/router.lua:147>
	[C]: in function 'xpcall'
	...im/site/pack/core/opt/noice.nvim/lua/noice/util/call.lua:149: in function 'try'
	...nvim/site/pack/core/opt/noice.nvim/lua/noice/ui/init.lua:88: in function 'ui_attach_cb'
	...nvim/site/pack/core/opt/noice.nvim/lua/noice/ui/init.lua:27: in function 'process_queue'
	...nvim/site/pack/core/opt/noice.nvim/lua/noice/ui/init.lua:138: in function <...nvim/site/pack/core/opt/noice.nvim/lua/noice/ui/init.lua:118>
	[C]: in function 'nvim_echo'
	.../nvim/site/pack/core/opt/blink.lib/lua/blink/lib/log.lua:187: in function <.../nvim/site/pack/core/opt/blink.lib/lua/blink/lib/log.lua:187>
	[C]: in function 'pcall'
	.../nvim/site/pack/core/opt/blink.lib/lua/blink/lib/log.lua:301: in function <.../nvim/site/pack/core/opt/blink.lib/lua/blink/lib/log.lua:299>
Lua callback: /usr/share/nvim/runtime/lua/vim/treesitter.lua:460: Parser could not be created for buffer 4173 and language "notify"
stack traceback:
	[C]: in function 'assert'
	/usr/share/nvim/runtime/lua/vim/treesitter.lua:460: in function 'start'
	...onfig/nvim/lua/config/ui/highlight/treesitter-config.lua:6: in function <...onfig/nvim/lua/config/ui/highlight/treesitter-config.lua:5>
	[C]: in function 'nvim_buf_set_option'
	.../core/opt/nvim-notify/lua/notify/service/buffer/init.lua:103: in function 'render'
	...te/pack/core/opt/nvim-notify/lua/notify/service/init.lua:53: in function 'push'
	...m/site/pack/core/opt/nvim-notify/lua/notify/instance.lua:132: in function <...m/site/pack/core/opt/nvim-notify/lua/notify/instance.lua:77>
	...ck/core/opt/noice.nvim/lua/noice/view/backend/notify.lua:168: in function '_notify'
	...ck/core/opt/noice.nvim/lua/noice/view/backend/notify.lua:198: in function 'show'
	...im/site/pack/core/opt/noice.nvim/lua/noice/view/init.lua:163: in function <...im/site/pack/core/opt/noice.nvim/lua/noice/view/init.lua:161>
	[C]: in function 'xpcall'
	...
	...te/pack/core/opt/noice.nvim/lua/noice/message/router.lua:214: in function <...te/pack/core/opt/noice.nvim/lua/noice/message/router.lua:147>
	[C]: in function 'xpcall'
	...im/site/pack/core/opt/noice.nvim/lua/noice/util/call.lua:149: in function 'try'
	...nvim/site/pack/core/opt/noice.nvim/lua/noice/ui/init.lua:88: in function 'ui_attach_cb'
	...nvim/site/pack/core/opt/noice.nvim/lua/noice/ui/init.lua:27: in function 'process_queue'
	...nvim/site/pack/core/opt/noice.nvim/lua/noice/ui/init.lua:138: in function <...nvim/site/pack/core/opt/noice.nvim/lua/noice/ui/init.lua:118>
	[C]: in function 'nvim_echo'
	.../nvim/site/pack/core/opt/blink.lib/lua/blink/lib/log.lua:187: in function <.../nvim/site/pack/core/opt/blink.lib/lua/blink/lib/log.lua:187>
	[C]: in function 'pcall'
	.../nvim/site/pack/core/opt/blink.lib/lua/blink/lib/log.lua:301: in function <.../nvim/site/pack/core/opt/blink.lib/lua/blink/lib/log.lua:299>
Lua callback: /usr/share/nvim/runtime/lua/vim/treesitter.lua:460: Parser could not be created for buffer 4174 and language "notify"
stack traceback:
	[C]: in function 'assert'
	/usr/share/nvim/runtime/lua/vim/treesitter.lua:460: in function 'start'
	...onfig/nvim/lua/config/ui/highlight/treesitter-config.lua:6: in function <...onfig/nvim/lua/config/ui/highlight/treesitter-config.lua:5>
	[C]: in function 'nvim_buf_set_option'
	.../core/opt/nvim-notify/lua/notify/service/buffer/init.lua:103: in function 'render'
	...te/pack/core/opt/nvim-notify/lua/notify/service/init.lua:53: in function 'push'
	...m/site/pack/core/opt/nvim-notify/lua/notify/instance.lua:132: in function <...m/site/pack/core/opt/nvim-notify/lua/notify/instance.lua:77>
	...ck/core/opt/noice.nvim/lua/noice/view/backend/notify.lua:168: in function '_notify'
	...ck/core/opt/noice.nvim/lua/noice/view/backend/notify.lua:198: in function 'show'
	...im/site/pack/core/opt/noice.nvim/lua/noice/view/init.lua:163: in function <...im/site/pack/core/opt/noice.nvim/lua/noice/view/init.lua:161>
	[C]: in function 'xpcall'
	...
	...te/pack/core/opt/noice.nvim/lua/noice/message/router.lua:214: in function <...te/pack/core/opt/noice.nvim/lua/noice/message/router.lua:147>
	[C]: in function 'xpcall'
	...im/site/pack/core/opt/noice.nvim/lua/noice/util/call.lua:149: in function 'try'
	...nvim/site/pack/core/opt/noice.nvim/lua/noice/ui/init.lua:88: in function 'ui_attach_cb'
	...nvim/site/pack/core/opt/noice.nvim/lua/noice/ui/init.lua:27: in function 'process_queue'
	...nvim/site/pack/core/opt/noice.nvim/lua/noice/ui/init.lua:138: in function <...nvim/site/pack/core/opt/noice.nvim/lua/noice/ui/init.lua:118>
	[C]: in function 'nvim_echo'
	.../nvim/site/pack/core/opt/blink.lib/lua/blink/lib/log.lua:187: in function <.../nvim/site/pack/core/opt/blink.lib/lua/blink/lib/log.lua:187>
	[C]: in function 'pcall'
	.../nvim/site/pack/core/opt/blink.lib/lua/blink/lib/log.lua:301: in function <.../nvim/site/pack/core/opt/blink.lib/lua/blink/lib/log.lua:299>
Lua callback: /usr/share/nvim/runtime/lua/vim/treesitter.lua:460: Parser could not be created for buffer 4175 and language "notify"
stack traceback:
	[C]: in function 'assert'
	/usr/share/nvim/runtime/lua/vim/treesitter.lua:460: in function 'start'
	...onfig/nvim/lua/config/ui/highlight/treesitter-config.lua:6: in function <...onfig/nvim/lua/config/ui/highlight/treesitter-config.lua:5>
	[C]: in function 'nvim_buf_set_option'
	.../core/opt/nvim-notify/lua/notify/service/buffer/init.lua:103: in function 'render'
	...te/pack/core/opt/nvim-notify/lua/notify/service/init.lua:53: in function 'push'
	...m/site/pack/core/opt/nvim-notify/lua/notify/instance.lua:132: in function <...m/site/pack/core/opt/nvim-notify/lua/notify/instance.lua:77>
	...ck/core/opt/noice.nvim/lua/noice/view/backend/notify.lua:168: in function '_notify'
	...ck/core/opt/noice.nvim/lua/noice/view/backend/notify.lua:198: in function 'show'
	...im/site/pack/core/opt/noice.nvim/lua/noice/view/init.lua:163: in function <...im/site/pack/core/opt/noice.nvim/lua/noice/view/init.lua:161>
	[C]: in function 'xpcall'
	...
	...te/pack/core/opt/noice.nvim/lua/noice/message/router.lua:214: in function <...te/pack/core/opt/noice.nvim/lua/noice/message/router.lua:147>
	[C]: in function 'xpcall'
	...im/site/pack/core/opt/noice.nvim/lua/noice/util/call.lua:149: in function 'try'
	...nvim/site/pack/core/opt/noice.nvim/lua/noice/ui/init.lua:88: in function 'ui_attach_cb'
	...nvim/site/pack/core/opt/noice.nvim/lua/noice/ui/init.lua:27: in function 'process_queue'
	...nvim/site/pack/core/opt/noice.nvim/lua/noice/ui/init.lua:138: in function <...nvim/site/pack/core/opt/noice.nvim/lua/noice/ui/init.lua:118>
	[C]: in function 'nvim_echo'
	.../nvim/site/pack/core/opt/blink.lib/lua/blink/lib/log.lua:187: in function <.../nvim/site/pack/core/opt/blink.lib/lua/blink/lib/log.lua:187>
	[C]: in function 'pcall'
	.../nvim/site/pack/core/opt/blink.lib/lua/blink/lib/log.lua:301: in function <.../nvim/site/pack/core/opt/blink.lib/lua/blink/lib/log.lua:299>
Lua callback: /usr/share/nvim/runtime/lua/vim/treesitter.lua:460: Parser could not be created for buffer 4176 and language "notify"
stack traceback:
	[C]: in function 'assert'
	/usr/share/nvim/runtime/lua/vim/treesitter.lua:460: in function 'start'
	...onfig/nvim/lua/config/ui/highlight/treesitter-config.lua:6: in function <...onfig/nvim/lua/config/ui/highlight/treesitter-config.lua:5>
	[C]: in function 'nvim_buf_set_option'
	.../core/opt/nvim-notify/lua/notify/service/buffer/init.lua:103: in function 'render'
	...te/pack/core/opt/nvim-notify/lua/notify/service/init.lua:53: in function 'push'
	...m/site/pack/core/opt/nvim-notify/lua/notify/instance.lua:132: in function <...m/site/pack/core/opt/nvim-notify/lua/notify/instance.lua:77>
	...ck/core/opt/noice.nvim/lua/noice/view/backend/notify.lua:168: in function '_notify'
	...ck/core/opt/noice.nvim/lua/noice/view/backend/notify.lua:198: in function 'show'
	...im/site/pack/core/opt/noice.nvim/lua/noice/view/init.lua:163: in function <...im/site/pack/core/opt/noice.nvim/lua/noice/view/init.lua:161>
	[C]: in function 'xpcall'
	...
	...te/pack/core/opt/noice.nvim/lua/noice/message/router.lua:214: in function <...te/pack/core/opt/noice.nvim/lua/noice/message/router.lua:147>
	[C]: in function 'xpcall'
	...im/site/pack/core/opt/noice.nvim/lua/noice/util/call.lua:149: in function 'try'
	...nvim/site/pack/core/opt/noice.nvim/lua/noice/ui/init.lua:88: in function 'ui_attach_cb'
	...nvim/site/pack/core/opt/noice.nvim/lua/noice/ui/init.lua:27: in function 'process_queue'
	...nvim/site/pack/core/opt/noice.nvim/lua/noice/ui/init.lua:138: in function <...nvim/site/pack/core/opt/noice.nvim/lua/noice/ui/init.lua:118>
	[C]: in function 'nvim_echo'
	.../nvim/site/pack/core/opt/blink.lib/lua/blink/lib/log.lua:187: in function <.../nvim/site/pack/core/opt/blink.lib/lua/blink/lib/log.lua:187>
	[C]: in function 'pcall'
	.../nvim/site/pack/core/opt/blink.lib/lua/blink/lib/log.lua:301: in function <.../nvim/site/pack/core/opt/blink.lib/lua/blink/lib/log.lua:299>
Lua callback: /usr/share/nvim/runtime/lua/vim/treesitter.lua:460: Parser could not be created for buffer 4177 and language "notify"
stack traceback:
	[C]: in function 'assert'
	/usr/share/nvim/runtime/lua/vim/treesitter.lua:460: in function 'start'
	...onfig/nvim/lua/config/ui/highlight/treesitter-config.lua:6: in function <...onfig/nvim/lua/config/ui/highlight/treesitter-config.lua:5>
	[C]: in function 'nvim_buf_set_option'
	.../core/opt/nvim-notify/lua/notify/service/buffer/init.lua:103: in function 'render'
	...te/pack/core/opt/nvim-notify/lua/notify/service/init.lua:53: in function 'push'
	...m/site/pack/core/opt/nvim-notify/lua/notify/instance.lua:132: in function <...m/site/pack/core/opt/nvim-notify/lua/notify/instance.lua:77>
	...ck/core/opt/noice.nvim/lua/noice/view/backend/notify.lua:168: in function '_notify'
	...ck/core/opt/noice.nvim/lua/noice/view/backend/notify.lua:198: in function 'show'
	...im/site/pack/core/opt/noice.nvim/lua/noice/view/init.lua:163: in function <...im/site/pack/core/opt/noice.nvim/lua/noice/view/init.lua:161>
	[C]: in function 'xpcall'
	...
	...te/pack/core/opt/noice.nvim/lua/noice/message/router.lua:214: in function <...te/pack/core/opt/noice.nvim/lua/noice/message/router.lua:147>
	[C]: in function 'xpcall'
	...im/site/pack/core/opt/noice.nvim/lua/noice/util/call.lua:149: in function 'try'
	...nvim/site/pack/core/opt/noice.nvim/lua/noice/ui/init.lua:88: in function 'ui_attach_cb'
	...nvim/site/pack/core/opt/noice.nvim/lua/noice/ui/init.lua:27: in function 'process_queue'
	...nvim/site/pack/core/opt/noice.nvim/lua/noice/ui/init.lua:138: in function <...nvim/site/pack/core/opt/noice.nvim/lua/noice/ui/init.lua:118>
	[C]: in function 'nvim_echo'
	.../nvim/site/pack/core/opt/blink.lib/lua/blink/lib/log.lua:187: in function <.../nvim/site/pack/core/opt/blink.lib/lua/blink/lib/log.lua:187>
	[C]: in function 'pcall'
	.../nvim/site/pack/core/opt/blink.lib/lua/blink/lib/log.lua:301: in function <.../nvim/site/pack/core/opt/blink.lib/lua/blink/lib/log.lua:299>
Lua callback: /usr/share/nvim/runtime/lua/vim/treesitter.lua:460: Parser could not be created for buffer 4178 and language "notify"
stack traceback:
	[C]: in function 'assert'
	/usr/share/nvim/runtime/lua/vim/treesitter.lua:460: in function 'start'
	...onfig/nvim/lua/config/ui/highlight/treesitter-config.lua:6: in function <...onfig/nvim/lua/config/ui/highlight/treesitter-config.lua:5>
	[C]: in function 'nvim_buf_set_option'
	.../core/opt/nvim-notify/lua/notify/service/buffer/init.lua:103: in function 'render'
	...te/pack/core/opt/nvim-notify/lua/notify/service/init.lua:53: in function 'push'
	...m/site/pack/core/opt/nvim-notify/lua/notify/instance.lua:132: in function <...m/site/pack/core/opt/nvim-notify/lua/notify/instance.lua:77>
	...ck/core/opt/noice.nvim/lua/noice/view/backend/notify.lua:168: in function '_notify'
	...ck/core/opt/noice.nvim/lua/noice/view/backend/notify.lua:198: in function 'show'
	...im/site/pack/core/opt/noice.nvim/lua/noice/view/init.lua:163: in function <...im/site/pack/core/opt/noice.nvim/lua/noice/view/init.lua:161>
	[C]: in function 'xpcall'
	...
	...te/pack/core/opt/noice.nvim/lua/noice/message/router.lua:214: in function <...te/pack/core/opt/noice.nvim/lua/noice/message/router.lua:147>
	[C]: in function 'xpcall'
	...im/site/pack/core/opt/noice.nvim/lua/noice/util/call.lua:149: in function 'try'
	...nvim/site/pack/core/opt/noice.nvim/lua/noice/ui/init.lua:88: in function 'ui_attach_cb'
	...nvim/site/pack/core/opt/noice.nvim/lua/noice/ui/init.lua:27: in function 'process_queue'
	...nvim/site/pack/core/opt/noice.nvim/lua/noice/ui/init.lua:138: in function <...nvim/site/pack/core/opt/noice.nvim/lua/noice/ui/init.lua:118>
	[C]: in function 'nvim_echo'
	.../nvim/site/pack/core/opt/blink.lib/lua/blink/lib/log.lua:187: in function <.../nvim/site/pack/core/opt/blink.lib/lua/blink/lib/log.lua:187>
	[C]: in function 'pcall'
	.../nvim/site/pack/core/opt/blink.lib/lua/blink/lib/log.lua:301: in function <.../nvim/site/pack/core/opt/blink.lib/lua/blink/lib/log.lua:299>
Lua callback: /usr/share/nvim/runtime/lua/vim/treesitter.lua:460: Parser could not be created for buffer 4179 and language "notify"
stack traceback:
	[C]: in function 'assert'
	/usr/share/nvim/runtime/lua/vim/treesitter.lua:460: in function 'start'
	...onfig/nvim/lua/config/ui/highlight/treesitter-config.lua:6: in function <...onfig/nvim/lua/config/ui/highlight/treesitter-config.lua:5>
	[C]: in function 'nvim_buf_set_option'
	.../core/opt/nvim-notify/lua/notify/service/buffer/init.lua:103: in function 'render'
	...te/pack/core/opt/nvim-notify/lua/notify/service/init.lua:53: in function 'push'
	...m/site/pack/core/opt/nvim-notify/lua/notify/instance.lua:132: in function <...m/site/pack/core/opt/nvim-notify/lua/notify/instance.lua:77>
	...ck/core/opt/noice.nvim/lua/noice/view/backend/notify.lua:168: in function '_notify'
	...ck/core/opt/noice.nvim/lua/noice/view/backend/notify.lua:198: in function 'show'
	...im/site/pack/core/opt/noice.nvim/lua/noice/view/init.lua:163: in function <...im/site/pack/core/opt/noice.nvim/lua/noice/view/init.lua:161>
	[C]: in function 'xpcall'
	...
	...te/pack/core/opt/noice.nvim/lua/noice/message/router.lua:214: in function <...te/pack/core/opt/noice.nvim/lua/noice/message/router.lua:147>
	[C]: in function 'xpcall'
	...im/site/pack/core/opt/noice.nvim/lua/noice/util/call.lua:149: in function 'try'
	...nvim/site/pack/core/opt/noice.nvim/lua/noice/ui/init.lua:88: in function 'ui_attach_cb'
	...nvim/site/pack/core/opt/noice.nvim/lua/noice/ui/init.lua:27: in function 'process_queue'
	...nvim/site/pack/core/opt/noice.nvim/lua/noice/ui/init.lua:138: in function <...nvim/site/pack/core/opt/noice.nvim/lua/noice/ui/init.lua:118>
	[C]: in function 'nvim_echo'
	.../nvim/site/pack/core/opt/blink.lib/lua/blink/lib/log.lua:187: in function <.../nvim/site/pack/core/opt/blink.lib/lua/blink/lib/log.lua:187>
	[C]: in function 'pcall'
	.../nvim/site/pack/core/opt/blink.lib/lua/blink/lib/log.lua:301: in function <.../nvim/site/pack/core/opt/blink.lib/lua/blink/lib/log.lua:299>
Lua callback: /usr/share/nvim/runtime/lua/vim/treesitter.lua:460: Parser could not be created for buffer 4180 and language "notify"
stack traceback:
	[C]: in function 'assert'
	/usr/share/nvim/runtime/lua/vim/treesitter.lua:460: in function 'start'
	...onfig/nvim/lua/config/ui/highlight/treesitter-config.lua:6: in function <...onfig/nvim/lua/config/ui/highlight/treesitter-config.lua:5>
	[C]: in function 'nvim_buf_set_option'
	.../core/opt/nvim-notify/lua/notify/service/buffer/init.lua:103: in function 'render'
	...te/pack/core/opt/nvim-notify/lua/notify/service/init.lua:53: in function 'push'
	...m/site/pack/core/opt/nvim-notify/lua/notify/instance.lua:132: in function <...m/site/pack/core/opt/nvim-notify/lua/notify/instance.lua:77>
	...ck/core/opt/noice.nvim/lua/noice/view/backend/notify.lua:168: in function '_notify'
	...ck/core/opt/noice.nvim/lua/noice/view/backend/notify.lua:198: in function 'show'
	...im/site/pack/core/opt/noice.nvim/lua/noice/view/init.lua:163: in function <...im/site/pack/core/opt/noice.nvim/lua/noice/view/init.lua:161>
	[C]: in function 'xpcall'
	...
	...te/pack/core/opt/noice.nvim/lua/noice/message/router.lua:214: in function <...te/pack/core/opt/noice.nvim/lua/noice/message/router.lua:147>
	[C]: in function 'xpcall'
	...im/site/pack/core/opt/noice.nvim/lua/noice/util/call.lua:149: in function 'try'
	...nvim/site/pack/core/opt/noice.nvim/lua/noice/ui/init.lua:88: in function 'ui_attach_cb'
	...nvim/site/pack/core/opt/noice.nvim/lua/noice/ui/init.lua:27: in function 'process_queue'
	...nvim/site/pack/core/opt/noice.nvim/lua/noice/ui/init.lua:138: in function <...nvim/site/pack/core/opt/noice.nvim/lua/noice/ui/init.lua:118>
	[C]: in function 'nvim_echo'
	.../nvim/site/pack/core/opt/blink.lib/lua/blink/lib/log.lua:187: in function <.../nvim/site/pack/core/opt/blink.lib/lua/blink/lib/log.lua:187>
	[C]: in function 'pcall'
	.../nvim/site/pack/core/opt/blink.lib/lua/blink/lib/log.lua:301: in function <.../nvim/site/pack/core/opt/blink.lib/lua/blink/lib/log.lua:299>
Lua callback: /usr/share/nvim/runtime/lua/vim/treesitter.lua:460: Parser could not be created for buffer 4181 and language "notify"
stack traceback:
	[C]: in function 'assert'
	/usr/share/nvim/runtime/lua/vim/treesitter.lua:460: in function 'start'
	...onfig/nvim/lua/config/ui/highlight/treesitter-config.lua:6: in function <...onfig/nvim/lua/config/ui/highlight/treesitter-config.lua:5>
	[C]: in function 'nvim_buf_set_option'
	.../core/opt/nvim-notify/lua/notify/service/buffer/init.lua:103: in function 'render'
	...te/pack/core/opt/nvim-notify/lua/notify/service/init.lua:53: in function 'push'
	...m/site/pack/core/opt/nvim-notify/lua/notify/instance.lua:132: in function <...m/site/pack/core/opt/nvim-notify/lua/notify/instance.lua:77>
	...ck/core/opt/noice.nvim/lua/noice/view/backend/notify.lua:168: in function '_notify'
	...ck/core/opt/noice.nvim/lua/noice/view/backend/notify.lua:198: in function 'show'
	...im/site/pack/core/opt/noice.nvim/lua/noice/view/init.lua:163: in function <...im/site/pack/core/opt/noice.nvim/lua/noice/view/init.lua:161>
	[C]: in function 'xpcall'
	...
	...te/pack/core/opt/noice.nvim/lua/noice/message/router.lua:214: in function <...te/pack/core/opt/noice.nvim/lua/noice/message/router.lua:147>
	[C]: in function 'xpcall'
	...im/site/pack/core/opt/noice.nvim/lua/noice/util/call.lua:149: in function 'try'
	...nvim/site/pack/core/opt/noice.nvim/lua/noice/ui/init.lua:88: in function 'ui_attach_cb'
	...nvim/site/pack/core/opt/noice.nvim/lua/noice/ui/init.lua:27: in function 'process_queue'
	...nvim/site/pack/core/opt/noice.nvim/lua/noice/ui/init.lua:138: in function <...nvim/site/pack/core/opt/noice.nvim/lua/noice/ui/init.lua:118>
	[C]: in function 'nvim_echo'
	.../nvim/site/pack/core/opt/blink.lib/lua/blink/lib/log.lua:187: in function <.../nvim/site/pack/core/opt/blink.lib/lua/blink/lib/log.lua:187>
	[C]: in function 'pcall'
	.../nvim/site/pack/core/opt/blink.lib/lua/blink/lib/log.lua:301: in function <.../nvim/site/pack/core/opt/blink.lib/lua/blink/lib/log.lua:299>
Lua callback: /usr/share/nvim/runtime/lua/vim/treesitter.lua:460: Parser could not be created for buffer 4182 and language "notify"
stack traceback:
	[C]: in function 'assert'
	/usr/share/nvim/runtime/lua/vim/treesitter.lua:460: in function 'start'
	...onfig/nvim/lua/config/ui/highlight/treesitter-config.lua:6: in function <...onfig/nvim/lua/config/ui/highlight/treesitter-config.lua:5>
	[C]: in function 'nvim_buf_set_option'
	.../core/opt/nvim-notify/lua/notify/service/buffer/init.lua:103: in function 'render'
	...te/pack/core/opt/nvim-notify/lua/notify/service/init.lua:53: in function 'push'
	...m/site/pack/core/opt/nvim-notify/lua/notify/instance.lua:132: in function <...m/site/pack/core/opt/nvim-notify/lua/notify/instance.lua:77>
	...ck/core/opt/noice.nvim/lua/noice/view/backend/notify.lua:168: in function '_notify'
	...ck/core/opt/noice.nvim/lua/noice/view/backend/notify.lua:198: in function 'show'
	...im/site/pack/core/opt/noice.nvim/lua/noice/view/init.lua:163: in function <...im/site/pack/core/opt/noice.nvim/lua/noice/view/init.lua:161>
	[C]: in function 'xpcall'
	...
	...te/pack/core/opt/noice.nvim/lua/noice/message/router.lua:214: in function <...te/pack/core/opt/noice.nvim/lua/noice/message/router.lua:147>
	[C]: in function 'xpcall'
	...im/site/pack/core/opt/noice.nvim/lua/noice/util/call.lua:149: in function 'try'
	...nvim/site/pack/core/opt/noice.nvim/lua/noice/ui/init.lua:88: in function 'ui_attach_cb'
	...nvim/site/pack/core/opt/noice.nvim/lua/noice/ui/init.lua:27: in function 'process_queue'
	...nvim/site/pack/core/opt/noice.nvim/lua/noice/ui/init.lua:138: in function <...nvim/site/pack/core/opt/noice.nvim/lua/noice/ui/init.lua:118>
	[C]: in function 'nvim_echo'
	.../nvim/site/pack/core/opt/blink.lib/lua/blink/lib/log.lua:187: in function <.../nvim/site/pack/core/opt/blink.lib/lua/blink/lib/log.lua:187>
	[C]: in function 'pcall'
	.../nvim/site/pack/core/opt/blink.lib/lua/blink/lib/log.lua:301: in function <.../nvim/site/pack/core/opt/blink.lib/lua/blink/lib/log.lua:299>
Lua callback: /usr/share/nvim/runtime/lua/vim/treesitter.lua:460: Parser could not be created for buffer 4183 and language "notify"
stack traceback:
	[C]: in function 'assert'
	/usr/share/nvim/runtime/lua/vim/treesitter.lua:460: in function 'start'
	...onfig/nvim/lua/config/ui/highlight/treesitter-config.lua:6: in function <...onfig/nvim/lua/config/ui/highlight/treesitter-config.lua:5>
	[C]: in function 'nvim_buf_set_option'
	.../core/opt/nvim-notify/lua/notify/service/buffer/init.lua:103: in function 'render'
	...te/pack/core/opt/nvim-notify/lua/notify/service/init.lua:53: in function 'push'
	...m/site/pack/core/opt/nvim-notify/lua/notify/instance.lua:132: in function <...m/site/pack/core/opt/nvim-notify/lua/notify/instance.lua:77>
	...ck/core/opt/noice.nvim/lua/noice/view/backend/notify.lua:168: in function '_notify'
	...ck/core/opt/noice.nvim/lua/noice/view/backend/notify.lua:198: in function 'show'
	...im/site/pack/core/opt/noice.nvim/lua/noice/view/init.lua:163: in function <...im/site/pack/core/opt/noice.nvim/lua/noice/view/init.lua:161>
	[C]: in function 'xpcall'
	...
	...te/pack/core/opt/noice.nvim/lua/noice/message/router.lua:214: in function <...te/pack/core/opt/noice.nvim/lua/noice/message/router.lua:147>
	[C]: in function 'xpcall'
	...im/site/pack/core/opt/noice.nvim/lua/noice/util/call.lua:149: in function 'try'
	...nvim/site/pack/core/opt/noice.nvim/lua/noice/ui/init.lua:88: in function 'ui_attach_cb'
	...nvim/site/pack/core/opt/noice.nvim/lua/noice/ui/init.lua:27: in function 'process_queue'
	...nvim/site/pack/core/opt/noice.nvim/lua/noice/ui/init.lua:138: in function <...nvim/site/pack/core/opt/noice.nvim/lua/noice/ui/init.lua:118>
	[C]: in function 'nvim_echo'
	.../nvim/site/pack/core/opt/blink.lib/lua/blink/lib/log.lua:187: in function <.../nvim/site/pack/core/opt/blink.lib/lua/blink/lib/log.lua:187>
	[C]: in function 'pcall'
	.../nvim/site/pack/core/opt/blink.lib/lua/blink/lib/log.lua:301: in function <.../nvim/site/pack/core/opt/blink.lib/lua/blink/lib/log.lua:299>
Lua callback: /usr/share/nvim/runtime/lua/vim/treesitter.lua:460: Parser could not be created for buffer 4184 and language "notify"
stack traceback:
	[C]: in function 'assert'
	/usr/share/nvim/runtime/lua/vim/treesitter.lua:460: in function 'start'
	...onfig/nvim/lua/config/ui/highlight/treesitter-config.lua:6: in function <...onfig/nvim/lua/config/ui/highlight/treesitter-config.lua:5>
	[C]: in function 'nvim_buf_set_option'
	.../core/opt/nvim-notify/lua/notify/service/buffer/init.lua:103: in function 'render'
	...te/pack/core/opt/nvim-notify/lua/notify/service/init.lua:53: in function 'push'
	...m/site/pack/core/opt/nvim-notify/lua/notify/instance.lua:132: in function <...m/site/pack/core/opt/nvim-notify/lua/notify/instance.lua:77>
	...ck/core/opt/noice.nvim/lua/noice/view/backend/notify.lua:168: in function '_notify'
	...ck/core/opt/noice.nvim/lua/noice/view/backend/notify.lua:198: in function 'show'
	...im/site/pack/core/opt/noice.nvim/lua/noice/view/init.lua:163: in function <...im/site/pack/core/opt/noice.nvim/lua/noice/view/init.lua:161>
	[C]: in function 'xpcall'
	...
	...te/pack/core/opt/noice.nvim/lua/noice/message/router.lua:214: in function <...te/pack/core/opt/noice.nvim/lua/noice/message/router.lua:147>
	[C]: in function 'xpcall'
	...im/site/pack/core/opt/noice.nvim/lua/noice/util/call.lua:149: in function 'try'
	...nvim/site/pack/core/opt/noice.nvim/lua/noice/ui/init.lua:88: in function 'ui_attach_cb'
	...nvim/site/pack/core/opt/noice.nvim/lua/noice/ui/init.lua:27: in function 'process_queue'
	...nvim/site/pack/core/opt/noice.nvim/lua/noice/ui/init.lua:138: in function <...nvim/site/pack/core/opt/noice.nvim/lua/noice/ui/init.lua:118>
	[C]: in function 'nvim_echo'
	.../nvim/site/pack/core/opt/blink.lib/lua/blink/lib/log.lua:187: in function <.../nvim/site/pack/core/opt/blink.lib/lua/blink/lib/log.lua:187>
	[C]: in function 'pcall'
	.../nvim/site/pack/core/opt/blink.lib/lua/blink/lib/log.lua:301: in function <.../nvim/site/pack/core/opt/blink.lib/lua/blink/lib/log.lua:299>
Lua callback: /usr/share/nvim/runtime/lua/vim/treesitter.lua:460: Parser could not be created for buffer 4185 and language "notify"
stack traceback:
	[C]: in function 'assert'
	/usr/share/nvim/runtime/lua/vim/treesitter.lua:460: in function 'start'
	...onfig/nvim/lua/config/ui/highlight/treesitter-config.lua:6: in function <...onfig/nvim/lua/config/ui/highlight/treesitter-config.lua:5>
	[C]: in function 'nvim_buf_set_option'
	.../core/opt/nvim-notify/lua/notify/service/buffer/init.lua:103: in function 'render'
	...te/pack/core/opt/nvim-notify/lua/notify/service/init.lua:53: in function 'push'
	...m/site/pack/core/opt/nvim-notify/lua/notify/instance.lua:132: in function <...m/site/pack/core/opt/nvim-notify/lua/notify/instance.lua:77>
	...ck/core/opt/noice.nvim/lua/noice/view/backend/notify.lua:168: in function '_notify'
	...ck/core/opt/noice.nvim/lua/noice/view/backend/notify.lua:198: in function 'show'
	...im/site/pack/core/opt/noice.nvim/lua/noice/view/init.lua:163: in function <...im/site/pack/core/opt/noice.nvim/lua/noice/view/init.lua:161>
	[C]: in function 'xpcall'
	...
	...te/pack/core/opt/noice.nvim/lua/noice/message/router.lua:214: in function <...te/pack/core/opt/noice.nvim/lua/noice/message/router.lua:147>
	[C]: in function 'xpcall'
	...im/site/pack/core/opt/noice.nvim/lua/noice/util/call.lua:149: in function 'try'
	...nvim/site/pack/core/opt/noice.nvim/lua/noice/ui/init.lua:88: in function 'ui_attach_cb'
	...nvim/site/pack/core/opt/noice.nvim/lua/noice/ui/init.lua:27: in function 'process_queue'
	...nvim/site/pack/core/opt/noice.nvim/lua/noice/ui/init.lua:138: in function <...nvim/site/pack/core/opt/noice.nvim/lua/noice/ui/init.lua:118>
	[C]: in function 'nvim_echo'
	.../nvim/site/pack/core/opt/blink.lib/lua/blink/lib/log.lua:187: in function <.../nvim/site/pack/core/opt/blink.lib/lua/blink/lib/log.lua:187>
	[C]: in function 'pcall'
	.../nvim/site/pack/core/opt/blink.lib/lua/blink/lib/log.lua:301: in function <.../nvim/site/pack/core/opt/blink.lib/lua/blink/lib/log.lua:299>
Lua callback: /usr/share/nvim/runtime/lua/vim/treesitter.lua:460: Parser could not be created for buffer 4186 and language "notify"
stack traceback:
	[C]: in function 'assert'
	/usr/share/nvim/runtime/lua/vim/treesitter.lua:460: in function 'start'
	...onfig/nvim/lua/config/ui/highlight/treesitter-config.lua:6: in function <...onfig/nvim/lua/config/ui/highlight/treesitter-config.lua:5>
	[C]: in function 'nvim_buf_set_option'
	.../core/opt/nvim-notify/lua/notify/service/buffer/init.lua:103: in function 'render'
	...te/pack/core/opt/nvim-notify/lua/notify/service/init.lua:53: in function 'push'
	...m/site/pack/core/opt/nvim-notify/lua/notify/instance.lua:132: in function <...m/site/pack/core/opt/nvim-notify/lua/notify/instance.lua:77>
	...ck/core/opt/noice.nvim/lua/noice/view/backend/notify.lua:168: in function '_notify'
	...ck/core/opt/noice.nvim/lua/noice/view/backend/notify.lua:198: in function 'show'
	...im/site/pack/core/opt/noice.nvim/lua/noice/view/init.lua:163: in function <...im/site/pack/core/opt/noice.nvim/lua/noice/view/init.lua:161>
	[C]: in function 'xpcall'
	...
	...te/pack/core/opt/noice.nvim/lua/noice/message/router.lua:214: in function <...te/pack/core/opt/noice.nvim/lua/noice/message/router.lua:147>
	[C]: in function 'xpcall'
	...im/site/pack/core/opt/noice.nvim/lua/noice/util/call.lua:149: in function 'try'
	...nvim/site/pack/core/opt/noice.nvim/lua/noice/ui/init.lua:88: in function 'ui_attach_cb'
	...nvim/site/pack/core/opt/noice.nvim/lua/noice/ui/init.lua:27: in function 'process_queue'
	...nvim/site/pack/core/opt/noice.nvim/lua/noice/ui/init.lua:138: in function <...nvim/site/pack/core/opt/noice.nvim/lua/noice/ui/init.lua:118>
	[C]: in function 'nvim_echo'
	.../nvim/site/pack/core/opt/blink.lib/lua/blink/lib/log.lua:187: in function <.../nvim/site/pack/core/opt/blink.lib/lua/blink/lib/log.lua:187>
	[C]: in function 'pcall'
	.../nvim/site/pack/core/opt/blink.lib/lua/blink/lib/log.lua:301: in function <.../nvim/site/pack/core/opt/blink.lib/lua/blink/lib/log.lua:299>
Lua callback: /usr/share/nvim/runtime/lua/vim/treesitter.lua:460: Parser could not be created for buffer 4187 and language "notify"
stack traceback:
	[C]: in function 'assert'
	/usr/share/nvim/runtime/lua/vim/treesitter.lua:460: in function 'start'
	...onfig/nvim/lua/config/ui/highlight/treesitter-config.lua:6: in function <...onfig/nvim/lua/config/ui/highlight/treesitter-config.lua:5>
	[C]: in function 'nvim_buf_set_option'
	.../core/opt/nvim-notify/lua/notify/service/buffer/init.lua:103: in function 'render'
	...te/pack/core/opt/nvim-notify/lua/notify/service/init.lua:53: in function 'push'
	...m/site/pack/core/opt/nvim-notify/lua/notify/instance.lua:132: in function <...m/site/pack/core/opt/nvim-notify/lua/notify/instance.lua:77>
	...ck/core/opt/noice.nvim/lua/noice/view/backend/notify.lua:168: in function '_notify'
	...ck/core/opt/noice.nvim/lua/noice/view/backend/notify.lua:198: in function 'show'
	...im/site/pack/core/opt/noice.nvim/lua/noice/view/init.lua:163: in function <...im/site/pack/core/opt/noice.nvim/lua/noice/view/init.lua:161>
	[C]: in function 'xpcall'
	...
	...te/pack/core/opt/noice.nvim/lua/noice/message/router.lua:214: in function <...te/pack/core/opt/noice.nvim/lua/noice/message/router.lua:147>
	[C]: in function 'xpcall'
	...im/site/pack/core/opt/noice.nvim/lua/noice/util/call.lua:149: in function 'try'
	...nvim/site/pack/core/opt/noice.nvim/lua/noice/ui/init.lua:88: in function 'ui_attach_cb'
	...nvim/site/pack/core/opt/noice.nvim/lua/noice/ui/init.lua:27: in function 'process_queue'
	...nvim/site/pack/core/opt/noice.nvim/lua/noice/ui/init.lua:138: in function <...nvim/site/pack/core/opt/noice.nvim/lua/noice/ui/init.lua:118>
	[C]: in function 'nvim_echo'
	.../nvim/site/pack/core/opt/blink.lib/lua/blink/lib/log.lua:187: in function <.../nvim/site/pack/core/opt/blink.lib/lua/blink/lib/log.lua:187>
	[C]: in function 'pcall'
	.../nvim/site/pack/core/opt/blink.lib/lua/blink/lib/log.lua:301: in function <.../nvim/site/pack/core/opt/blink.lib/lua/blink/lib/log.lua:299>
Lua callback: /usr/share/nvim/runtime/lua/vim/treesitter.lua:460: Parser could not be created for buffer 4188 and language "notify"
stack traceback:
	[C]: in function 'assert'
	/usr/share/nvim/runtime/lua/vim/treesitter.lua:460: in function 'start'
	...onfig/nvim/lua/config/ui/highlight/treesitter-config.lua:6: in function <...onfig/nvim/lua/config/ui/highlight/treesitter-config.lua:5>
	[C]: in function 'nvim_buf_set_option'
	.../core/opt/nvim-notify/lua/notify/service/buffer/init.lua:103: in function 'render'
	...te/pack/core/opt/nvim-notify/lua/notify/service/init.lua:53: in function 'push'
	...m/site/pack/core/opt/nvim-notify/lua/notify/instance.lua:132: in function <...m/site/pack/core/opt/nvim-notify/lua/notify/instance.lua:77>
	...ck/core/opt/noice.nvim/lua/noice/view/backend/notify.lua:168: in function '_notify'
	...ck/core/opt/noice.nvim/lua/noice/view/backend/notify.lua:198: in function 'show'
	...im/site/pack/core/opt/noice.nvim/lua/noice/view/init.lua:163: in function <...im/site/pack/core/opt/noice.nvim/lua/noice/view/init.lua:161>
	[C]: in function 'xpcall'
	...
	...te/pack/core/opt/noice.nvim/lua/noice/message/router.lua:214: in function <...te/pack/core/opt/noice.nvim/lua/noice/message/router.lua:147>
	[C]: in function 'xpcall'
	...im/site/pack/core/opt/noice.nvim/lua/noice/util/call.lua:149: in function 'try'
	...nvim/site/pack/core/opt/noice.nvim/lua/noice/ui/init.lua:88: in function 'ui_attach_cb'
	...nvim/site/pack/core/opt/noice.nvim/lua/noice/ui/init.lua:27: in function 'process_queue'
	...nvim/site/pack/core/opt/noice.nvim/lua/noice/ui/init.lua:138: in function <...nvim/site/pack/core/opt/noice.nvim/lua/noice/ui/init.lua:118>
	[C]: in function 'nvim_echo'
	.../nvim/site/pack/core/opt/blink.lib/lua/blink/lib/log.lua:187: in function <.../nvim/site/pack/core/opt/blink.lib/lua/blink/lib/log.lua:187>
	[C]: in function 'pcall'
	.../nvim/site/pack/core/opt/blink.lib/lua/blink/lib/log.lua:301: in function <.../nvim/site/pack/core/opt/blink.lib/lua/blink/lib/log.lua:299>
Lua callback: /usr/share/nvim/runtime/lua/vim/treesitter.lua:460: Parser could not be created for buffer 4189 and language "notify"
stack traceback:
	[C]: in function 'assert'
	/usr/share/nvim/runtime/lua/vim/treesitter.lua:460: in function 'start'
	...onfig/nvim/lua/config/ui/highlight/treesitter-config.lua:6: in function <...onfig/nvim/lua/config/ui/highlight/treesitter-config.lua:5>
	[C]: in function 'nvim_buf_set_option'
	.../core/opt/nvim-notify/lua/notify/service/buffer/init.lua:103: in function 'render'
	...te/pack/core/opt/nvim-notify/lua/notify/service/init.lua:53: in function 'push'
	...m/site/pack/core/opt/nvim-notify/lua/notify/instance.lua:132: in function <...m/site/pack/core/opt/nvim-notify/lua/notify/instance.lua:77>
	...ck/core/opt/noice.nvim/lua/noice/view/backend/notify.lua:168: in function '_notify'
	...ck/core/opt/noice.nvim/lua/noice/view/backend/notify.lua:198: in function 'show'
	...im/site/pack/core/opt/noice.nvim/lua/noice/view/init.lua:163: in function <...im/site/pack/core/opt/noice.nvim/lua/noice/view/init.lua:161>
	[C]: in function 'xpcall'
	...
	...te/pack/core/opt/noice.nvim/lua/noice/message/router.lua:214: in function <...te/pack/core/opt/noice.nvim/lua/noice/message/router.lua:147>
	[C]: in function 'xpcall'
	...im/site/pack/core/opt/noice.nvim/lua/noice/util/call.lua:149: in function 'try'
	...nvim/site/pack/core/opt/noice.nvim/lua/noice/ui/init.lua:88: in function 'ui_attach_cb'
	...nvim/site/pack/core/opt/noice.nvim/lua/noice/ui/init.lua:27: in function 'process_queue'
	...nvim/site/pack/core/opt/noice.nvim/lua/noice/ui/init.lua:138: in function <...nvim/site/pack/core/opt/noice.nvim/lua/noice/ui/init.lua:118>
	[C]: in function 'nvim_echo'
	.../nvim/site/pack/core/opt/blink.lib/lua/blink/lib/log.lua:187: in function <.../nvim/site/pack/core/opt/blink.lib/lua/blink/lib/log.lua:187>
	[C]: in function 'pcall'
	.../nvim/site/pack/core/opt/blink.lib/lua/blink/lib/log.lua:301: in function <.../nvim/site/pack/core/opt/blink.lib/lua/blink/lib/log.lua:299>
Lua callback: /usr/share/nvim/runtime/lua/vim/treesitter.lua:460: Parser could not be created for buffer 4190 and language "notify"
stack traceback:
	[C]: in function 'assert'
	/usr/share/nvim/runtime/lua/vim/treesitter.lua:460: in function 'start'
	...onfig/nvim/lua/config/ui/highlight/treesitter-config.lua:6: in function <...onfig/nvim/lua/config/ui/highlight/treesitter-config.lua:5>
	[C]: in function 'nvim_buf_set_option'
	.../core/opt/nvim-notify/lua/notify/service/buffer/init.lua:103: in function 'render'
	...te/pack/core/opt/nvim-notify/lua/notify/service/init.lua:53: in function 'push'
	...m/site/pack/core/opt/nvim-notify/lua/notify/instance.lua:132: in function <...m/site/pack/core/opt/nvim-notify/lua/notify/instance.lua:77>
	...ck/core/opt/noice.nvim/lua/noice/view/backend/notify.lua:168: in function '_notify'
	...ck/core/opt/noice.nvim/lua/noice/view/backend/notify.lua:198: in function 'show'
	...im/site/pack/core/opt/noice.nvim/lua/noice/view/init.lua:163: in function <...im/site/pack/core/opt/noice.nvim/lua/noice/view/init.lua:161>
	[C]: in function 'xpcall'
	...
	...te/pack/core/opt/noice.nvim/lua/noice/message/router.lua:214: in function <...te/pack/core/opt/noice.nvim/lua/noice/message/router.lua:147>
	[C]: in function 'xpcall'
	...im/site/pack/core/opt/noice.nvim/lua/noice/util/call.lua:149: in function 'try'
	...nvim/site/pack/core/opt/noice.nvim/lua/noice/ui/init.lua:88: in function 'ui_attach_cb'
	...nvim/site/pack/core/opt/noice.nvim/lua/noice/ui/init.lua:27: in function 'process_queue'
	...nvim/site/pack/core/opt/noice.nvim/lua/noice/ui/init.lua:138: in function <...nvim/site/pack/core/opt/noice.nvim/lua/noice/ui/init.lua:118>
	[C]: in function 'nvim_echo'
	.../nvim/site/pack/core/opt/blink.lib/lua/blink/lib/log.lua:187: in function <.../nvim/site/pack/core/opt/blink.lib/lua/blink/lib/log.lua:187>
	[C]: in function 'pcall'
	.../nvim/site/pack/core/opt/blink.lib/lua/blink/lib/log.lua:301: in function <.../nvim/site/pack/core/opt/blink.lib/lua/blink/lib/log.lua:299>
Lua callback: /usr/share/nvim/runtime/lua/vim/treesitter.lua:460: Parser could not be created for buffer 4191 and language "notify"
stack traceback:
	[C]: in function 'assert'
	/usr/share/nvim/runtime/lua/vim/treesitter.lua:460: in function 'start'
	...onfig/nvim/lua/config/ui/highlight/treesitter-config.lua:6: in function <...onfig/nvim/lua/config/ui/highlight/treesitter-config.lua:5>
	[C]: in function 'nvim_buf_set_option'
	.../core/opt/nvim-notify/lua/notify/service/buffer/init.lua:103: in function 'render'
	...te/pack/core/opt/nvim-notify/lua/notify/service/init.lua:53: in function 'push'
	...m/site/pack/core/opt/nvim-notify/lua/notify/instance.lua:132: in function <...m/site/pack/core/opt/nvim-notify/lua/notify/instance.lua:77>
	...ck/core/opt/noice.nvim/lua/noice/view/backend/notify.lua:168: in function '_notify'
	...ck/core/opt/noice.nvim/lua/noice/view/backend/notify.lua:198: in function 'show'
	...im/site/pack/core/opt/noice.nvim/lua/noice/view/init.lua:163: in function <...im/site/pack/core/opt/noice.nvim/lua/noice/view/init.lua:161>
	[C]: in function 'xpcall'
	...
	...te/pack/core/opt/noice.nvim/lua/noice/message/router.lua:214: in function <...te/pack/core/opt/noice.nvim/lua/noice/message/router.lua:147>
	[C]: in function 'xpcall'
	...im/site/pack/core/opt/noice.nvim/lua/noice/util/call.lua:149: in function 'try'
	...nvim/site/pack/core/opt/noice.nvim/lua/noice/ui/init.lua:88: in function 'ui_attach_cb'
	...nvim/site/pack/core/opt/noice.nvim/lua/noice/ui/init.lua:27: in function 'process_queue'
	...nvim/site/pack/core/opt/noice.nvim/lua/noice/ui/init.lua:138: in function <...nvim/site/pack/core/opt/noice.nvim/lua/noice/ui/init.lua:118>
	[C]: in function 'nvim_echo'
	.../nvim/site/pack/core/opt/blink.lib/lua/blink/lib/log.lua:187: in function <.../nvim/site/pack/core/opt/blink.lib/lua/blink/lib/log.lua:187>
	[C]: in function 'pcall'
	.../nvim/site/pack/core/opt/blink.lib/lua/blink/lib/log.lua:301: in function <.../nvim/site/pack/core/opt/blink.lib/lua/blink/lib/log.lua:299>
Lua callback: /usr/share/nvim/runtime/lua/vim/treesitter.lua:460: Parser could not be created for buffer 4192 and language "notify"
stack traceback:
	[C]: in function 'assert'
	/usr/share/nvim/runtime/lua/vim/treesitter.lua:460: in function 'start'
	...onfig/nvim/lua/config/ui/highlight/treesitter-config.lua:6: in function <...onfig/nvim/lua/config/ui/highlight/treesitter-config.lua:5>
	[C]: in function 'nvim_buf_set_option'
	.../core/opt/nvim-notify/lua/notify/service/buffer/init.lua:103: in function 'render'
	...te/pack/core/opt/nvim-notify/lua/notify/service/init.lua:53: in function 'push'
	...m/site/pack/core/opt/nvim-notify/lua/notify/instance.lua:132: in function <...m/site/pack/core/opt/nvim-notify/lua/notify/instance.lua:77>
	...ck/core/opt/noice.nvim/lua/noice/view/backend/notify.lua:168: in function '_notify'
	...ck/core/opt/noice.nvim/lua/noice/view/backend/notify.lua:198: in function 'show'
	...im/site/pack/core/opt/noice.nvim/lua/noice/view/init.lua:163: in function <...im/site/pack/core/opt/noice.nvim/lua/noice/view/init.lua:161>
	[C]: in function 'xpcall'
	...
	...te/pack/core/opt/noice.nvim/lua/noice/message/router.lua:214: in function <...te/pack/core/opt/noice.nvim/lua/noice/message/router.lua:147>
	[C]: in function 'xpcall'
	...im/site/pack/core/opt/noice.nvim/lua/noice/util/call.lua:149: in function 'try'
	...nvim/site/pack/core/opt/noice.nvim/lua/noice/ui/init.lua:88: in function 'ui_attach_cb'
	...nvim/site/pack/core/opt/noice.nvim/lua/noice/ui/init.lua:27: in function 'process_queue'
	...nvim/site/pack/core/opt/noice.nvim/lua/noice/ui/init.lua:138: in function <...nvim/site/pack/core/opt/noice.nvim/lua/noice/ui/init.lua:118>
	[C]: in function 'nvim_echo'
	.../nvim/site/pack/core/opt/blink.lib/lua/blink/lib/log.lua:187: in function <.../nvim/site/pack/core/opt/blink.lib/lua/blink/lib/log.lua:187>
	[C]: in function 'pcall'
	.../nvim/site/pack/core/opt/blink.lib/lua/blink/lib/log.lua:301: in function <.../nvim/site/pack/core/opt/blink.lib/lua/blink/lib/log.lua:299>
Lua callback: /usr/share/nvim/runtime/lua/vim/treesitter.lua:460: Parser could not be created for buffer 4193 and language "notify"
stack traceback:
	[C]: in function 'assert'
	/usr/share/nvim/runtime/lua/vim/treesitter.lua:460: in function 'start'
	...onfig/nvim/lua/config/ui/highlight/treesitter-config.lua:6: in function <...onfig/nvim/lua/config/ui/highlight/treesitter-config.lua:5>
	[C]: in function 'nvim_buf_set_option'
	.../core/opt/nvim-notify/lua/notify/service/buffer/init.lua:103: in function 'render'
	...te/pack/core/opt/nvim-notify/lua/notify/service/init.lua:53: in function 'push'
	...m/site/pack/core/opt/nvim-notify/lua/notify/instance.lua:132: in function <...m/site/pack/core/opt/nvim-notify/lua/notify/instance.lua:77>
	...ck/core/opt/noice.nvim/lua/noice/view/backend/notify.lua:168: in function '_notify'
	...ck/core/opt/noice.nvim/lua/noice/view/backend/notify.lua:198: in function 'show'
	...im/site/pack/core/opt/noice.nvim/lua/noice/view/init.lua:163: in function <...im/site/pack/core/opt/noice.nvim/lua/noice/view/init.lua:161>
	[C]: in function 'xpcall'
	...
	...te/pack/core/opt/noice.nvim/lua/noice/message/router.lua:214: in function <...te/pack/core/opt/noice.nvim/lua/noice/message/router.lua:147>
	[C]: in function 'xpcall'
	...im/site/pack/core/opt/noice.nvim/lua/noice/util/call.lua:149: in function 'try'
	...nvim/site/pack/core/opt/noice.nvim/lua/noice/ui/init.lua:88: in function 'ui_attach_cb'
	...nvim/site/pack/core/opt/noice.nvim/lua/noice/ui/init.lua:27: in function 'process_queue'
	...nvim/site/pack/core/opt/noice.nvim/lua/noice/ui/init.lua:138: in function <...nvim/site/pack/core/opt/noice.nvim/lua/noice/ui/init.lua:118>
	[C]: in function 'nvim_echo'
	.../nvim/site/pack/core/opt/blink.lib/lua/blink/lib/log.lua:187: in function <.../nvim/site/pack/core/opt/blink.lib/lua/blink/lib/log.lua:187>
	[C]: in function 'pcall'
	.../nvim/site/pack/core/opt/blink.lib/lua/blink/lib/log.lua:301: in function <.../nvim/site/pack/core/opt/blink.lib/lua/blink/lib/log.lua:299>
Lua callback: /usr/share/nvim/runtime/lua/vim/treesitter.lua:460: Parser could not be created for buffer 4194 and language "notify"
stack traceback:
	[C]: in function 'assert'
	/usr/share/nvim/runtime/lua/vim/treesitter.lua:460: in function 'start'
	...onfig/nvim/lua/config/ui/highlight/treesitter-config.lua:6: in function <...onfig/nvim/lua/config/ui/highlight/treesitter-config.lua:5>
	[C]: in function 'nvim_buf_set_option'
	.../core/opt/nvim-notify/lua/notify/service/buffer/init.lua:103: in function 'render'
	...te/pack/core/opt/nvim-notify/lua/notify/service/init.lua:53: in function 'push'
	...m/site/pack/core/opt/nvim-notify/lua/notify/instance.lua:132: in function <...m/site/pack/core/opt/nvim-notify/lua/notify/instance.lua:77>
	...ck/core/opt/noice.nvim/lua/noice/view/backend/notify.lua:168: in function '_notify'
	...ck/core/opt/noice.nvim/lua/noice/view/backend/notify.lua:198: in function 'show'
	...im/site/pack/core/opt/noice.nvim/lua/noice/view/init.lua:163: in function <...im/site/pack/core/opt/noice.nvim/lua/noice/view/init.lua:161>
	[C]: in function 'xpcall'
	...
	...te/pack/core/opt/noice.nvim/lua/noice/message/router.lua:214: in function <...te/pack/core/opt/noice.nvim/lua/noice/message/router.lua:147>
	[C]: in function 'xpcall'
	...im/site/pack/core/opt/noice.nvim/lua/noice/util/call.lua:149: in function 'try'
	...nvim/site/pack/core/opt/noice.nvim/lua/noice/ui/init.lua:88: in function 'ui_attach_cb'
	...nvim/site/pack/core/opt/noice.nvim/lua/noice/ui/init.lua:27: in function 'process_queue'
	...nvim/site/pack/core/opt/noice.nvim/lua/noice/ui/init.lua:138: in function <...nvim/site/pack/core/opt/noice.nvim/lua/noice/ui/init.lua:118>
	[C]: in function 'nvim_echo'
	.../nvim/site/pack/core/opt/blink.lib/lua/blink/lib/log.lua:187: in function <.../nvim/site/pack/core/opt/blink.lib/lua/blink/lib/log.lua:187>
	[C]: in function 'pcall'
	.../nvim/site/pack/core/opt/blink.lib/lua/blink/lib/log.lua:301: in function <.../nvim/site/pack/core/opt/blink.lib/lua/blink/lib/log.lua:299>
Lua callback: /usr/share/nvim/runtime/lua/vim/treesitter.lua:460: Parser could not be created for buffer 4195 and language "notify"
stack traceback:
	[C]: in function 'assert'
	/usr/share/nvim/runtime/lua/vim/treesitter.lua:460: in function 'start'
	...onfig/nvim/lua/config/ui/highlight/treesitter-config.lua:6: in function <...onfig/nvim/lua/config/ui/highlight/treesitter-config.lua:5>
	[C]: in function 'nvim_buf_set_option'
	.../core/opt/nvim-notify/lua/notify/service/buffer/init.lua:103: in function 'render'
	...te/pack/core/opt/nvim-notify/lua/notify/service/init.lua:53: in function 'push'
	...m/site/pack/core/opt/nvim-notify/lua/notify/instance.lua:132: in function <...m/site/pack/core/opt/nvim-notify/lua/notify/instance.lua:77>
	...ck/core/opt/noice.nvim/lua/noice/view/backend/notify.lua:168: in function '_notify'
	...ck/core/opt/noice.nvim/lua/noice/view/backend/notify.lua:198: in function 'show'
	...im/site/pack/core/opt/noice.nvim/lua/noice/view/init.lua:163: in function <...im/site/pack/core/opt/noice.nvim/lua/noice/view/init.lua:161>
	[C]: in function 'xpcall'
	...
	...te/pack/core/opt/noice.nvim/lua/noice/message/router.lua:214: in function <...te/pack/core/opt/noice.nvim/lua/noice/message/router.lua:147>
	[C]: in function 'xpcall'
	...im/site/pack/core/opt/noice.nvim/lua/noice/util/call.lua:149: in function 'try'
	...nvim/site/pack/core/opt/noice.nvim/lua/noice/ui/init.lua:88: in function 'ui_attach_cb'
	...nvim/site/pack/core/opt/noice.nvim/lua/noice/ui/init.lua:27: in function 'process_queue'
	...nvim/site/pack/core/opt/noice.nvim/lua/noice/ui/init.lua:138: in function <...nvim/site/pack/core/opt/noice.nvim/lua/noice/ui/init.lua:118>
	[C]: in function 'nvim_echo'
	.../nvim/site/pack/core/opt/blink.lib/lua/blink/lib/log.lua:187: in function <.../nvim/site/pack/core/opt/blink.lib/lua/blink/lib/log.lua:187>
	[C]: in function 'pcall'
	.../nvim/site/pack/core/opt/blink.lib/lua/blink/lib/log.lua:301: in function <.../nvim/site/pack/core/opt/blink.lib/lua/blink/lib/log.lua:299>
Lua callback: /usr/share/nvim/runtime/lua/vim/treesitter.lua:460: Parser could not be created for buffer 4196 and language "notify"
stack traceback:
	[C]: in function 'assert'
	/usr/share/nvim/runtime/lua/vim/treesitter.lua:460: in function 'start'
	...onfig/nvim/lua/config/ui/highlight/treesitter-config.lua:6: in function <...onfig/nvim/lua/config/ui/highlight/treesitter-config.lua:5>
	[C]: in function 'nvim_buf_set_option'
	.../core/opt/nvim-notify/lua/notify/service/buffer/init.lua:103: in function 'render'
	...te/pack/core/opt/nvim-notify/lua/notify/service/init.lua:53: in function 'push'
	...m/site/pack/core/opt/nvim-notify/lua/notify/instance.lua:132: in function <...m/site/pack/core/opt/nvim-notify/lua/notify/instance.lua:77>
	...ck/core/opt/noice.nvim/lua/noice/view/backend/notify.lua:168: in function '_notify'
	...ck/core/opt/noice.nvim/lua/noice/view/backend/notify.lua:198: in function 'show'
	...im/site/pack/core/opt/noice.nvim/lua/noice/view/init.lua:163: in function <...im/site/pack/core/opt/noice.nvim/lua/noice/view/init.lua:161>
	[C]: in function 'xpcall'
	...
	...te/pack/core/opt/noice.nvim/lua/noice/message/router.lua:214: in function <...te/pack/core/opt/noice.nvim/lua/noice/message/router.lua:147>
	[C]: in function 'xpcall'
	...im/site/pack/core/opt/noice.nvim/lua/noice/util/call.lua:149: in function 'try'
	...nvim/site/pack/core/opt/noice.nvim/lua/noice/ui/init.lua:88: in function 'ui_attach_cb'
	...nvim/site/pack/core/opt/noice.nvim/lua/noice/ui/init.lua:27: in function 'process_queue'
	...nvim/site/pack/core/opt/noice.nvim/lua/noice/ui/init.lua:138: in function <...nvim/site/pack/core/opt/noice.nvim/lua/noice/ui/init.lua:118>
	[C]: in function 'nvim_echo'
	.../nvim/site/pack/core/opt/blink.lib/lua/blink/lib/log.lua:187: in function <.../nvim/site/pack/core/opt/blink.lib/lua/blink/lib/log.lua:187>
	[C]: in function 'pcall'
	.../nvim/site/pack/core/opt/blink.lib/lua/blink/lib/log.lua:301: in function <.../nvim/site/pack/core/opt/blink.lib/lua/blink/lib/log.lua:299>
Lua callback: /usr/share/nvim/runtime/lua/vim/treesitter.lua:460: Parser could not be created for buffer 4197 and language "notify"
stack traceback:
	[C]: in function 'assert'
	/usr/share/nvim/runtime/lua/vim/treesitter.lua:460: in function 'start'
	...onfig/nvim/lua/config/ui/highlight/treesitter-config.lua:6: in function <...onfig/nvim/lua/config/ui/highlight/treesitter-config.lua:5>
	[C]: in function 'nvim_buf_set_option'
	.../core/opt/nvim-notify/lua/notify/service/buffer/init.lua:103: in function 'render'
	...te/pack/core/opt/nvim-notify/lua/notify/service/init.lua:53: in function 'push'
	...m/site/pack/core/opt/nvim-notify/lua/notify/instance.lua:132: in function <...m/site/pack/core/opt/nvim-notify/lua/notify/instance.lua:77>
	...ck/core/opt/noice.nvim/lua/noice/view/backend/notify.lua:168: in function '_notify'
	...ck/core/opt/noice.nvim/lua/noice/view/backend/notify.lua:198: in function 'show'
	...im/site/pack/core/opt/noice.nvim/lua/noice/view/init.lua:163: in function <...im/site/pack/core/opt/noice.nvim/lua/noice/view/init.lua:161>
	[C]: in function 'xpcall'
	...
	...te/pack/core/opt/noice.nvim/lua/noice/message/router.lua:214: in function <...te/pack/core/opt/noice.nvim/lua/noice/message/router.lua:147>
	[C]: in function 'xpcall'
	...im/site/pack/core/opt/noice.nvim/lua/noice/util/call.lua:149: in function 'try'
	...nvim/site/pack/core/opt/noice.nvim/lua/noice/ui/init.lua:88: in function 'ui_attach_cb'
	...nvim/site/pack/core/opt/noice.nvim/lua/noice/ui/init.lua:27: in function 'process_queue'
	...nvim/site/pack/core/opt/noice.nvim/lua/noice/ui/init.lua:138: in function <...nvim/site/pack/core/opt/noice.nvim/lua/noice/ui/init.lua:118>
	[C]: in function 'nvim_echo'
	.../nvim/site/pack/core/opt/blink.lib/lua/blink/lib/log.lua:187: in function <.../nvim/site/pack/core/opt/blink.lib/lua/blink/lib/log.lua:187>
	[C]: in function 'pcall'
	.../nvim/site/pack/core/opt/blink.lib/lua/blink/lib/log.lua:301: in function <.../nvim/site/pack/core/opt/blink.lib/lua/blink/lib/log.lua:299>
Lua callback: /usr/share/nvim/runtime/lua/vim/treesitter.lua:460: Parser could not be created for buffer 4198 and language "notify"
stack traceback:
	[C]: in function 'assert'
	/usr/share/nvim/runtime/lua/vim/treesitter.lua:460: in function 'start'
	...onfig/nvim/lua/config/ui/highlight/treesitter-config.lua:6: in function <...onfig/nvim/lua/config/ui/highlight/treesitter-config.lua:5>
	[C]: in function 'nvim_buf_set_option'
	.../core/opt/nvim-notify/lua/notify/service/buffer/init.lua:103: in function 'render'
	...te/pack/core/opt/nvim-notify/lua/notify/service/init.lua:53: in function 'push'
	...m/site/pack/core/opt/nvim-notify/lua/notify/instance.lua:132: in function <...m/site/pack/core/opt/nvim-notify/lua/notify/instance.lua:77>
	...ck/core/opt/noice.nvim/lua/noice/view/backend/notify.lua:168: in function '_notify'
	...ck/core/opt/noice.nvim/lua/noice/view/backend/notify.lua:198: in function 'show'
	...im/site/pack/core/opt/noice.nvim/lua/noice/view/init.lua:163: in function <...im/site/pack/core/opt/noice.nvim/lua/noice/view/init.lua:161>
	[C]: in function 'xpcall'
	...
	...te/pack/core/opt/noice.nvim/lua/noice/message/router.lua:214: in function <...te/pack/core/opt/noice.nvim/lua/noice/message/router.lua:147>
	[C]: in function 'xpcall'
	...im/site/pack/core/opt/noice.nvim/lua/noice/util/call.lua:149: in function 'try'
	...nvim/site/pack/core/opt/noice.nvim/lua/noice/ui/init.lua:88: in function 'ui_attach_cb'
	...nvim/site/pack/core/opt/noice.nvim/lua/noice/ui/init.lua:27: in function 'process_queue'
	...nvim/site/pack/core/opt/noice.nvim/lua/noice/ui/init.lua:138: in function <...nvim/site/pack/core/opt/noice.nvim/lua/noice/ui/init.lua:118>
	[C]: in function 'nvim_echo'
	.../nvim/site/pack/core/opt/blink.lib/lua/blink/lib/log.lua:187: in function <.../nvim/site/pack/core/opt/blink.lib/lua/blink/lib/log.lua:187>
	[C]: in function 'pcall'
	.../nvim/site/pack/core/opt/blink.lib/lua/blink/lib/log.lua:301: in function <.../nvim/site/pack/core/opt/blink.lib/lua/blink/lib/log.lua:299>
Lua callback: /usr/share/nvim/runtime/lua/vim/treesitter.lua:460: Parser could not be created for buffer 4199 and language "notify"
stack traceback:
	[C]: in function 'assert'
	/usr/share/nvim/runtime/lua/vim/treesitter.lua:460: in function 'start'
	...onfig/nvim/lua/config/ui/highlight/treesitter-config.lua:6: in function <...onfig/nvim/lua/config/ui/highlight/treesitter-config.lua:5>
	[C]: in function 'nvim_buf_set_option'
	.../core/opt/nvim-notify/lua/notify/service/buffer/init.lua:103: in function 'render'
	...te/pack/core/opt/nvim-notify/lua/notify/service/init.lua:53: in function 'push'
	...m/site/pack/core/opt/nvim-notify/lua/notify/instance.lua:132: in function <...m/site/pack/core/opt/nvim-notify/lua/notify/instance.lua:77>
	...ck/core/opt/noice.nvim/lua/noice/view/backend/notify.lua:168: in function '_notify'
	...ck/core/opt/noice.nvim/lua/noice/view/backend/notify.lua:198: in function 'show'
	...im/site/pack/core/opt/noice.nvim/lua/noice/view/init.lua:163: in function <...im/site/pack/core/opt/noice.nvim/lua/noice/view/init.lua:161>
	[C]: in function 'xpcall'
	...
	...te/pack/core/opt/noice.nvim/lua/noice/message/router.lua:214: in function <...te/pack/core/opt/noice.nvim/lua/noice/message/router.lua:147>
	[C]: in function 'xpcall'
	...im/site/pack/core/opt/noice.nvim/lua/noice/util/call.lua:149: in function 'try'
	...nvim/site/pack/core/opt/noice.nvim/lua/noice/ui/init.lua:88: in function 'ui_attach_cb'
	...nvim/site/pack/core/opt/noice.nvim/lua/noice/ui/init.lua:27: in function 'process_queue'
	...nvim/site/pack/core/opt/noice.nvim/lua/noice/ui/init.lua:138: in function <...nvim/site/pack/core/opt/noice.nvim/lua/noice/ui/init.lua:118>
	[C]: in function 'nvim_echo'
	.../nvim/site/pack/core/opt/blink.lib/lua/blink/lib/log.lua:187: in function <.../nvim/site/pack/core/opt/blink.lib/lua/blink/lib/log.lua:187>
	[C]: in function 'pcall'
	.../nvim/site/pack/core/opt/blink.lib/lua/blink/lib/log.lua:301: in function <.../nvim/site/pack/core/opt/blink.lib/lua/blink/lib/log.lua:299>
Lua callback: /usr/share/nvim/runtime/lua/vim/treesitter.lua:460: Parser could not be created for buffer 4200 and language "notify"
stack traceback:
	[C]: in function 'assert'
	/usr/share/nvim/runtime/lua/vim/treesitter.lua:460: in function 'start'
	...onfig/nvim/lua/config/ui/highlight/treesitter-config.lua:6: in function <...onfig/nvim/lua/config/ui/highlight/treesitter-config.lua:5>
	[C]: in function 'nvim_buf_set_option'
	.../core/opt/nvim-notify/lua/notify/service/buffer/init.lua:103: in function 'render'
	...te/pack/core/opt/nvim-notify/lua/notify/service/init.lua:53: in function 'push'
	...m/site/pack/core/opt/nvim-notify/lua/notify/instance.lua:132: in function <...m/site/pack/core/opt/nvim-notify/lua/notify/instance.lua:77>
	...ck/core/opt/noice.nvim/lua/noice/view/backend/notify.lua:168: in function '_notify'
	...ck/core/opt/noice.nvim/lua/noice/view/backend/notify.lua:198: in function 'show'
	...im/site/pack/core/opt/noice.nvim/lua/noice/view/init.lua:163: in function <...im/site/pack/core/opt/noice.nvim/lua/noice/view/init.lua:161>
	[C]: in function 'xpcall'
	...
	...te/pack/core/opt/noice.nvim/lua/noice/message/router.lua:214: in function <...te/pack/core/opt/noice.nvim/lua/noice/message/router.lua:147>
	[C]: in function 'xpcall'
	...im/site/pack/core/opt/noice.nvim/lua/noice/util/call.lua:149: in function 'try'
	...nvim/site/pack/core/opt/noice.nvim/lua/noice/ui/init.lua:88: in function 'ui_attach_cb'
	...nvim/site/pack/core/opt/noice.nvim/lua/noice/ui/init.lua:27: in function 'process_queue'
	...nvim/site/pack/core/opt/noice.nvim/lua/noice/ui/init.lua:138: in function <...nvim/site/pack/core/opt/noice.nvim/lua/noice/ui/init.lua:118>
	[C]: in function 'nvim_echo'
	.../nvim/site/pack/core/opt/blink.lib/lua/blink/lib/log.lua:187: in function <.../nvim/site/pack/core/opt/blink.lib/lua/blink/lib/log.lua:187>
	[C]: in function 'pcall'
	.../nvim/site/pack/core/opt/blink.lib/lua/blink/lib/log.lua:301: in function <.../nvim/site/pack/core/opt/blink.lib/lua/blink/lib/log.lua:299>
Lua callback: /usr/share/nvim/runtime/lua/vim/treesitter.lua:460: Parser could not be created for buffer 4201 and language "notify"
stack traceback:
	[C]: in function 'assert'
	/usr/share/nvim/runtime/lua/vim/treesitter.lua:460: in function 'start'
	...onfig/nvim/lua/config/ui/highlight/treesitter-config.lua:6: in function <...onfig/nvim/lua/config/ui/highlight/treesitter-config.lua:5>
	[C]: in function 'nvim_buf_set_option'
	.../core/opt/nvim-notify/lua/notify/service/buffer/init.lua:103: in function 'render'
	...te/pack/core/opt/nvim-notify/lua/notify/service/init.lua:53: in function 'push'
	...m/site/pack/core/opt/nvim-notify/lua/notify/instance.lua:132: in function <...m/site/pack/core/opt/nvim-notify/lua/notify/instance.lua:77>
	...ck/core/opt/noice.nvim/lua/noice/view/backend/notify.lua:168: in function '_notify'
	...ck/core/opt/noice.nvim/lua/noice/view/backend/notify.lua:198: in function 'show'
	...im/site/pack/core/opt/noice.nvim/lua/noice/view/init.lua:163: in function <...im/site/pack/core/opt/noice.nvim/lua/noice/view/init.lua:161>
	[C]: in function 'xpcall'
	...
	...te/pack/core/opt/noice.nvim/lua/noice/message/router.lua:214: in function <...te/pack/core/opt/noice.nvim/lua/noice/message/router.lua:147>
	[C]: in function 'xpcall'
	...im/site/pack/core/opt/noice.nvim/lua/noice/util/call.lua:149: in function 'try'
	...nvim/site/pack/core/opt/noice.nvim/lua/noice/ui/init.lua:88: in function 'ui_attach_cb'
	...nvim/site/pack/core/opt/noice.nvim/lua/noice/ui/init.lua:27: in function 'process_queue'
	...nvim/site/pack/core/opt/noice.nvim/lua/noice/ui/init.lua:138: in function <...nvim/site/pack/core/opt/noice.nvim/lua/noice/ui/init.lua:118>
	[C]: in function 'nvim_echo'
	.../nvim/site/pack/core/opt/blink.lib/lua/blink/lib/log.lua:187: in function <.../nvim/site/pack/core/opt/blink.lib/lua/blink/lib/log.lua:187>
	[C]: in function 'pcall'
	.../nvim/site/pack/core/opt/blink.lib/lua/blink/lib/log.lua:301: in function <.../nvim/site/pack/core/opt/blink.lib/lua/blink/lib/log.lua:299>
Lua callback: /usr/share/nvim/runtime/lua/vim/treesitter.lua:460: Parser could not be created for buffer 4202 and language "notify"
stack traceback:
	[C]: in function 'assert'
	/usr/share/nvim/runtime/lua/vim/treesitter.lua:460: in function 'start'
	...onfig/nvim/lua/config/ui/highlight/treesitter-config.lua:6: in function <...onfig/nvim/lua/config/ui/highlight/treesitter-config.lua:5>
	[C]: in function 'nvim_buf_set_option'
	.../core/opt/nvim-notify/lua/notify/service/buffer/init.lua:103: in function 'render'
	...te/pack/core/opt/nvim-notify/lua/notify/service/init.lua:53: in function 'push'
	...m/site/pack/core/opt/nvim-notify/lua/notify/instance.lua:132: in function <...m/site/pack/core/opt/nvim-notify/lua/notify/instance.lua:77>
	...ck/core/opt/noice.nvim/lua/noice/view/backend/notify.lua:168: in function '_notify'
	...ck/core/opt/noice.nvim/lua/noice/view/backend/notify.lua:198: in function 'show'
	...im/site/pack/core/opt/noice.nvim/lua/noice/view/init.lua:163: in function <...im/site/pack/core/opt/noice.nvim/lua/noice/view/init.lua:161>
	[C]: in function 'xpcall'
	...
	...te/pack/core/opt/noice.nvim/lua/noice/message/router.lua:214: in function <...te/pack/core/opt/noice.nvim/lua/noice/message/router.lua:147>
	[C]: in function 'xpcall'
	...im/site/pack/core/opt/noice.nvim/lua/noice/util/call.lua:149: in function 'try'
	...nvim/site/pack/core/opt/noice.nvim/lua/noice/ui/init.lua:88: in function 'ui_attach_cb'
	...nvim/site/pack/core/opt/noice.nvim/lua/noice/ui/init.lua:27: in function 'process_queue'
	...nvim/site/pack/core/opt/noice.nvim/lua/noice/ui/init.lua:138: in function <...nvim/site/pack/core/opt/noice.nvim/lua/noice/ui/init.lua:118>
	[C]: in function 'nvim_echo'
	.../nvim/site/pack/core/opt/blink.lib/lua/blink/lib/log.lua:187: in function <.../nvim/site/pack/core/opt/blink.lib/lua/blink/lib/log.lua:187>
	[C]: in function 'pcall'
	.../nvim/site/pack/core/opt/blink.lib/lua/blink/lib/log.lua:301: in function <.../nvim/site/pack/core/opt/blink.lib/lua/blink/lib/log.lua:299>
Lua callback: /usr/share/nvim/runtime/lua/vim/treesitter.lua:460: Parser could not be created for buffer 4203 and language "notify"
stack traceback:
	[C]: in function 'assert'
	/usr/share/nvim/runtime/lua/vim/treesitter.lua:460: in function 'start'
	...onfig/nvim/lua/config/ui/highlight/treesitter-config.lua:6: in function <...onfig/nvim/lua/config/ui/highlight/treesitter-config.lua:5>
	[C]: in function 'nvim_buf_set_option'
	.../core/opt/nvim-notify/lua/notify/service/buffer/init.lua:103: in function 'render'
	...te/pack/core/opt/nvim-notify/lua/notify/service/init.lua:53: in function 'push'
	...m/site/pack/core/opt/nvim-notify/lua/notify/instance.lua:132: in function <...m/site/pack/core/opt/nvim-notify/lua/notify/instance.lua:77>
	...ck/core/opt/noice.nvim/lua/noice/view/backend/notify.lua:168: in function '_notify'
	...ck/core/opt/noice.nvim/lua/noice/view/backend/notify.lua:198: in function 'show'
	...im/site/pack/core/opt/noice.nvim/lua/noice/view/init.lua:163: in function <...im/site/pack/core/opt/noice.nvim/lua/noice/view/init.lua:161>
	[C]: in function 'xpcall'
	...
	...te/pack/core/opt/noice.nvim/lua/noice/message/router.lua:214: in function <...te/pack/core/opt/noice.nvim/lua/noice/message/router.lua:147>
	[C]: in function 'xpcall'
	...im/site/pack/core/opt/noice.nvim/lua/noice/util/call.lua:149: in function 'try'
	...nvim/site/pack/core/opt/noice.nvim/lua/noice/ui/init.lua:88: in function 'ui_attach_cb'
	...nvim/site/pack/core/opt/noice.nvim/lua/noice/ui/init.lua:27: in function 'process_queue'
	...nvim/site/pack/core/opt/noice.nvim/lua/noice/ui/init.lua:138: in function <...nvim/site/pack/core/opt/noice.nvim/lua/noice/ui/init.lua:118>
	[C]: in function 'nvim_echo'
	.../nvim/site/pack/core/opt/blink.lib/lua/blink/lib/log.lua:187: in function <.../nvim/site/pack/core/opt/blink.lib/lua/blink/lib/log.lua:187>
	[C]: in function 'pcall'
	.../nvim/site/pack/core/opt/blink.lib/lua/blink/lib/log.lua:301: in function <.../nvim/site/pack/core/opt/blink.lib/lua/blink/lib/log.lua:299>
Lua callback: /usr/share/nvim/runtime/lua/vim/treesitter.lua:460: Parser could not be created for buffer 4204 and language "notify"
stack traceback:
	[C]: in function 'assert'
	/usr/share/nvim/runtime/lua/vim/treesitter.lua:460: in function 'start'
	...onfig/nvim/lua/config/ui/highlight/treesitter-config.lua:6: in function <...onfig/nvim/lua/config/ui/highlight/treesitter-config.lua:5>
	[C]: in function 'nvim_buf_set_option'
	.../core/opt/nvim-notify/lua/notify/service/buffer/init.lua:103: in function 'render'
	...te/pack/core/opt/nvim-notify/lua/notify/service/init.lua:53: in function 'push'
	...m/site/pack/core/opt/nvim-notify/lua/notify/instance.lua:132: in function <...m/site/pack/core/opt/nvim-notify/lua/notify/instance.lua:77>
	...ck/core/opt/noice.nvim/lua/noice/view/backend/notify.lua:168: in function '_notify'
	...ck/core/opt/noice.nvim/lua/noice/view/backend/notify.lua:198: in function 'show'
	...im/site/pack/core/opt/noice.nvim/lua/noice/view/init.lua:163: in function <...im/site/pack/core/opt/noice.nvim/lua/noice/view/init.lua:161>
	[C]: in function 'xpcall'
	...
	...te/pack/core/opt/noice.nvim/lua/noice/message/router.lua:214: in function <...te/pack/core/opt/noice.nvim/lua/noice/message/router.lua:147>
	[C]: in function 'xpcall'
	...im/site/pack/core/opt/noice.nvim/lua/noice/util/call.lua:149: in function 'try'
	...nvim/site/pack/core/opt/noice.nvim/lua/noice/ui/init.lua:88: in function 'ui_attach_cb'
	...nvim/site/pack/core/opt/noice.nvim/lua/noice/ui/init.lua:27: in function 'process_queue'
	...nvim/site/pack/core/opt/noice.nvim/lua/noice/ui/init.lua:138: in function <...nvim/site/pack/core/opt/noice.nvim/lua/noice/ui/init.lua:118>
	[C]: in function 'nvim_echo'
	.../nvim/site/pack/core/opt/blink.lib/lua/blink/lib/log.lua:187: in function <.../nvim/site/pack/core/opt/blink.lib/lua/blink/lib/log.lua:187>
	[C]: in function 'pcall'
	.../nvim/site/pack/core/opt/blink.lib/lua/blink/lib/log.lua:301: in function <.../nvim/site/pack/core/opt/blink.lib/lua/blink/lib/log.lua:299>
Lua callback: /usr/share/nvim/runtime/lua/vim/treesitter.lua:460: Parser could not be created for buffer 4205 and language "notify"
stack traceback:
	[C]: in function 'assert'
	/usr/share/nvim/runtime/lua/vim/treesitter.lua:460: in function 'start'
	...onfig/nvim/lua/config/ui/highlight/treesitter-config.lua:6: in function <...onfig/nvim/lua/config/ui/highlight/treesitter-config.lua:5>
	[C]: in function 'nvim_buf_set_option'
	.../core/opt/nvim-notify/lua/notify/service/buffer/init.lua:103: in function 'render'
	...te/pack/core/opt/nvim-notify/lua/notify/service/init.lua:53: in function 'push'
	...m/site/pack/core/opt/nvim-notify/lua/notify/instance.lua:132: in function <...m/site/pack/core/opt/nvim-notify/lua/notify/instance.lua:77>
	...ck/core/opt/noice.nvim/lua/noice/view/backend/notify.lua:168: in function '_notify'
	...ck/core/opt/noice.nvim/lua/noice/view/backend/notify.lua:198: in function 'show'
	...im/site/pack/core/opt/noice.nvim/lua/noice/view/init.lua:163: in function <...im/site/pack/core/opt/noice.nvim/lua/noice/view/init.lua:161>
	[C]: in function 'xpcall'
	...
	...te/pack/core/opt/noice.nvim/lua/noice/message/router.lua:214: in function <...te/pack/core/opt/noice.nvim/lua/noice/message/router.lua:147>
	[C]: in function 'xpcall'
	...im/site/pack/core/opt/noice.nvim/lua/noice/util/call.lua:149: in function 'try'
	...nvim/site/pack/core/opt/noice.nvim/lua/noice/ui/init.lua:88: in function 'ui_attach_cb'
	...nvim/site/pack/core/opt/noice.nvim/lua/noice/ui/init.lua:27: in function 'process_queue'
	...nvim/site/pack/core/opt/noice.nvim/lua/noice/ui/init.lua:138: in function <...nvim/site/pack/core/opt/noice.nvim/lua/noice/ui/init.lua:118>
	[C]: in function 'nvim_echo'
	.../nvim/site/pack/core/opt/blink.lib/lua/blink/lib/log.lua:187: in function <.../nvim/site/pack/core/opt/blink.lib/lua/blink/lib/log.lua:187>
	[C]: in function 'pcall'
	.../nvim/site/pack/core/opt/blink.lib/lua/blink/lib/log.lua:301: in function <.../nvim/site/pack/core/opt/blink.lib/lua/blink/lib/log.lua:299>
Lua callback: /usr/share/nvim/runtime/lua/vim/treesitter.lua:460: Parser could not be created for buffer 4206 and language "notify"
stack traceback:
	[C]: in function 'assert'
	/usr/share/nvim/runtime/lua/vim/treesitter.lua:460: in function 'start'
	...onfig/nvim/lua/config/ui/highlight/treesitter-config.lua:6: in function <...onfig/nvim/lua/config/ui/highlight/treesitter-config.lua:5>
	[C]: in function 'nvim_buf_set_option'
	.../core/opt/nvim-notify/lua/notify/service/buffer/init.lua:103: in function 'render'
	...te/pack/core/opt/nvim-notify/lua/notify/service/init.lua:53: in function 'push'
	...m/site/pack/core/opt/nvim-notify/lua/notify/instance.lua:132: in function <...m/site/pack/core/opt/nvim-notify/lua/notify/instance.lua:77>
	...ck/core/opt/noice.nvim/lua/noice/view/backend/notify.lua:168: in function '_notify'
	...ck/core/opt/noice.nvim/lua/noice/view/backend/notify.lua:198: in function 'show'
	...im/site/pack/core/opt/noice.nvim/lua/noice/view/init.lua:163: in function <...im/site/pack/core/opt/noice.nvim/lua/noice/view/init.lua:161>
	[C]: in function 'xpcall'
	...
	...te/pack/core/opt/noice.nvim/lua/noice/message/router.lua:214: in function <...te/pack/core/opt/noice.nvim/lua/noice/message/router.lua:147>
	[C]: in function 'xpcall'
	...im/site/pack/core/opt/noice.nvim/lua/noice/util/call.lua:149: in function 'try'
	...nvim/site/pack/core/opt/noice.nvim/lua/noice/ui/init.lua:88: in function 'ui_attach_cb'
	...nvim/site/pack/core/opt/noice.nvim/lua/noice/ui/init.lua:27: in function 'process_queue'
	...nvim/site/pack/core/opt/noice.nvim/lua/noice/ui/init.lua:138: in function <...nvim/site/pack/core/opt/noice.nvim/lua/noice/ui/init.lua:118>
	[C]: in function 'nvim_echo'
	.../nvim/site/pack/core/opt/blink.lib/lua/blink/lib/log.lua:187: in function <.../nvim/site/pack/core/opt/blink.lib/lua/blink/lib/log.lua:187>
	[C]: in function 'pcall'
	.../nvim/site/pack/core/opt/blink.lib/lua/blink/lib/log.lua:301: in function <.../nvim/site/pack/core/opt/blink.lib/lua/blink/lib/log.lua:299>
Lua callback: /usr/share/nvim/runtime/lua/vim/treesitter.lua:460: Parser could not be created for buffer 4207 and language "notify"
stack traceback:
	[C]: in function 'assert'
	/usr/share/nvim/runtime/lua/vim/treesitter.lua:460: in function 'start'
	...onfig/nvim/lua/config/ui/highlight/treesitter-config.lua:6: in function <...onfig/nvim/lua/config/ui/highlight/treesitter-config.lua:5>
	[C]: in function 'nvim_buf_set_option'
	.../core/opt/nvim-notify/lua/notify/service/buffer/init.lua:103: in function 'render'
	...te/pack/core/opt/nvim-notify/lua/notify/service/init.lua:53: in function 'push'
	...m/site/pack/core/opt/nvim-notify/lua/notify/instance.lua:132: in function <...m/site/pack/core/opt/nvim-notify/lua/notify/instance.lua:77>
	...ck/core/opt/noice.nvim/lua/noice/view/backend/notify.lua:168: in function '_notify'
	...ck/core/opt/noice.nvim/lua/noice/view/backend/notify.lua:198: in function 'show'
	...im/site/pack/core/opt/noice.nvim/lua/noice/view/init.lua:163: in function <...im/site/pack/core/opt/noice.nvim/lua/noice/view/init.lua:161>
	[C]: in function 'xpcall'
	...
	...te/pack/core/opt/noice.nvim/lua/noice/message/router.lua:214: in function <...te/pack/core/opt/noice.nvim/lua/noice/message/router.lua:147>
	[C]: in function 'xpcall'
	...im/site/pack/core/opt/noice.nvim/lua/noice/util/call.lua:149: in function 'try'
	...nvim/site/pack/core/opt/noice.nvim/lua/noice/ui/init.lua:88: in function 'ui_attach_cb'
	...nvim/site/pack/core/opt/noice.nvim/lua/noice/ui/init.lua:27: in function 'process_queue'
	...nvim/site/pack/core/opt/noice.nvim/lua/noice/ui/init.lua:138: in function <...nvim/site/pack/core/opt/noice.nvim/lua/noice/ui/init.lua:118>
	[C]: in function 'nvim_echo'
	.../nvim/site/pack/core/opt/blink.lib/lua/blink/lib/log.lua:187: in function <.../nvim/site/pack/core/opt/blink.lib/lua/blink/lib/log.lua:187>
	[C]: in function 'pcall'
	.../nvim/site/pack/core/opt/blink.lib/lua/blink/lib/log.lua:301: in function <.../nvim/site/pack/core/opt/blink.lib/lua/blink/lib/log.lua:299>
Lua callback: /usr/share/nvim/runtime/lua/vim/treesitter.lua:460: Parser could not be created for buffer 4208 and language "notify"
stack traceback:
	[C]: in function 'assert'
	/usr/share/nvim/runtime/lua/vim/treesitter.lua:460: in function 'start'
	...onfig/nvim/lua/config/ui/highlight/treesitter-config.lua:6: in function <...onfig/nvim/lua/config/ui/highlight/treesitter-config.lua:5>
	[C]: in function 'nvim_buf_set_option'
	.../core/opt/nvim-notify/lua/notify/service/buffer/init.lua:103: in function 'render'
	...te/pack/core/opt/nvim-notify/lua/notify/service/init.lua:53: in function 'push'
	...m/site/pack/core/opt/nvim-notify/lua/notify/instance.lua:132: in function <...m/site/pack/core/opt/nvim-notify/lua/notify/instance.lua:77>
	...ck/core/opt/noice.nvim/lua/noice/view/backend/notify.lua:168: in function '_notify'
	...ck/core/opt/noice.nvim/lua/noice/view/backend/notify.lua:198: in function 'show'
	...im/site/pack/core/opt/noice.nvim/lua/noice/view/init.lua:163: in function <...im/site/pack/core/opt/noice.nvim/lua/noice/view/init.lua:161>
	[C]: in function 'xpcall'
	...
	...te/pack/core/opt/noice.nvim/lua/noice/message/router.lua:214: in function <...te/pack/core/opt/noice.nvim/lua/noice/message/router.lua:147>
	[C]: in function 'xpcall'
	...im/site/pack/core/opt/noice.nvim/lua/noice/util/call.lua:149: in function 'try'
	...nvim/site/pack/core/opt/noice.nvim/lua/noice/ui/init.lua:88: in function 'ui_attach_cb'
	...nvim/site/pack/core/opt/noice.nvim/lua/noice/ui/init.lua:27: in function 'process_queue'
	...nvim/site/pack/core/opt/noice.nvim/lua/noice/ui/init.lua:138: in function <...nvim/site/pack/core/opt/noice.nvim/lua/noice/ui/init.lua:118>
	[C]: in function 'nvim_echo'
	.../nvim/site/pack/core/opt/blink.lib/lua/blink/lib/log.lua:187: in function <.../nvim/site/pack/core/opt/blink.lib/lua/blink/lib/log.lua:187>
	[C]: in function 'pcall'
	.../nvim/site/pack/core/opt/blink.lib/lua/blink/lib/log.lua:301: in function <.../nvim/site/pack/core/opt/blink.lib/lua/blink/lib/log.lua:299>
Lua callback: /usr/share/nvim/runtime/lua/vim/treesitter.lua:460: Parser could not be created for buffer 4209 and language "notify"
stack traceback:
	[C]: in function 'assert'
	/usr/share/nvim/runtime/lua/vim/treesitter.lua:460: in function 'start'
	...onfig/nvim/lua/config/ui/highlight/treesitter-config.lua:6: in function <...onfig/nvim/lua/config/ui/highlight/treesitter-config.lua:5>
	[C]: in function 'nvim_buf_set_option'
	.../core/opt/nvim-notify/lua/notify/service/buffer/init.lua:103: in function 'render'
	...te/pack/core/opt/nvim-notify/lua/notify/service/init.lua:53: in function 'push'
	...m/site/pack/core/opt/nvim-notify/lua/notify/instance.lua:132: in function <...m/site/pack/core/opt/nvim-notify/lua/notify/instance.lua:77>
	...ck/core/opt/noice.nvim/lua/noice/view/backend/notify.lua:168: in function '_notify'
	...ck/core/opt/noice.nvim/lua/noice/view/backend/notify.lua:198: in function 'show'
	...im/site/pack/core/opt/noice.nvim/lua/noice/view/init.lua:163: in function <...im/site/pack/core/opt/noice.nvim/lua/noice/view/init.lua:161>
	[C]: in function 'xpcall'
	...
	...te/pack/core/opt/noice.nvim/lua/noice/message/router.lua:214: in function <...te/pack/core/opt/noice.nvim/lua/noice/message/router.lua:147>
	[C]: in function 'xpcall'
	...im/site/pack/core/opt/noice.nvim/lua/noice/util/call.lua:149: in function 'try'
	...nvim/site/pack/core/opt/noice.nvim/lua/noice/ui/init.lua:88: in function 'ui_attach_cb'
	...nvim/site/pack/core/opt/noice.nvim/lua/noice/ui/init.lua:27: in function 'process_queue'
	...nvim/site/pack/core/opt/noice.nvim/lua/noice/ui/init.lua:138: in function <...nvim/site/pack/core/opt/noice.nvim/lua/noice/ui/init.lua:118>
	[C]: in function 'nvim_echo'
	.../nvim/site/pack/core/opt/blink.lib/lua/blink/lib/log.lua:187: in function <.../nvim/site/pack/core/opt/blink.lib/lua/blink/lib/log.lua:187>
	[C]: in function 'pcall'
	.../nvim/site/pack/core/opt/blink.lib/lua/blink/lib/log.lua:301: in function <.../nvim/site/pack/core/opt/blink.lib/lua/blink/lib/log.lua:299>
Lua callback: /usr/share/nvim/runtime/lua/vim/treesitter.lua:460: Parser could not be created for buffer 4210 and language "notify"
stack traceback:
	[C]: in function 'assert'
	/usr/share/nvim/runtime/lua/vim/treesitter.lua:460: in function 'start'
	...onfig/nvim/lua/config/ui/highlight/treesitter-config.lua:6: in function <...onfig/nvim/lua/config/ui/highlight/treesitter-config.lua:5>
	[C]: in function 'nvim_buf_set_option'
	.../core/opt/nvim-notify/lua/notify/service/buffer/init.lua:103: in function 'render'
	...te/pack/core/opt/nvim-notify/lua/notify/service/init.lua:53: in function 'push'
	...m/site/pack/core/opt/nvim-notify/lua/notify/instance.lua:132: in function <...m/site/pack/core/opt/nvim-notify/lua/notify/instance.lua:77>
	...ck/core/opt/noice.nvim/lua/noice/view/backend/notify.lua:168: in function '_notify'
	...ck/core/opt/noice.nvim/lua/noice/view/backend/notify.lua:198: in function 'show'
	...im/site/pack/core/opt/noice.nvim/lua/noice/view/init.lua:163: in function <...im/site/pack/core/opt/noice.nvim/lua/noice/view/init.lua:161>
	[C]: in function 'xpcall'
	...
	...te/pack/core/opt/noice.nvim/lua/noice/message/router.lua:214: in function <...te/pack/core/opt/noice.nvim/lua/noice/message/router.lua:147>
	[C]: in function 'xpcall'
	...im/site/pack/core/opt/noice.nvim/lua/noice/util/call.lua:149: in function 'try'
	...nvim/site/pack/core/opt/noice.nvim/lua/noice/ui/init.lua:88: in function 'ui_attach_cb'
	...nvim/site/pack/core/opt/noice.nvim/lua/noice/ui/init.lua:27: in function 'process_queue'
	...nvim/site/pack/core/opt/noice.nvim/lua/noice/ui/init.lua:138: in function <...nvim/site/pack/core/opt/noice.nvim/lua/noice/ui/init.lua:118>
	[C]: in function 'nvim_echo'
	.../nvim/site/pack/core/opt/blink.lib/lua/blink/lib/log.lua:187: in function <.../nvim/site/pack/core/opt/blink.lib/lua/blink/lib/log.lua:187>
	[C]: in function 'pcall'
	.../nvim/site/pack/core/opt/blink.lib/lua/blink/lib/log.lua:301: in function <.../nvim/site/pack/core/opt/blink.lib/lua/blink/lib/log.lua:299>
Lua callback: /usr/share/nvim/runtime/lua/vim/treesitter.lua:460: Parser could not be created for buffer 4211 and language "notify"
stack traceback:
	[C]: in function 'assert'
	/usr/share/nvim/runtime/lua/vim/treesitter.lua:460: in function 'start'
	...onfig/nvim/lua/config/ui/highlight/treesitter-config.lua:6: in function <...onfig/nvim/lua/config/ui/highlight/treesitter-config.lua:5>
	[C]: in function 'nvim_buf_set_option'
	.../core/opt/nvim-notify/lua/notify/service/buffer/init.lua:103: in function 'render'
	...te/pack/core/opt/nvim-notify/lua/notify/service/init.lua:53: in function 'push'
	...m/site/pack/core/opt/nvim-notify/lua/notify/instance.lua:132: in function <...m/site/pack/core/opt/nvim-notify/lua/notify/instance.lua:77>
	...ck/core/opt/noice.nvim/lua/noice/view/backend/notify.lua:168: in function '_notify'
	...ck/core/opt/noice.nvim/lua/noice/view/backend/notify.lua:198: in function 'show'
	...im/site/pack/core/opt/noice.nvim/lua/noice/view/init.lua:163: in function <...im/site/pack/core/opt/noice.nvim/lua/noice/view/init.lua:161>
	[C]: in function 'xpcall'
	...
	...te/pack/core/opt/noice.nvim/lua/noice/message/router.lua:214: in function <...te/pack/core/opt/noice.nvim/lua/noice/message/router.lua:147>
	[C]: in function 'xpcall'
	...im/site/pack/core/opt/noice.nvim/lua/noice/util/call.lua:149: in function 'try'
	...nvim/site/pack/core/opt/noice.nvim/lua/noice/ui/init.lua:88: in function 'ui_attach_cb'
	...nvim/site/pack/core/opt/noice.nvim/lua/noice/ui/init.lua:27: in function 'process_queue'
	...nvim/site/pack/core/opt/noice.nvim/lua/noice/ui/init.lua:138: in function <...nvim/site/pack/core/opt/noice.nvim/lua/noice/ui/init.lua:118>
	[C]: in function 'nvim_echo'
	.../nvim/site/pack/core/opt/blink.lib/lua/blink/lib/log.lua:187: in function <.../nvim/site/pack/core/opt/blink.lib/lua/blink/lib/log.lua:187>
	[C]: in function 'pcall'
	.../nvim/site/pack/core/opt/blink.lib/lua/blink/lib/log.lua:301: in function <.../nvim/site/pack/core/opt/blink.lib/lua/blink/lib/log.lua:299>
Lua callback: /usr/share/nvim/runtime/lua/vim/treesitter.lua:460: Parser could not be created for buffer 4212 and language "notify"
stack traceback:
	[C]: in function 'assert'
	/usr/share/nvim/runtime/lua/vim/treesitter.lua:460: in function 'start'
	...onfig/nvim/lua/config/ui/highlight/treesitter-config.lua:6: in function <...onfig/nvim/lua/config/ui/highlight/treesitter-config.lua:5>
	[C]: in function 'nvim_buf_set_option'
	.../core/opt/nvim-notify/lua/notify/service/buffer/init.lua:103: in function 'render'
	...te/pack/core/opt/nvim-notify/lua/notify/service/init.lua:53: in function 'push'
	...m/site/pack/core/opt/nvim-notify/lua/notify/instance.lua:132: in function <...m/site/pack/core/opt/nvim-notify/lua/notify/instance.lua:77>
	...ck/core/opt/noice.nvim/lua/noice/view/backend/notify.lua:168: in function '_notify'
	...ck/core/opt/noice.nvim/lua/noice/view/backend/notify.lua:198: in function 'show'
	...im/site/pack/core/opt/noice.nvim/lua/noice/view/init.lua:163: in function <...im/site/pack/core/opt/noice.nvim/lua/noice/view/init.lua:161>
	[C]: in function 'xpcall'
	...
	...te/pack/core/opt/noice.nvim/lua/noice/message/router.lua:214: in function <...te/pack/core/opt/noice.nvim/lua/noice/message/router.lua:147>
	[C]: in function 'xpcall'
	...im/site/pack/core/opt/noice.nvim/lua/noice/util/call.lua:149: in function 'try'
	...nvim/site/pack/core/opt/noice.nvim/lua/noice/ui/init.lua:88: in function 'ui_attach_cb'
	...nvim/site/pack/core/opt/noice.nvim/lua/noice/ui/init.lua:27: in function 'process_queue'
	...nvim/site/pack/core/opt/noice.nvim/lua/noice/ui/init.lua:138: in function <...nvim/site/pack/core/opt/noice.nvim/lua/noice/ui/init.lua:118>
	[C]: in function 'nvim_echo'
	.../nvim/site/pack/core/opt/blink.lib/lua/blink/lib/log.lua:187: in function <.../nvim/site/pack/core/opt/blink.lib/lua/blink/lib/log.lua:187>
	[C]: in function 'pcall'
	.../nvim/site/pack/core/opt/blink.lib/lua/blink/lib/log.lua:301: in function <.../nvim/site/pack/core/opt/blink.lib/lua/blink/lib/log.lua:299>
Lua callback: /usr/share/nvim/runtime/lua/vim/treesitter.lua:460: Parser could not be created for buffer 4213 and language "notify"
stack traceback:
	[C]: in function 'assert'
	/usr/share/nvim/runtime/lua/vim/treesitter.lua:460: in function 'start'
	...onfig/nvim/lua/config/ui/highlight/treesitter-config.lua:6: in function <...onfig/nvim/lua/config/ui/highlight/treesitter-config.lua:5>
	[C]: in function 'nvim_buf_set_option'
	.../core/opt/nvim-notify/lua/notify/service/buffer/init.lua:103: in function 'render'
	...te/pack/core/opt/nvim-notify/lua/notify/service/init.lua:53: in function 'push'
	...m/site/pack/core/opt/nvim-notify/lua/notify/instance.lua:132: in function <...m/site/pack/core/opt/nvim-notify/lua/notify/instance.lua:77>
	...ck/core/opt/noice.nvim/lua/noice/view/backend/notify.lua:168: in function '_notify'
	...ck/core/opt/noice.nvim/lua/noice/view/backend/notify.lua:198: in function 'show'
	...im/site/pack/core/opt/noice.nvim/lua/noice/view/init.lua:163: in function <...im/site/pack/core/opt/noice.nvim/lua/noice/view/init.lua:161>
	[C]: in function 'xpcall'
	...
	...te/pack/core/opt/noice.nvim/lua/noice/message/router.lua:214: in function <...te/pack/core/opt/noice.nvim/lua/noice/message/router.lua:147>
	[C]: in function 'xpcall'
	...im/site/pack/core/opt/noice.nvim/lua/noice/util/call.lua:149: in function 'try'
	...nvim/site/pack/core/opt/noice.nvim/lua/noice/ui/init.lua:88: in function 'ui_attach_cb'
	...nvim/site/pack/core/opt/noice.nvim/lua/noice/ui/init.lua:27: in function 'process_queue'
	...nvim/site/pack/core/opt/noice.nvim/lua/noice/ui/init.lua:138: in function <...nvim/site/pack/core/opt/noice.nvim/lua/noice/ui/init.lua:118>
	[C]: in function 'nvim_echo'
	.../nvim/site/pack/core/opt/blink.lib/lua/blink/lib/log.lua:187: in function <.../nvim/site/pack/core/opt/blink.lib/lua/blink/lib/log.lua:187>
	[C]: in function 'pcall'
	.../nvim/site/pack/core/opt/blink.lib/lua/blink/lib/log.lua:301: in function <.../nvim/site/pack/core/opt/blink.lib/lua/blink/lib/log.lua:299>
Lua callback: /usr/share/nvim/runtime/lua/vim/treesitter.lua:460: Parser could not be created for buffer 4214 and language "notify"
stack traceback:
	[C]: in function 'assert'
	/usr/share/nvim/runtime/lua/vim/treesitter.lua:460: in function 'start'
	...onfig/nvim/lua/config/ui/highlight/treesitter-config.lua:6: in function <...onfig/nvim/lua/config/ui/highlight/treesitter-config.lua:5>
	[C]: in function 'nvim_buf_set_option'
	.../core/opt/nvim-notify/lua/notify/service/buffer/init.lua:103: in function 'render'
	...te/pack/core/opt/nvim-notify/lua/notify/service/init.lua:53: in function 'push'
	...m/site/pack/core/opt/nvim-notify/lua/notify/instance.lua:132: in function <...m/site/pack/core/opt/nvim-notify/lua/notify/instance.lua:77>
	...ck/core/opt/noice.nvim/lua/noice/view/backend/notify.lua:168: in function '_notify'
	...ck/core/opt/noice.nvim/lua/noice/view/backend/notify.lua:198: in function 'show'
	...im/site/pack/core/opt/noice.nvim/lua/noice/view/init.lua:163: in function <...im/site/pack/core/opt/noice.nvim/lua/noice/view/init.lua:161>
	[C]: in function 'xpcall'
	...
	...te/pack/core/opt/noice.nvim/lua/noice/message/router.lua:214: in function <...te/pack/core/opt/noice.nvim/lua/noice/message/router.lua:147>
	[C]: in function 'xpcall'
	...im/site/pack/core/opt/noice.nvim/lua/noice/util/call.lua:149: in function 'try'
	...nvim/site/pack/core/opt/noice.nvim/lua/noice/ui/init.lua:88: in function 'ui_attach_cb'
	...nvim/site/pack/core/opt/noice.nvim/lua/noice/ui/init.lua:27: in function 'process_queue'
	...nvim/site/pack/core/opt/noice.nvim/lua/noice/ui/init.lua:138: in function <...nvim/site/pack/core/opt/noice.nvim/lua/noice/ui/init.lua:118>
	[C]: in function 'nvim_echo'
	.../nvim/site/pack/core/opt/blink.lib/lua/blink/lib/log.lua:187: in function <.../nvim/site/pack/core/opt/blink.lib/lua/blink/lib/log.lua:187>
	[C]: in function 'pcall'
	.../nvim/site/pack/core/opt/blink.lib/lua/blink/lib/log.lua:301: in function <.../nvim/site/pack/core/opt/blink.lib/lua/blink/lib/log.lua:299>
Lua callback: /usr/share/nvim/runtime/lua/vim/treesitter.lua:460: Parser could not be created for buffer 4215 and language "notify"
stack traceback:
	[C]: in function 'assert'
	/usr/share/nvim/runtime/lua/vim/treesitter.lua:460: in function 'start'
	...onfig/nvim/lua/config/ui/highlight/treesitter-config.lua:6: in function <...onfig/nvim/lua/config/ui/highlight/treesitter-config.lua:5>
	[C]: in function 'nvim_buf_set_option'
	.../core/opt/nvim-notify/lua/notify/service/buffer/init.lua:103: in function 'render'
	...te/pack/core/opt/nvim-notify/lua/notify/service/init.lua:53: in function 'push'
	...m/site/pack/core/opt/nvim-notify/lua/notify/instance.lua:132: in function <...m/site/pack/core/opt/nvim-notify/lua/notify/instance.lua:77>
	...ck/core/opt/noice.nvim/lua/noice/view/backend/notify.lua:168: in function '_notify'
	...ck/core/opt/noice.nvim/lua/noice/view/backend/notify.lua:198: in function 'show'
	...im/site/pack/core/opt/noice.nvim/lua/noice/view/init.lua:163: in function <...im/site/pack/core/opt/noice.nvim/lua/noice/view/init.lua:161>
	[C]: in function 'xpcall'
	...
	...te/pack/core/opt/noice.nvim/lua/noice/message/router.lua:214: in function <...te/pack/core/opt/noice.nvim/lua/noice/message/router.lua:147>
	[C]: in function 'xpcall'
	...im/site/pack/core/opt/noice.nvim/lua/noice/util/call.lua:149: in function 'try'
	...nvim/site/pack/core/opt/noice.nvim/lua/noice/ui/init.lua:88: in function 'ui_attach_cb'
	...nvim/site/pack/core/opt/noice.nvim/lua/noice/ui/init.lua:27: in function 'process_queue'
	...nvim/site/pack/core/opt/noice.nvim/lua/noice/ui/init.lua:138: in function <...nvim/site/pack/core/opt/noice.nvim/lua/noice/ui/init.lua:118>
	[C]: in function 'nvim_echo'
	.../nvim/site/pack/core/opt/blink.lib/lua/blink/lib/log.lua:187: in function <.../nvim/site/pack/core/opt/blink.lib/lua/blink/lib/log.lua:187>
	[C]: in function 'pcall'
	.../nvim/site/pack/core/opt/blink.lib/lua/blink/lib/log.lua:301: in function <.../nvim/site/pack/core/opt/blink.lib/lua/blink/lib/log.lua:299>
Lua callback: /usr/share/nvim/runtime/lua/vim/treesitter.lua:460: Parser could not be created for buffer 4216 and language "notify"
stack traceback:
	[C]: in function 'assert'
	/usr/share/nvim/runtime/lua/vim/treesitter.lua:460: in function 'start'
	...onfig/nvim/lua/config/ui/highlight/treesitter-config.lua:6: in function <...onfig/nvim/lua/config/ui/highlight/treesitter-config.lua:5>
	[C]: in function 'nvim_buf_set_option'
	.../core/opt/nvim-notify/lua/notify/service/buffer/init.lua:103: in function 'render'
	...te/pack/core/opt/nvim-notify/lua/notify/service/init.lua:53: in function 'push'
	...m/site/pack/core/opt/nvim-notify/lua/notify/instance.lua:132: in function <...m/site/pack/core/opt/nvim-notify/lua/notify/instance.lua:77>
	...ck/core/opt/noice.nvim/lua/noice/view/backend/notify.lua:168: in function '_notify'
	...ck/core/opt/noice.nvim/lua/noice/view/backend/notify.lua:198: in function 'show'
	...im/site/pack/core/opt/noice.nvim/lua/noice/view/init.lua:163: in function <...im/site/pack/core/opt/noice.nvim/lua/noice/view/init.lua:161>
	[C]: in function 'xpcall'
	...
	...te/pack/core/opt/noice.nvim/lua/noice/message/router.lua:214: in function <...te/pack/core/opt/noice.nvim/lua/noice/message/router.lua:147>
	[C]: in function 'xpcall'
	...im/site/pack/core/opt/noice.nvim/lua/noice/util/call.lua:149: in function 'try'
	...nvim/site/pack/core/opt/noice.nvim/lua/noice/ui/init.lua:88: in function 'ui_attach_cb'
	...nvim/site/pack/core/opt/noice.nvim/lua/noice/ui/init.lua:27: in function 'process_queue'
	...nvim/site/pack/core/opt/noice.nvim/lua/noice/ui/init.lua:138: in function <...nvim/site/pack/core/opt/noice.nvim/lua/noice/ui/init.lua:118>
	[C]: in function 'nvim_echo'
	.../nvim/site/pack/core/opt/blink.lib/lua/blink/lib/log.lua:187: in function <.../nvim/site/pack/core/opt/blink.lib/lua/blink/lib/log.lua:187>
	[C]: in function 'pcall'
	.../nvim/site/pack/core/opt/blink.lib/lua/blink/lib/log.lua:301: in function <.../nvim/site/pack/core/opt/blink.lib/lua/blink/lib/log.lua:299>
Lua callback: /usr/share/nvim/runtime/lua/vim/treesitter.lua:460: Parser could not be created for buffer 4217 and language "notify"
stack traceback:
	[C]: in function 'assert'
	/usr/share/nvim/runtime/lua/vim/treesitter.lua:460: in function 'start'
	...onfig/nvim/lua/config/ui/highlight/treesitter-config.lua:6: in function <...onfig/nvim/lua/config/ui/highlight/treesitter-config.lua:5>
	[C]: in function 'nvim_buf_set_option'
	.../core/opt/nvim-notify/lua/notify/service/buffer/init.lua:103: in function 'render'
	...te/pack/core/opt/nvim-notify/lua/notify/service/init.lua:53: in function 'push'
	...m/site/pack/core/opt/nvim-notify/lua/notify/instance.lua:132: in function <...m/site/pack/core/opt/nvim-notify/lua/notify/instance.lua:77>
	...ck/core/opt/noice.nvim/lua/noice/view/backend/notify.lua:168: in function '_notify'
	...ck/core/opt/noice.nvim/lua/noice/view/backend/notify.lua:198: in function 'show'
	...im/site/pack/core/opt/noice.nvim/lua/noice/view/init.lua:163: in function <...im/site/pack/core/opt/noice.nvim/lua/noice/view/init.lua:161>
	[C]: in function 'xpcall'
	...
	...te/pack/core/opt/noice.nvim/lua/noice/message/router.lua:214: in function <...te/pack/core/opt/noice.nvim/lua/noice/message/router.lua:147>
	[C]: in function 'xpcall'
	...im/site/pack/core/opt/noice.nvim/lua/noice/util/call.lua:149: in function 'try'
	...nvim/site/pack/core/opt/noice.nvim/lua/noice/ui/init.lua:88: in function 'ui_attach_cb'
	...nvim/site/pack/core/opt/noice.nvim/lua/noice/ui/init.lua:27: in function 'process_queue'
	...nvim/site/pack/core/opt/noice.nvim/lua/noice/ui/init.lua:138: in function <...nvim/site/pack/core/opt/noice.nvim/lua/noice/ui/init.lua:118>
	[C]: in function 'nvim_echo'
	.../nvim/site/pack/core/opt/blink.lib/lua/blink/lib/log.lua:187: in function <.../nvim/site/pack/core/opt/blink.lib/lua/blink/lib/log.lua:187>
	[C]: in function 'pcall'
	.../nvim/site/pack/core/opt/blink.lib/lua/blink/lib/log.lua:301: in function <.../nvim/site/pack/core/opt/blink.lib/lua/blink/lib/log.lua:299>
Lua callback: /usr/share/nvim/runtime/lua/vim/treesitter.lua:460: Parser could not be created for buffer 4218 and language "notify"
stack traceback:
	[C]: in function 'assert'
	/usr/share/nvim/runtime/lua/vim/treesitter.lua:460: in function 'start'
	...onfig/nvim/lua/config/ui/highlight/treesitter-config.lua:6: in function <...onfig/nvim/lua/config/ui/highlight/treesitter-config.lua:5>
	[C]: in function 'nvim_buf_set_option'
	.../core/opt/nvim-notify/lua/notify/service/buffer/init.lua:103: in function 'render'
	...te/pack/core/opt/nvim-notify/lua/notify/service/init.lua:53: in function 'push'
	...m/site/pack/core/opt/nvim-notify/lua/notify/instance.lua:132: in function <...m/site/pack/core/opt/nvim-notify/lua/notify/instance.lua:77>
	...ck/core/opt/noice.nvim/lua/noice/view/backend/notify.lua:168: in function '_notify'
	...ck/core/opt/noice.nvim/lua/noice/view/backend/notify.lua:198: in function 'show'
	...im/site/pack/core/opt/noice.nvim/lua/noice/view/init.lua:163: in function <...im/site/pack/core/opt/noice.nvim/lua/noice/view/init.lua:161>
	[C]: in function 'xpcall'
	...
	...te/pack/core/opt/noice.nvim/lua/noice/message/router.lua:214: in function <...te/pack/core/opt/noice.nvim/lua/noice/message/router.lua:147>
	[C]: in function 'xpcall'
	...im/site/pack/core/opt/noice.nvim/lua/noice/util/call.lua:149: in function 'try'
	...nvim/site/pack/core/opt/noice.nvim/lua/noice/ui/init.lua:88: in function 'ui_attach_cb'
	...nvim/site/pack/core/opt/noice.nvim/lua/noice/ui/init.lua:27: in function 'process_queue'
	...nvim/site/pack/core/opt/noice.nvim/lua/noice/ui/init.lua:138: in function <...nvim/site/pack/core/opt/noice.nvim/lua/noice/ui/init.lua:118>
	[C]: in function 'nvim_echo'
	.../nvim/site/pack/core/opt/blink.lib/lua/blink/lib/log.lua:187: in function <.../nvim/site/pack/core/opt/blink.lib/lua/blink/lib/log.lua:187>
	[C]: in function 'pcall'
	.../nvim/site/pack/core/opt/blink.lib/lua/blink/lib/log.lua:301: in function <.../nvim/site/pack/core/opt/blink.lib/lua/blink/lib/log.lua:299>
Lua callback: /usr/share/nvim/runtime/lua/vim/treesitter.lua:460: Parser could not be created for buffer 4219 and language "notify"
stack traceback:
	[C]: in function 'assert'
	/usr/share/nvim/runtime/lua/vim/treesitter.lua:460: in function 'start'
	...onfig/nvim/lua/config/ui/highlight/treesitter-config.lua:6: in function <...onfig/nvim/lua/config/ui/highlight/treesitter-config.lua:5>
	[C]: in function 'nvim_buf_set_option'
	.../core/opt/nvim-notify/lua/notify/service/buffer/init.lua:103: in function 'render'
	...te/pack/core/opt/nvim-notify/lua/notify/service/init.lua:53: in function 'push'
	...m/site/pack/core/opt/nvim-notify/lua/notify/instance.lua:132: in function <...m/site/pack/core/opt/nvim-notify/lua/notify/instance.lua:77>
	...ck/core/opt/noice.nvim/lua/noice/view/backend/notify.lua:168: in function '_notify'
	...ck/core/opt/noice.nvim/lua/noice/view/backend/notify.lua:198: in function 'show'
	...im/site/pack/core/opt/noice.nvim/lua/noice/view/init.lua:163: in function <...im/site/pack/core/opt/noice.nvim/lua/noice/view/init.lua:161>
	[C]: in function 'xpcall'
	...
	...te/pack/core/opt/noice.nvim/lua/noice/message/router.lua:214: in function <...te/pack/core/opt/noice.nvim/lua/noice/message/router.lua:147>
	[C]: in function 'xpcall'
	...im/site/pack/core/opt/noice.nvim/lua/noice/util/call.lua:149: in function 'try'
	...nvim/site/pack/core/opt/noice.nvim/lua/noice/ui/init.lua:88: in function 'ui_attach_cb'
	...nvim/site/pack/core/opt/noice.nvim/lua/noice/ui/init.lua:27: in function 'process_queue'
	...nvim/site/pack/core/opt/noice.nvim/lua/noice/ui/init.lua:138: in function <...nvim/site/pack/core/opt/noice.nvim/lua/noice/ui/init.lua:118>
	[C]: in function 'nvim_echo'
	.../nvim/site/pack/core/opt/blink.lib/lua/blink/lib/log.lua:187: in function <.../nvim/site/pack/core/opt/blink.lib/lua/blink/lib/log.lua:187>
	[C]: in function 'pcall'
	.../nvim/site/pack/core/opt/blink.lib/lua/blink/lib/log.lua:301: in function <.../nvim/site/pack/core/opt/blink.lib/lua/blink/lib/log.lua:299>
Lua callback: /usr/share/nvim/runtime/lua/vim/treesitter.lua:460: Parser could not be created for buffer 4220 and language "notify"
stack traceback:
	[C]: in function 'assert'
	/usr/share/nvim/runtime/lua/vim/treesitter.lua:460: in function 'start'
	...onfig/nvim/lua/config/ui/highlight/treesitter-config.lua:6: in function <...onfig/nvim/lua/config/ui/highlight/treesitter-config.lua:5>
	[C]: in function 'nvim_buf_set_option'
	.../core/opt/nvim-notify/lua/notify/service/buffer/init.lua:103: in function 'render'
	...te/pack/core/opt/nvim-notify/lua/notify/service/init.lua:53: in function 'push'
	...m/site/pack/core/opt/nvim-notify/lua/notify/instance.lua:132: in function <...m/site/pack/core/opt/nvim-notify/lua/notify/instance.lua:77>
	...ck/core/opt/noice.nvim/lua/noice/view/backend/notify.lua:168: in function '_notify'
	...ck/core/opt/noice.nvim/lua/noice/view/backend/notify.lua:198: in function 'show'
	...im/site/pack/core/opt/noice.nvim/lua/noice/view/init.lua:163: in function <...im/site/pack/core/opt/noice.nvim/lua/noice/view/init.lua:161>
	[C]: in function 'xpcall'
	...
	...te/pack/core/opt/noice.nvim/lua/noice/message/router.lua:214: in function <...te/pack/core/opt/noice.nvim/lua/noice/message/router.lua:147>
	[C]: in function 'xpcall'
	...im/site/pack/core/opt/noice.nvim/lua/noice/util/call.lua:149: in function 'try'
	...nvim/site/pack/core/opt/noice.nvim/lua/noice/ui/init.lua:88: in function 'ui_attach_cb'
	...nvim/site/pack/core/opt/noice.nvim/lua/noice/ui/init.lua:27: in function 'process_queue'
	...nvim/site/pack/core/opt/noice.nvim/lua/noice/ui/init.lua:138: in function <...nvim/site/pack/core/opt/noice.nvim/lua/noice/ui/init.lua:118>
	[C]: in function 'nvim_echo'
	.../nvim/site/pack/core/opt/blink.lib/lua/blink/lib/log.lua:187: in function <.../nvim/site/pack/core/opt/blink.lib/lua/blink/lib/log.lua:187>
	[C]: in function 'pcall'
	.../nvim/site/pack/core/opt/blink.lib/lua/blink/lib/log.lua:301: in function <.../nvim/site/pack/core/opt/blink.lib/lua/blink/lib/log.lua:299>
Lua callback: /usr/share/nvim/runtime/lua/vim/treesitter.lua:460: Parser could not be created for buffer 4221 and language "notify"
stack traceback:
	[C]: in function 'assert'
	/usr/share/nvim/runtime/lua/vim/treesitter.lua:460: in function 'start'
	...onfig/nvim/lua/config/ui/highlight/treesitter-config.lua:6: in function <...onfig/nvim/lua/config/ui/highlight/treesitter-config.lua:5>
	[C]: in function 'nvim_buf_set_option'
	.../core/opt/nvim-notify/lua/notify/service/buffer/init.lua:103: in function 'render'
	...te/pack/core/opt/nvim-notify/lua/notify/service/init.lua:53: in function 'push'
	...m/site/pack/core/opt/nvim-notify/lua/notify/instance.lua:132: in function <...m/site/pack/core/opt/nvim-notify/lua/notify/instance.lua:77>
	...ck/core/opt/noice.nvim/lua/noice/view/backend/notify.lua:168: in function '_notify'
	...ck/core/opt/noice.nvim/lua/noice/view/backend/notify.lua:198: in function 'show'
	...im/site/pack/core/opt/noice.nvim/lua/noice/view/init.lua:163: in function <...im/site/pack/core/opt/noice.nvim/lua/noice/view/init.lua:161>
	[C]: in function 'xpcall'
	...
	...te/pack/core/opt/noice.nvim/lua/noice/message/router.lua:214: in function <...te/pack/core/opt/noice.nvim/lua/noice/message/router.lua:147>
	[C]: in function 'xpcall'
	...im/site/pack/core/opt/noice.nvim/lua/noice/util/call.lua:149: in function 'try'
	...nvim/site/pack/core/opt/noice.nvim/lua/noice/ui/init.lua:88: in function 'ui_attach_cb'
	...nvim/site/pack/core/opt/noice.nvim/lua/noice/ui/init.lua:27: in function 'process_queue'
	...nvim/site/pack/core/opt/noice.nvim/lua/noice/ui/init.lua:138: in function <...nvim/site/pack/core/opt/noice.nvim/lua/noice/ui/init.lua:118>
	[C]: in function 'nvim_echo'
	.../nvim/site/pack/core/opt/blink.lib/lua/blink/lib/log.lua:187: in function <.../nvim/site/pack/core/opt/blink.lib/lua/blink/lib/log.lua:187>
	[C]: in function 'pcall'
	.../nvim/site/pack/core/opt/blink.lib/lua/blink/lib/log.lua:301: in function <.../nvim/site/pack/core/opt/blink.lib/lua/blink/lib/log.lua:299>
Lua callback: /usr/share/nvim/runtime/lua/vim/treesitter.lua:460: Parser could not be created for buffer 4222 and language "notify"
stack traceback:
	[C]: in function 'assert'
	/usr/share/nvim/runtime/lua/vim/treesitter.lua:460: in function 'start'
	...onfig/nvim/lua/config/ui/highlight/treesitter-config.lua:6: in function <...onfig/nvim/lua/config/ui/highlight/treesitter-config.lua:5>
	[C]: in function 'nvim_buf_set_option'
	.../core/opt/nvim-notify/lua/notify/service/buffer/init.lua:103: in function 'render'
	...te/pack/core/opt/nvim-notify/lua/notify/service/init.lua:53: in function 'push'
	...m/site/pack/core/opt/nvim-notify/lua/notify/instance.lua:132: in function <...m/site/pack/core/opt/nvim-notify/lua/notify/instance.lua:77>
	...ck/core/opt/noice.nvim/lua/noice/view/backend/notify.lua:168: in function '_notify'
	...ck/core/opt/noice.nvim/lua/noice/view/backend/notify.lua:198: in function 'show'
	...im/site/pack/core/opt/noice.nvim/lua/noice/view/init.lua:163: in function <...im/site/pack/core/opt/noice.nvim/lua/noice/view/init.lua:161>
	[C]: in function 'xpcall'
	...
	...te/pack/core/opt/noice.nvim/lua/noice/message/router.lua:214: in function <...te/pack/core/opt/noice.nvim/lua/noice/message/router.lua:147>
	[C]: in function 'xpcall'
	...im/site/pack/core/opt/noice.nvim/lua/noice/util/call.lua:149: in function 'try'
	...nvim/site/pack/core/opt/noice.nvim/lua/noice/ui/init.lua:88: in function 'ui_attach_cb'
	...nvim/site/pack/core/opt/noice.nvim/lua/noice/ui/init.lua:27: in function 'process_queue'
	...nvim/site/pack/core/opt/noice.nvim/lua/noice/ui/init.lua:138: in function <...nvim/site/pack/core/opt/noice.nvim/lua/noice/ui/init.lua:118>
	[C]: in function 'nvim_echo'
	.../nvim/site/pack/core/opt/blink.lib/lua/blink/lib/log.lua:187: in function <.../nvim/site/pack/core/opt/blink.lib/lua/blink/lib/log.lua:187>
	[C]: in function 'pcall'
	.../nvim/site/pack/core/opt/blink.lib/lua/blink/lib/log.lua:301: in function <.../nvim/site/pack/core/opt/blink.lib/lua/blink/lib/log.lua:299>
Lua callback: /usr/share/nvim/runtime/lua/vim/treesitter.lua:460: Parser could not be created for buffer 4223 and language "notify"
stack traceback:
	[C]: in function 'assert'
	/usr/share/nvim/runtime/lua/vim/treesitter.lua:460: in function 'start'
	...onfig/nvim/lua/config/ui/highlight/treesitter-config.lua:6: in function <...onfig/nvim/lua/config/ui/highlight/treesitter-config.lua:5>
	[C]: in function 'nvim_buf_set_option'
	.../core/opt/nvim-notify/lua/notify/service/buffer/init.lua:103: in function 'render'
	...te/pack/core/opt/nvim-notify/lua/notify/service/init.lua:53: in function 'push'
	...m/site/pack/core/opt/nvim-notify/lua/notify/instance.lua:132: in function <...m/site/pack/core/opt/nvim-notify/lua/notify/instance.lua:77>
	...ck/core/opt/noice.nvim/lua/noice/view/backend/notify.lua:168: in function '_notify'
	...ck/core/opt/noice.nvim/lua/noice/view/backend/notify.lua:198: in function 'show'
	...im/site/pack/core/opt/noice.nvim/lua/noice/view/init.lua:163: in function <...im/site/pack/core/opt/noice.nvim/lua/noice/view/init.lua:161>
	[C]: in function 'xpcall'
	...
	...te/pack/core/opt/noice.nvim/lua/noice/message/router.lua:214: in function <...te/pack/core/opt/noice.nvim/lua/noice/message/router.lua:147>
	[C]: in function 'xpcall'
	...im/site/pack/core/opt/noice.nvim/lua/noice/util/call.lua:149: in function 'try'
	...nvim/site/pack/core/opt/noice.nvim/lua/noice/ui/init.lua:88: in function 'ui_attach_cb'
	...nvim/site/pack/core/opt/noice.nvim/lua/noice/ui/init.lua:27: in function 'process_queue'
	...nvim/site/pack/core/opt/noice.nvim/lua/noice/ui/init.lua:138: in function <...nvim/site/pack/core/opt/noice.nvim/lua/noice/ui/init.lua:118>
	[C]: in function 'nvim_echo'
	.../nvim/site/pack/core/opt/blink.lib/lua/blink/lib/log.lua:187: in function <.../nvim/site/pack/core/opt/blink.lib/lua/blink/lib/log.lua:187>
	[C]: in function 'pcall'
	.../nvim/site/pack/core/opt/blink.lib/lua/blink/lib/log.lua:301: in function <.../nvim/site/pack/core/opt/blink.lib/lua/blink/lib/log.lua:299>
Lua callback: /usr/share/nvim/runtime/lua/vim/treesitter.lua:460: Parser could not be created for buffer 4224 and language "notify"
stack traceback:
	[C]: in function 'assert'
	/usr/share/nvim/runtime/lua/vim/treesitter.lua:460: in function 'start'
	...onfig/nvim/lua/config/ui/highlight/treesitter-config.lua:6: in function <...onfig/nvim/lua/config/ui/highlight/treesitter-config.lua:5>
	[C]: in function 'nvim_buf_set_option'
	.../core/opt/nvim-notify/lua/notify/service/buffer/init.lua:103: in function 'render'
	...te/pack/core/opt/nvim-notify/lua/notify/service/init.lua:53: in function 'push'
	...m/site/pack/core/opt/nvim-notify/lua/notify/instance.lua:132: in function <...m/site/pack/core/opt/nvim-notify/lua/notify/instance.lua:77>
	...ck/core/opt/noice.nvim/lua/noice/view/backend/notify.lua:168: in function '_notify'
	...ck/core/opt/noice.nvim/lua/noice/view/backend/notify.lua:198: in function 'show'
	...im/site/pack/core/opt/noice.nvim/lua/noice/view/init.lua:163: in function <...im/site/pack/core/opt/noice.nvim/lua/noice/view/init.lua:161>
	[C]: in function 'xpcall'
	...
	...te/pack/core/opt/noice.nvim/lua/noice/message/router.lua:214: in function <...te/pack/core/opt/noice.nvim/lua/noice/message/router.lua:147>
	[C]: in function 'xpcall'
	...im/site/pack/core/opt/noice.nvim/lua/noice/util/call.lua:149: in function 'try'
	...nvim/site/pack/core/opt/noice.nvim/lua/noice/ui/init.lua:88: in function 'ui_attach_cb'
	...nvim/site/pack/core/opt/noice.nvim/lua/noice/ui/init.lua:27: in function 'process_queue'
	...nvim/site/pack/core/opt/noice.nvim/lua/noice/ui/init.lua:138: in function <...nvim/site/pack/core/opt/noice.nvim/lua/noice/ui/init.lua:118>
	[C]: in function 'nvim_echo'
	.../nvim/site/pack/core/opt/blink.lib/lua/blink/lib/log.lua:187: in function <.../nvim/site/pack/core/opt/blink.lib/lua/blink/lib/log.lua:187>
	[C]: in function 'pcall'
	.../nvim/site/pack/core/opt/blink.lib/lua/blink/lib/log.lua:301: in function <.../nvim/site/pack/core/opt/blink.lib/lua/blink/lib/log.lua:299>
Lua callback: /usr/share/nvim/runtime/lua/vim/treesitter.lua:460: Parser could not be created for buffer 4225 and language "notify"
stack traceback:
	[C]: in function 'assert'
	/usr/share/nvim/runtime/lua/vim/treesitter.lua:460: in function 'start'
	...onfig/nvim/lua/config/ui/highlight/treesitter-config.lua:6: in function <...onfig/nvim/lua/config/ui/highlight/treesitter-config.lua:5>
	[C]: in function 'nvim_buf_set_option'
	.../core/opt/nvim-notify/lua/notify/service/buffer/init.lua:103: in function 'render'
	...te/pack/core/opt/nvim-notify/lua/notify/service/init.lua:53: in function 'push'
	...m/site/pack/core/opt/nvim-notify/lua/notify/instance.lua:132: in function <...m/site/pack/core/opt/nvim-notify/lua/notify/instance.lua:77>
	...ck/core/opt/noice.nvim/lua/noice/view/backend/notify.lua:168: in function '_notify'
	...ck/core/opt/noice.nvim/lua/noice/view/backend/notify.lua:198: in function 'show'
	...im/site/pack/core/opt/noice.nvim/lua/noice/view/init.lua:163: in function <...im/site/pack/core/opt/noice.nvim/lua/noice/view/init.lua:161>
	[C]: in function 'xpcall'
	...
	...te/pack/core/opt/noice.nvim/lua/noice/message/router.lua:214: in function <...te/pack/core/opt/noice.nvim/lua/noice/message/router.lua:147>
	[C]: in function 'xpcall'
	...im/site/pack/core/opt/noice.nvim/lua/noice/util/call.lua:149: in function 'try'
	...nvim/site/pack/core/opt/noice.nvim/lua/noice/ui/init.lua:88: in function 'ui_attach_cb'
	...nvim/site/pack/core/opt/noice.nvim/lua/noice/ui/init.lua:27: in function 'process_queue'
	...nvim/site/pack/core/opt/noice.nvim/lua/noice/ui/init.lua:138: in function <...nvim/site/pack/core/opt/noice.nvim/lua/noice/ui/init.lua:118>
	[C]: in function 'nvim_echo'
	.../nvim/site/pack/core/opt/blink.lib/lua/blink/lib/log.lua:187: in function <.../nvim/site/pack/core/opt/blink.lib/lua/blink/lib/log.lua:187>
	[C]: in function 'pcall'
	.../nvim/site/pack/core/opt/blink.lib/lua/blink/lib/log.lua:301: in function <.../nvim/site/pack/core/opt/blink.lib/lua/blink/lib/log.lua:299>
Lua callback: /usr/share/nvim/runtime/lua/vim/treesitter.lua:460: Parser could not be created for buffer 4226 and language "notify"
stack traceback:
	[C]: in function 'assert'
	/usr/share/nvim/runtime/lua/vim/treesitter.lua:460: in function 'start'
	...onfig/nvim/lua/config/ui/highlight/treesitter-config.lua:6: in function <...onfig/nvim/lua/config/ui/highlight/treesitter-config.lua:5>
	[C]: in function 'nvim_buf_set_option'
	.../core/opt/nvim-notify/lua/notify/service/buffer/init.lua:103: in function 'render'
	...te/pack/core/opt/nvim-notify/lua/notify/service/init.lua:53: in function 'push'
	...m/site/pack/core/opt/nvim-notify/lua/notify/instance.lua:132: in function <...m/site/pack/core/opt/nvim-notify/lua/notify/instance.lua:77>
	...ck/core/opt/noice.nvim/lua/noice/view/backend/notify.lua:168: in function '_notify'
	...ck/core/opt/noice.nvim/lua/noice/view/backend/notify.lua:198: in function 'show'
	...im/site/pack/core/opt/noice.nvim/lua/noice/view/init.lua:163: in function <...im/site/pack/core/opt/noice.nvim/lua/noice/view/init.lua:161>
	[C]: in function 'xpcall'
	...
	...te/pack/core/opt/noice.nvim/lua/noice/message/router.lua:214: in function <...te/pack/core/opt/noice.nvim/lua/noice/message/router.lua:147>
	[C]: in function 'xpcall'
	...im/site/pack/core/opt/noice.nvim/lua/noice/util/call.lua:149: in function 'try'
	...nvim/site/pack/core/opt/noice.nvim/lua/noice/ui/init.lua:88: in function 'ui_attach_cb'
	...nvim/site/pack/core/opt/noice.nvim/lua/noice/ui/init.lua:27: in function 'process_queue'
	...nvim/site/pack/core/opt/noice.nvim/lua/noice/ui/init.lua:138: in function <...nvim/site/pack/core/opt/noice.nvim/lua/noice/ui/init.lua:118>
	[C]: in function 'nvim_echo'
	.../nvim/site/pack/core/opt/blink.lib/lua/blink/lib/log.lua:187: in function <.../nvim/site/pack/core/opt/blink.lib/lua/blink/lib/log.lua:187>
	[C]: in function 'pcall'
	.../nvim/site/pack/core/opt/blink.lib/lua/blink/lib/log.lua:301: in function <.../nvim/site/pack/core/opt/blink.lib/lua/blink/lib/log.lua:299>
Lua callback: /usr/share/nvim/runtime/lua/vim/treesitter.lua:460: Parser could not be created for buffer 4227 and language "notify"
stack traceback:
	[C]: in function 'assert'
	/usr/share/nvim/runtime/lua/vim/treesitter.lua:460: in function 'start'
	...onfig/nvim/lua/config/ui/highlight/treesitter-config.lua:6: in function <...onfig/nvim/lua/config/ui/highlight/treesitter-config.lua:5>
	[C]: in function 'nvim_buf_set_option'
	.../core/opt/nvim-notify/lua/notify/service/buffer/init.lua:103: in function 'render'
	...te/pack/core/opt/nvim-notify/lua/notify/service/init.lua:53: in function 'push'
	...m/site/pack/core/opt/nvim-notify/lua/notify/instance.lua:132: in function <...m/site/pack/core/opt/nvim-notify/lua/notify/instance.lua:77>
	...ck/core/opt/noice.nvim/lua/noice/view/backend/notify.lua:168: in function '_notify'
	...ck/core/opt/noice.nvim/lua/noice/view/backend/notify.lua:198: in function 'show'
	...im/site/pack/core/opt/noice.nvim/lua/noice/view/init.lua:163: in function <...im/site/pack/core/opt/noice.nvim/lua/noice/view/init.lua:161>
	[C]: in function 'xpcall'
	...
	...te/pack/core/opt/noice.nvim/lua/noice/message/router.lua:214: in function <...te/pack/core/opt/noice.nvim/lua/noice/message/router.lua:147>
	[C]: in function 'xpcall'
	...im/site/pack/core/opt/noice.nvim/lua/noice/util/call.lua:149: in function 'try'
	...nvim/site/pack/core/opt/noice.nvim/lua/noice/ui/init.lua:88: in function 'ui_attach_cb'
	...nvim/site/pack/core/opt/noice.nvim/lua/noice/ui/init.lua:27: in function 'process_queue'
	...nvim/site/pack/core/opt/noice.nvim/lua/noice/ui/init.lua:138: in function <...nvim/site/pack/core/opt/noice.nvim/lua/noice/ui/init.lua:118>
	[C]: in function 'nvim_echo'
	.../nvim/site/pack/core/opt/blink.lib/lua/blink/lib/log.lua:187: in function <.../nvim/site/pack/core/opt/blink.lib/lua/blink/lib/log.lua:187>
	[C]: in function 'pcall'
	.../nvim/site/pack/core/opt/blink.lib/lua/blink/lib/log.lua:301: in function <.../nvim/site/pack/core/opt/blink.lib/lua/blink/lib/log.lua:299>
Lua callback: /usr/share/nvim/runtime/lua/vim/treesitter.lua:460: Parser could not be created for buffer 4228 and language "notify"
stack traceback:
	[C]: in function 'assert'
	/usr/share/nvim/runtime/lua/vim/treesitter.lua:460: in function 'start'
	...onfig/nvim/lua/config/ui/highlight/treesitter-config.lua:6: in function <...onfig/nvim/lua/config/ui/highlight/treesitter-config.lua:5>
	[C]: in function 'nvim_buf_set_option'
	.../core/opt/nvim-notify/lua/notify/service/buffer/init.lua:103: in function 'render'
	...te/pack/core/opt/nvim-notify/lua/notify/service/init.lua:53: in function 'push'
	...m/site/pack/core/opt/nvim-notify/lua/notify/instance.lua:132: in function <...m/site/pack/core/opt/nvim-notify/lua/notify/instance.lua:77>
	...ck/core/opt/noice.nvim/lua/noice/view/backend/notify.lua:168: in function '_notify'
	...ck/core/opt/noice.nvim/lua/noice/view/backend/notify.lua:198: in function 'show'
	...im/site/pack/core/opt/noice.nvim/lua/noice/view/init.lua:163: in function <...im/site/pack/core/opt/noice.nvim/lua/noice/view/init.lua:161>
	[C]: in function 'xpcall'
	...
	...te/pack/core/opt/noice.nvim/lua/noice/message/router.lua:214: in function <...te/pack/core/opt/noice.nvim/lua/noice/message/router.lua:147>
	[C]: in function 'xpcall'
	...im/site/pack/core/opt/noice.nvim/lua/noice/util/call.lua:149: in function 'try'
	...nvim/site/pack/core/opt/noice.nvim/lua/noice/ui/init.lua:88: in function 'ui_attach_cb'
	...nvim/site/pack/core/opt/noice.nvim/lua/noice/ui/init.lua:27: in function 'process_queue'
	...nvim/site/pack/core/opt/noice.nvim/lua/noice/ui/init.lua:138: in function <...nvim/site/pack/core/opt/noice.nvim/lua/noice/ui/init.lua:118>
	[C]: in function 'nvim_echo'
	.../nvim/site/pack/core/opt/blink.lib/lua/blink/lib/log.lua:187: in function <.../nvim/site/pack/core/opt/blink.lib/lua/blink/lib/log.lua:187>
	[C]: in function 'pcall'
	.../nvim/site/pack/core/opt/blink.lib/lua/blink/lib/log.lua:301: in function <.../nvim/site/pack/core/opt/blink.lib/lua/blink/lib/log.lua:299>
Lua callback: /usr/share/nvim/runtime/lua/vim/treesitter.lua:460: Parser could not be created for buffer 4229 and language "notify"
stack traceback:
	[C]: in function 'assert'
	/usr/share/nvim/runtime/lua/vim/treesitter.lua:460: in function 'start'
	...onfig/nvim/lua/config/ui/highlight/treesitter-config.lua:6: in function <...onfig/nvim/lua/config/ui/highlight/treesitter-config.lua:5>
	[C]: in function 'nvim_buf_set_option'
	.../core/opt/nvim-notify/lua/notify/service/buffer/init.lua:103: in function 'render'
	...te/pack/core/opt/nvim-notify/lua/notify/service/init.lua:53: in function 'push'
	...m/site/pack/core/opt/nvim-notify/lua/notify/instance.lua:132: in function <...m/site/pack/core/opt/nvim-notify/lua/notify/instance.lua:77>
	...ck/core/opt/noice.nvim/lua/noice/view/backend/notify.lua:168: in function '_notify'
	...ck/core/opt/noice.nvim/lua/noice/view/backend/notify.lua:198: in function 'show'
	...im/site/pack/core/opt/noice.nvim/lua/noice/view/init.lua:163: in function <...im/site/pack/core/opt/noice.nvim/lua/noice/view/init.lua:161>
	[C]: in function 'xpcall'
	...
	...te/pack/core/opt/noice.nvim/lua/noice/message/router.lua:214: in function <...te/pack/core/opt/noice.nvim/lua/noice/message/router.lua:147>
	[C]: in function 'xpcall'
	...im/site/pack/core/opt/noice.nvim/lua/noice/util/call.lua:149: in function 'try'
	...nvim/site/pack/core/opt/noice.nvim/lua/noice/ui/init.lua:88: in function 'ui_attach_cb'
	...nvim/site/pack/core/opt/noice.nvim/lua/noice/ui/init.lua:27: in function 'process_queue'
	...nvim/site/pack/core/opt/noice.nvim/lua/noice/ui/init.lua:138: in function <...nvim/site/pack/core/opt/noice.nvim/lua/noice/ui/init.lua:118>
	[C]: in function 'nvim_echo'
	.../nvim/site/pack/core/opt/blink.lib/lua/blink/lib/log.lua:187: in function <.../nvim/site/pack/core/opt/blink.lib/lua/blink/lib/log.lua:187>
	[C]: in function 'pcall'
	.../nvim/site/pack/core/opt/blink.lib/lua/blink/lib/log.lua:301: in function <.../nvim/site/pack/core/opt/blink.lib/lua/blink/lib/log.lua:299>
Lua callback: /usr/share/nvim/runtime/lua/vim/treesitter.lua:460: Parser could not be created for buffer 4230 and language "notify"
stack traceback:
	[C]: in function 'assert'
	/usr/share/nvim/runtime/lua/vim/treesitter.lua:460: in function 'start'
	...onfig/nvim/lua/config/ui/highlight/treesitter-config.lua:6: in function <...onfig/nvim/lua/config/ui/highlight/treesitter-config.lua:5>
	[C]: in function 'nvim_buf_set_option'
	.../core/opt/nvim-notify/lua/notify/service/buffer/init.lua:103: in function 'render'
	...te/pack/core/opt/nvim-notify/lua/notify/service/init.lua:53: in function 'push'
	...m/site/pack/core/opt/nvim-notify/lua/notify/instance.lua:132: in function <...m/site/pack/core/opt/nvim-notify/lua/notify/instance.lua:77>
	...ck/core/opt/noice.nvim/lua/noice/view/backend/notify.lua:168: in function '_notify'
	...ck/core/opt/noice.nvim/lua/noice/view/backend/notify.lua:198: in function 'show'
	...im/site/pack/core/opt/noice.nvim/lua/noice/view/init.lua:163: in function <...im/site/pack/core/opt/noice.nvim/lua/noice/view/init.lua:161>
	[C]: in function 'xpcall'
	...
	...te/pack/core/opt/noice.nvim/lua/noice/message/router.lua:214: in function <...te/pack/core/opt/noice.nvim/lua/noice/message/router.lua:147>
	[C]: in function 'xpcall'
	...im/site/pack/core/opt/noice.nvim/lua/noice/util/call.lua:149: in function 'try'
	...nvim/site/pack/core/opt/noice.nvim/lua/noice/ui/init.lua:88: in function 'ui_attach_cb'
	...nvim/site/pack/core/opt/noice.nvim/lua/noice/ui/init.lua:27: in function 'process_queue'
	...nvim/site/pack/core/opt/noice.nvim/lua/noice/ui/init.lua:138: in function <...nvim/site/pack/core/opt/noice.nvim/lua/noice/ui/init.lua:118>
	[C]: in function 'nvim_echo'
	.../nvim/site/pack/core/opt/blink.lib/lua/blink/lib/log.lua:187: in function <.../nvim/site/pack/core/opt/blink.lib/lua/blink/lib/log.lua:187>
	[C]: in function 'pcall'
	.../nvim/site/pack/core/opt/blink.lib/lua/blink/lib/log.lua:301: in function <.../nvim/site/pack/core/opt/blink.lib/lua/blink/lib/log.lua:299>
Lua callback: /usr/share/nvim/runtime/lua/vim/treesitter.lua:460: Parser could not be created for buffer 4231 and language "notify"
stack traceback:
	[C]: in function 'assert'
	/usr/share/nvim/runtime/lua/vim/treesitter.lua:460: in function 'start'
	...onfig/nvim/lua/config/ui/highlight/treesitter-config.lua:6: in function <...onfig/nvim/lua/config/ui/highlight/treesitter-config.lua:5>
	[C]: in function 'nvim_buf_set_option'
	.../core/opt/nvim-notify/lua/notify/service/buffer/init.lua:103: in function 'render'
	...te/pack/core/opt/nvim-notify/lua/notify/service/init.lua:53: in function 'push'
	...m/site/pack/core/opt/nvim-notify/lua/notify/instance.lua:132: in function <...m/site/pack/core/opt/nvim-notify/lua/notify/instance.lua:77>
	...ck/core/opt/noice.nvim/lua/noice/view/backend/notify.lua:168: in function '_notify'
	...ck/core/opt/noice.nvim/lua/noice/view/backend/notify.lua:198: in function 'show'
	...im/site/pack/core/opt/noice.nvim/lua/noice/view/init.lua:163: in function <...im/site/pack/core/opt/noice.nvim/lua/noice/view/init.lua:161>
	[C]: in function 'xpcall'
	...
	...te/pack/core/opt/noice.nvim/lua/noice/message/router.lua:214: in function <...te/pack/core/opt/noice.nvim/lua/noice/message/router.lua:147>
	[C]: in function 'xpcall'
	...im/site/pack/core/opt/noice.nvim/lua/noice/util/call.lua:149: in function 'try'
	...nvim/site/pack/core/opt/noice.nvim/lua/noice/ui/init.lua:88: in function 'ui_attach_cb'
	...nvim/site/pack/core/opt/noice.nvim/lua/noice/ui/init.lua:27: in function 'process_queue'
	...nvim/site/pack/core/opt/noice.nvim/lua/noice/ui/init.lua:138: in function <...nvim/site/pack/core/opt/noice.nvim/lua/noice/ui/init.lua:118>
	[C]: in function 'nvim_echo'
	.../nvim/site/pack/core/opt/blink.lib/lua/blink/lib/log.lua:187: in function <.../nvim/site/pack/core/opt/blink.lib/lua/blink/lib/log.lua:187>
	[C]: in function 'pcall'
	.../nvim/site/pack/core/opt/blink.lib/lua/blink/lib/log.lua:301: in function <.../nvim/site/pack/core/opt/blink.lib/lua/blink/lib/log.lua:299>
Lua callback: /usr/share/nvim/runtime/lua/vim/treesitter.lua:460: Parser could not be created for buffer 4232 and language "notify"
stack traceback:
	[C]: in function 'assert'
	/usr/share/nvim/runtime/lua/vim/treesitter.lua:460: in function 'start'
	...onfig/nvim/lua/config/ui/highlight/treesitter-config.lua:6: in function <...onfig/nvim/lua/config/ui/highlight/treesitter-config.lua:5>
	[C]: in function 'nvim_buf_set_option'
	.../core/opt/nvim-notify/lua/notify/service/buffer/init.lua:103: in function 'render'
	...te/pack/core/opt/nvim-notify/lua/notify/service/init.lua:53: in function 'push'
	...m/site/pack/core/opt/nvim-notify/lua/notify/instance.lua:132: in function <...m/site/pack/core/opt/nvim-notify/lua/notify/instance.lua:77>
	...ck/core/opt/noice.nvim/lua/noice/view/backend/notify.lua:168: in function '_notify'
	...ck/core/opt/noice.nvim/lua/noice/view/backend/notify.lua:198: in function 'show'
	...im/site/pack/core/opt/noice.nvim/lua/noice/view/init.lua:163: in function <...im/site/pack/core/opt/noice.nvim/lua/noice/view/init.lua:161>
	[C]: in function 'xpcall'
	...
	...te/pack/core/opt/noice.nvim/lua/noice/message/router.lua:214: in function <...te/pack/core/opt/noice.nvim/lua/noice/message/router.lua:147>
	[C]: in function 'xpcall'
	...im/site/pack/core/opt/noice.nvim/lua/noice/util/call.lua:149: in function 'try'
	...nvim/site/pack/core/opt/noice.nvim/lua/noice/ui/init.lua:88: in function 'ui_attach_cb'
	...nvim/site/pack/core/opt/noice.nvim/lua/noice/ui/init.lua:27: in function 'process_queue'
	...nvim/site/pack/core/opt/noice.nvim/lua/noice/ui/init.lua:138: in function <...nvim/site/pack/core/opt/noice.nvim/lua/noice/ui/init.lua:118>
	[C]: in function 'nvim_echo'
	.../nvim/site/pack/core/opt/blink.lib/lua/blink/lib/log.lua:187: in function <.../nvim/site/pack/core/opt/blink.lib/lua/blink/lib/log.lua:187>
	[C]: in function 'pcall'
	.../nvim/site/pack/core/opt/blink.lib/lua/blink/lib/log.lua:301: in function <.../nvim/site/pack/core/opt/blink.lib/lua/blink/lib/log.lua:299>
Lua callback: /usr/share/nvim/runtime/lua/vim/treesitter.lua:460: Parser could not be created for buffer 4233 and language "notify"
stack traceback:
	[C]: in function 'assert'
	/usr/share/nvim/runtime/lua/vim/treesitter.lua:460: in function 'start'
	...onfig/nvim/lua/config/ui/highlight/treesitter-config.lua:6: in function <...onfig/nvim/lua/config/ui/highlight/treesitter-config.lua:5>
	[C]: in function 'nvim_buf_set_option'
	.../core/opt/nvim-notify/lua/notify/service/buffer/init.lua:103: in function 'render'
	...te/pack/core/opt/nvim-notify/lua/notify/service/init.lua:53: in function 'push'
	...m/site/pack/core/opt/nvim-notify/lua/notify/instance.lua:132: in function <...m/site/pack/core/opt/nvim-notify/lua/notify/instance.lua:77>
	...ck/core/opt/noice.nvim/lua/noice/view/backend/notify.lua:168: in function '_notify'
	...ck/core/opt/noice.nvim/lua/noice/view/backend/notify.lua:198: in function 'show'
	...im/site/pack/core/opt/noice.nvim/lua/noice/view/init.lua:163: in function <...im/site/pack/core/opt/noice.nvim/lua/noice/view/init.lua:161>
	[C]: in function 'xpcall'
	...
	...te/pack/core/opt/noice.nvim/lua/noice/message/router.lua:214: in function <...te/pack/core/opt/noice.nvim/lua/noice/message/router.lua:147>
	[C]: in function 'xpcall'
	...im/site/pack/core/opt/noice.nvim/lua/noice/util/call.lua:149: in function 'try'
	...nvim/site/pack/core/opt/noice.nvim/lua/noice/ui/init.lua:88: in function 'ui_attach_cb'
	...nvim/site/pack/core/opt/noice.nvim/lua/noice/ui/init.lua:27: in function 'process_queue'
	...nvim/site/pack/core/opt/noice.nvim/lua/noice/ui/init.lua:138: in function <...nvim/site/pack/core/opt/noice.nvim/lua/noice/ui/init.lua:118>
	[C]: in function 'nvim_echo'
	.../nvim/site/pack/core/opt/blink.lib/lua/blink/lib/log.lua:187: in function <.../nvim/site/pack/core/opt/blink.lib/lua/blink/lib/log.lua:187>
	[C]: in function 'pcall'
	.../nvim/site/pack/core/opt/blink.lib/lua/blink/lib/log.lua:301: in function <.../nvim/site/pack/core/opt/blink.lib/lua/blink/lib/log.lua:299>
Lua callback: /usr/share/nvim/runtime/lua/vim/treesitter.lua:460: Parser could not be created for buffer 4234 and language "notify"
stack traceback:
	[C]: in function 'assert'
	/usr/share/nvim/runtime/lua/vim/treesitter.lua:460: in function 'start'
	...onfig/nvim/lua/config/ui/highlight/treesitter-config.lua:6: in function <...onfig/nvim/lua/config/ui/highlight/treesitter-config.lua:5>
	[C]: in function 'nvim_buf_set_option'
	.../core/opt/nvim-notify/lua/notify/service/buffer/init.lua:103: in function 'render'
	...te/pack/core/opt/nvim-notify/lua/notify/service/init.lua:53: in function 'push'
	...m/site/pack/core/opt/nvim-notify/lua/notify/instance.lua:132: in function <...m/site/pack/core/opt/nvim-notify/lua/notify/instance.lua:77>
	...ck/core/opt/noice.nvim/lua/noice/view/backend/notify.lua:168: in function '_notify'
	...ck/core/opt/noice.nvim/lua/noice/view/backend/notify.lua:198: in function 'show'
	...im/site/pack/core/opt/noice.nvim/lua/noice/view/init.lua:163: in function <...im/site/pack/core/opt/noice.nvim/lua/noice/view/init.lua:161>
	[C]: in function 'xpcall'
	...
	...te/pack/core/opt/noice.nvim/lua/noice/message/router.lua:214: in function <...te/pack/core/opt/noice.nvim/lua/noice/message/router.lua:147>
	[C]: in function 'xpcall'
	...im/site/pack/core/opt/noice.nvim/lua/noice/util/call.lua:149: in function 'try'
	...nvim/site/pack/core/opt/noice.nvim/lua/noice/ui/init.lua:88: in function 'ui_attach_cb'
	...nvim/site/pack/core/opt/noice.nvim/lua/noice/ui/init.lua:27: in function 'process_queue'
	...nvim/site/pack/core/opt/noice.nvim/lua/noice/ui/init.lua:138: in function <...nvim/site/pack/core/opt/noice.nvim/lua/noice/ui/init.lua:118>
	[C]: in function 'nvim_echo'
	.../nvim/site/pack/core/opt/blink.lib/lua/blink/lib/log.lua:187: in function <.../nvim/site/pack/core/opt/blink.lib/lua/blink/lib/log.lua:187>
	[C]: in function 'pcall'
	.../nvim/site/pack/core/opt/blink.lib/lua/blink/lib/log.lua:301: in function <.../nvim/site/pack/core/opt/blink.lib/lua/blink/lib/log.lua:299>
Lua callback: /usr/share/nvim/runtime/lua/vim/treesitter.lua:460: Parser could not be created for buffer 4235 and language "notify"
stack traceback:
	[C]: in function 'assert'
	/usr/share/nvim/runtime/lua/vim/treesitter.lua:460: in function 'start'
	...onfig/nvim/lua/config/ui/highlight/treesitter-config.lua:6: in function <...onfig/nvim/lua/config/ui/highlight/treesitter-config.lua:5>
	[C]: in function 'nvim_buf_set_option'
	.../core/opt/nvim-notify/lua/notify/service/buffer/init.lua:103: in function 'render'
	...te/pack/core/opt/nvim-notify/lua/notify/service/init.lua:53: in function 'push'
	...m/site/pack/core/opt/nvim-notify/lua/notify/instance.lua:132: in function <...m/site/pack/core/opt/nvim-notify/lua/notify/instance.lua:77>
	...ck/core/opt/noice.nvim/lua/noice/view/backend/notify.lua:168: in function '_notify'
	...ck/core/opt/noice.nvim/lua/noice/view/backend/notify.lua:198: in function 'show'
	...im/site/pack/core/opt/noice.nvim/lua/noice/view/init.lua:163: in function <...im/site/pack/core/opt/noice.nvim/lua/noice/view/init.lua:161>
	[C]: in function 'xpcall'
	...
	...te/pack/core/opt/noice.nvim/lua/noice/message/router.lua:214: in function <...te/pack/core/opt/noice.nvim/lua/noice/message/router.lua:147>
	[C]: in function 'xpcall'
	...im/site/pack/core/opt/noice.nvim/lua/noice/util/call.lua:149: in function 'try'
	...nvim/site/pack/core/opt/noice.nvim/lua/noice/ui/init.lua:88: in function 'ui_attach_cb'
	...nvim/site/pack/core/opt/noice.nvim/lua/noice/ui/init.lua:27: in function 'process_queue'
	...nvim/site/pack/core/opt/noice.nvim/lua/noice/ui/init.lua:138: in function <...nvim/site/pack/core/opt/noice.nvim/lua/noice/ui/init.lua:118>
	[C]: in function 'nvim_echo'
	.../nvim/site/pack/core/opt/blink.lib/lua/blink/lib/log.lua:187: in function <.../nvim/site/pack/core/opt/blink.lib/lua/blink/lib/log.lua:187>
	[C]: in function 'pcall'
	.../nvim/site/pack/core/opt/blink.lib/lua/blink/lib/log.lua:301: in function <.../nvim/site/pack/core/opt/blink.lib/lua/blink/lib/log.lua:299>
Lua callback: /usr/share/nvim/runtime/lua/vim/treesitter.lua:460: Parser could not be created for buffer 4236 and language "notify"
stack traceback:
	[C]: in function 'assert'
	/usr/share/nvim/runtime/lua/vim/treesitter.lua:460: in function 'start'
	...onfig/nvim/lua/config/ui/highlight/treesitter-config.lua:6: in function <...onfig/nvim/lua/config/ui/highlight/treesitter-config.lua:5>
	[C]: in function 'nvim_buf_set_option'
	.../core/opt/nvim-notify/lua/notify/service/buffer/init.lua:103: in function 'render'
	...te/pack/core/opt/nvim-notify/lua/notify/service/init.lua:53: in function 'push'
	...m/site/pack/core/opt/nvim-notify/lua/notify/instance.lua:132: in function <...m/site/pack/core/opt/nvim-notify/lua/notify/instance.lua:77>
	...ck/core/opt/noice.nvim/lua/noice/view/backend/notify.lua:168: in function '_notify'
	...ck/core/opt/noice.nvim/lua/noice/view/backend/notify.lua:198: in function 'show'
	...im/site/pack/core/opt/noice.nvim/lua/noice/view/init.lua:163: in function <...im/site/pack/core/opt/noice.nvim/lua/noice/view/init.lua:161>
	[C]: in function 'xpcall'
	...
	...te/pack/core/opt/noice.nvim/lua/noice/message/router.lua:214: in function <...te/pack/core/opt/noice.nvim/lua/noice/message/router.lua:147>
	[C]: in function 'xpcall'
	...im/site/pack/core/opt/noice.nvim/lua/noice/util/call.lua:149: in function 'try'
	...nvim/site/pack/core/opt/noice.nvim/lua/noice/ui/init.lua:88: in function 'ui_attach_cb'
	...nvim/site/pack/core/opt/noice.nvim/lua/noice/ui/init.lua:27: in function 'process_queue'
	...nvim/site/pack/core/opt/noice.nvim/lua/noice/ui/init.lua:138: in function <...nvim/site/pack/core/opt/noice.nvim/lua/noice/ui/init.lua:118>
	[C]: in function 'nvim_echo'
	.../nvim/site/pack/core/opt/blink.lib/lua/blink/lib/log.lua:187: in function <.../nvim/site/pack/core/opt/blink.lib/lua/blink/lib/log.lua:187>
	[C]: in function 'pcall'
	.../nvim/site/pack/core/opt/blink.lib/lua/blink/lib/log.lua:301: in function <.../nvim/site/pack/core/opt/blink.lib/lua/blink/lib/log.lua:299>
Lua callback: /usr/share/nvim/runtime/lua/vim/treesitter.lua:460: Parser could not be created for buffer 4237 and language "notify"
stack traceback:
	[C]: in function 'assert'
	/usr/share/nvim/runtime/lua/vim/treesitter.lua:460: in function 'start'
	...onfig/nvim/lua/config/ui/highlight/treesitter-config.lua:6: in function <...onfig/nvim/lua/config/ui/highlight/treesitter-config.lua:5>
	[C]: in function 'nvim_buf_set_option'
	.../core/opt/nvim-notify/lua/notify/service/buffer/init.lua:103: in function 'render'
	...te/pack/core/opt/nvim-notify/lua/notify/service/init.lua:53: in function 'push'
	...m/site/pack/core/opt/nvim-notify/lua/notify/instance.lua:132: in function <...m/site/pack/core/opt/nvim-notify/lua/notify/instance.lua:77>
	...ck/core/opt/noice.nvim/lua/noice/view/backend/notify.lua:168: in function '_notify'
	...ck/core/opt/noice.nvim/lua/noice/view/backend/notify.lua:198: in function 'show'
	...im/site/pack/core/opt/noice.nvim/lua/noice/view/init.lua:163: in function <...im/site/pack/core/opt/noice.nvim/lua/noice/view/init.lua:161>
	[C]: in function 'xpcall'
	...
	...te/pack/core/opt/noice.nvim/lua/noice/message/router.lua:214: in function <...te/pack/core/opt/noice.nvim/lua/noice/message/router.lua:147>
	[C]: in function 'xpcall'
	...im/site/pack/core/opt/noice.nvim/lua/noice/util/call.lua:149: in function 'try'
	...nvim/site/pack/core/opt/noice.nvim/lua/noice/ui/init.lua:88: in function 'ui_attach_cb'
	...nvim/site/pack/core/opt/noice.nvim/lua/noice/ui/init.lua:27: in function 'process_queue'
	...nvim/site/pack/core/opt/noice.nvim/lua/noice/ui/init.lua:138: in function <...nvim/site/pack/core/opt/noice.nvim/lua/noice/ui/init.lua:118>
	[C]: in function 'nvim_echo'
	.../nvim/site/pack/core/opt/blink.lib/lua/blink/lib/log.lua:187: in function <.../nvim/site/pack/core/opt/blink.lib/lua/blink/lib/log.lua:187>
	[C]: in function 'pcall'
	.../nvim/site/pack/core/opt/blink.lib/lua/blink/lib/log.lua:301: in function <.../nvim/site/pack/core/opt/blink.lib/lua/blink/lib/log.lua:299>
Lua callback: /usr/share/nvim/runtime/lua/vim/treesitter.lua:460: Parser could not be created for buffer 4238 and language "notify"
stack traceback:
	[C]: in function 'assert'
	/usr/share/nvim/runtime/lua/vim/treesitter.lua:460: in function 'start'
	...onfig/nvim/lua/config/ui/highlight/treesitter-config.lua:6: in function <...onfig/nvim/lua/config/ui/highlight/treesitter-config.lua:5>
	[C]: in function 'nvim_buf_set_option'
	.../core/opt/nvim-notify/lua/notify/service/buffer/init.lua:103: in function 'render'
	...te/pack/core/opt/nvim-notify/lua/notify/service/init.lua:53: in function 'push'
	...m/site/pack/core/opt/nvim-notify/lua/notify/instance.lua:132: in function <...m/site/pack/core/opt/nvim-notify/lua/notify/instance.lua:77>
	...ck/core/opt/noice.nvim/lua/noice/view/backend/notify.lua:168: in function '_notify'
	...ck/core/opt/noice.nvim/lua/noice/view/backend/notify.lua:198: in function 'show'
	...im/site/pack/core/opt/noice.nvim/lua/noice/view/init.lua:163: in function <...im/site/pack/core/opt/noice.nvim/lua/noice/view/init.lua:161>
	[C]: in function 'xpcall'
	...
	...te/pack/core/opt/noice.nvim/lua/noice/message/router.lua:214: in function <...te/pack/core/opt/noice.nvim/lua/noice/message/router.lua:147>
	[C]: in function 'xpcall'
	...im/site/pack/core/opt/noice.nvim/lua/noice/util/call.lua:149: in function 'try'
	...nvim/site/pack/core/opt/noice.nvim/lua/noice/ui/init.lua:88: in function 'ui_attach_cb'
	...nvim/site/pack/core/opt/noice.nvim/lua/noice/ui/init.lua:27: in function 'process_queue'
	...nvim/site/pack/core/opt/noice.nvim/lua/noice/ui/init.lua:138: in function <...nvim/site/pack/core/opt/noice.nvim/lua/noice/ui/init.lua:118>
	[C]: in function 'nvim_echo'
	.../nvim/site/pack/core/opt/blink.lib/lua/blink/lib/log.lua:187: in function <.../nvim/site/pack/core/opt/blink.lib/lua/blink/lib/log.lua:187>
	[C]: in function 'pcall'
	.../nvim/site/pack/core/opt/blink.lib/lua/blink/lib/log.lua:301: in function <.../nvim/site/pack/core/opt/blink.lib/lua/blink/lib/log.lua:299>
Lua callback: /usr/share/nvim/runtime/lua/vim/treesitter.lua:460: Parser could not be created for buffer 4239 and language "notify"
stack traceback:
	[C]: in function 'assert'
	/usr/share/nvim/runtime/lua/vim/treesitter.lua:460: in function 'start'
	...onfig/nvim/lua/config/ui/highlight/treesitter-config.lua:6: in function <...onfig/nvim/lua/config/ui/highlight/treesitter-config.lua:5>
	[C]: in function 'nvim_buf_set_option'
	.../core/opt/nvim-notify/lua/notify/service/buffer/init.lua:103: in function 'render'
	...te/pack/core/opt/nvim-notify/lua/notify/service/init.lua:53: in function 'push'
	...m/site/pack/core/opt/nvim-notify/lua/notify/instance.lua:132: in function <...m/site/pack/core/opt/nvim-notify/lua/notify/instance.lua:77>
	...ck/core/opt/noice.nvim/lua/noice/view/backend/notify.lua:168: in function '_notify'
	...ck/core/opt/noice.nvim/lua/noice/view/backend/notify.lua:198: in function 'show'
	...im/site/pack/core/opt/noice.nvim/lua/noice/view/init.lua:163: in function <...im/site/pack/core/opt/noice.nvim/lua/noice/view/init.lua:161>
	[C]: in function 'xpcall'
	...
	...te/pack/core/opt/noice.nvim/lua/noice/message/router.lua:214: in function <...te/pack/core/opt/noice.nvim/lua/noice/message/router.lua:147>
	[C]: in function 'xpcall'
	...im/site/pack/core/opt/noice.nvim/lua/noice/util/call.lua:149: in function 'try'
	...nvim/site/pack/core/opt/noice.nvim/lua/noice/ui/init.lua:88: in function 'ui_attach_cb'
	...nvim/site/pack/core/opt/noice.nvim/lua/noice/ui/init.lua:27: in function 'process_queue'
	...nvim/site/pack/core/opt/noice.nvim/lua/noice/ui/init.lua:138: in function <...nvim/site/pack/core/opt/noice.nvim/lua/noice/ui/init.lua:118>
	[C]: in function 'nvim_echo'
	.../nvim/site/pack/core/opt/blink.lib/lua/blink/lib/log.lua:187: in function <.../nvim/site/pack/core/opt/blink.lib/lua/blink/lib/log.lua:187>
	[C]: in function 'pcall'
	.../nvim/site/pack/core/opt/blink.lib/lua/blink/lib/log.lua:301: in function <.../nvim/site/pack/core/opt/blink.lib/lua/blink/lib/log.lua:299>
Lua callback: /usr/share/nvim/runtime/lua/vim/treesitter.lua:460: Parser could not be created for buffer 4240 and language "notify"
stack traceback:
	[C]: in function 'assert'
	/usr/share/nvim/runtime/lua/vim/treesitter.lua:460: in function 'start'
	...onfig/nvim/lua/config/ui/highlight/treesitter-config.lua:6: in function <...onfig/nvim/lua/config/ui/highlight/treesitter-config.lua:5>
	[C]: in function 'nvim_buf_set_option'
	.../core/opt/nvim-notify/lua/notify/service/buffer/init.lua:103: in function 'render'
	...te/pack/core/opt/nvim-notify/lua/notify/service/init.lua:53: in function 'push'
	...m/site/pack/core/opt/nvim-notify/lua/notify/instance.lua:132: in function <...m/site/pack/core/opt/nvim-notify/lua/notify/instance.lua:77>
	...ck/core/opt/noice.nvim/lua/noice/view/backend/notify.lua:168: in function '_notify'
	...ck/core/opt/noice.nvim/lua/noice/view/backend/notify.lua:198: in function 'show'
	...im/site/pack/core/opt/noice.nvim/lua/noice/view/init.lua:163: in function <...im/site/pack/core/opt/noice.nvim/lua/noice/view/init.lua:161>
	[C]: in function 'xpcall'
	...
	...te/pack/core/opt/noice.nvim/lua/noice/message/router.lua:214: in function <...te/pack/core/opt/noice.nvim/lua/noice/message/router.lua:147>
	[C]: in function 'xpcall'
	...im/site/pack/core/opt/noice.nvim/lua/noice/util/call.lua:149: in function 'try'
	...nvim/site/pack/core/opt/noice.nvim/lua/noice/ui/init.lua:88: in function 'ui_attach_cb'
	...nvim/site/pack/core/opt/noice.nvim/lua/noice/ui/init.lua:27: in function 'process_queue'
	...nvim/site/pack/core/opt/noice.nvim/lua/noice/ui/init.lua:138: in function <...nvim/site/pack/core/opt/noice.nvim/lua/noice/ui/init.lua:118>
	[C]: in function 'nvim_echo'
	.../nvim/site/pack/core/opt/blink.lib/lua/blink/lib/log.lua:187: in function <.../nvim/site/pack/core/opt/blink.lib/lua/blink/lib/log.lua:187>
	[C]: in function 'pcall'
	.../nvim/site/pack/core/opt/blink.lib/lua/blink/lib/log.lua:301: in function <.../nvim/site/pack/core/opt/blink.lib/lua/blink/lib/log.lua:299>
Lua callback: /usr/share/nvim/runtime/lua/vim/treesitter.lua:460: Parser could not be created for buffer 4241 and language "notify"
stack traceback:
	[C]: in function 'assert'
	/usr/share/nvim/runtime/lua/vim/treesitter.lua:460: in function 'start'
	...onfig/nvim/lua/config/ui/highlight/treesitter-config.lua:6: in function <...onfig/nvim/lua/config/ui/highlight/treesitter-config.lua:5>
	[C]: in function 'nvim_buf_set_option'
	.../core/opt/nvim-notify/lua/notify/service/buffer/init.lua:103: in function 'render'
	...te/pack/core/opt/nvim-notify/lua/notify/service/init.lua:53: in function 'push'
	...m/site/pack/core/opt/nvim-notify/lua/notify/instance.lua:132: in function <...m/site/pack/core/opt/nvim-notify/lua/notify/instance.lua:77>
	...ck/core/opt/noice.nvim/lua/noice/view/backend/notify.lua:168: in function '_notify'
	...ck/core/opt/noice.nvim/lua/noice/view/backend/notify.lua:198: in function 'show'
	...im/site/pack/core/opt/noice.nvim/lua/noice/view/init.lua:163: in function <...im/site/pack/core/opt/noice.nvim/lua/noice/view/init.lua:161>
	[C]: in function 'xpcall'
	...
	...te/pack/core/opt/noice.nvim/lua/noice/message/router.lua:214: in function <...te/pack/core/opt/noice.nvim/lua/noice/message/router.lua:147>
	[C]: in function 'xpcall'
	...im/site/pack/core/opt/noice.nvim/lua/noice/util/call.lua:149: in function 'try'
	...nvim/site/pack/core/opt/noice.nvim/lua/noice/ui/init.lua:88: in function 'ui_attach_cb'
	...nvim/site/pack/core/opt/noice.nvim/lua/noice/ui/init.lua:27: in function 'process_queue'
	...nvim/site/pack/core/opt/noice.nvim/lua/noice/ui/init.lua:138: in function <...nvim/site/pack/core/opt/noice.nvim/lua/noice/ui/init.lua:118>
	[C]: in function 'nvim_echo'
	.../nvim/site/pack/core/opt/blink.lib/lua/blink/lib/log.lua:187: in function <.../nvim/site/pack/core/opt/blink.lib/lua/blink/lib/log.lua:187>
	[C]: in function 'pcall'
	.../nvim/site/pack/core/opt/blink.lib/lua/blink/lib/log.lua:301: in function <.../nvim/site/pack/core/opt/blink.lib/lua/blink/lib/log.lua:299>
Lua callback: /usr/share/nvim/runtime/lua/vim/treesitter.lua:460: Parser could not be created for buffer 4242 and language "notify"
stack traceback:
	[C]: in function 'assert'
	/usr/share/nvim/runtime/lua/vim/treesitter.lua:460: in function 'start'
	...onfig/nvim/lua/config/ui/highlight/treesitter-config.lua:6: in function <...onfig/nvim/lua/config/ui/highlight/treesitter-config.lua:5>
	[C]: in function 'nvim_buf_set_option'
	.../core/opt/nvim-notify/lua/notify/service/buffer/init.lua:103: in function 'render'
	...te/pack/core/opt/nvim-notify/lua/notify/service/init.lua:53: in function 'push'
	...m/site/pack/core/opt/nvim-notify/lua/notify/instance.lua:132: in function <...m/site/pack/core/opt/nvim-notify/lua/notify/instance.lua:77>
	...ck/core/opt/noice.nvim/lua/noice/view/backend/notify.lua:168: in function '_notify'
	...ck/core/opt/noice.nvim/lua/noice/view/backend/notify.lua:198: in function 'show'
	...im/site/pack/core/opt/noice.nvim/lua/noice/view/init.lua:163: in function <...im/site/pack/core/opt/noice.nvim/lua/noice/view/init.lua:161>
	[C]: in function 'xpcall'
	...
	...te/pack/core/opt/noice.nvim/lua/noice/message/router.lua:214: in function <...te/pack/core/opt/noice.nvim/lua/noice/message/router.lua:147>
	[C]: in function 'xpcall'
	...im/site/pack/core/opt/noice.nvim/lua/noice/util/call.lua:149: in function 'try'
	...nvim/site/pack/core/opt/noice.nvim/lua/noice/ui/init.lua:88: in function 'ui_attach_cb'
	...nvim/site/pack/core/opt/noice.nvim/lua/noice/ui/init.lua:27: in function 'process_queue'
	...nvim/site/pack/core/opt/noice.nvim/lua/noice/ui/init.lua:138: in function <...nvim/site/pack/core/opt/noice.nvim/lua/noice/ui/init.lua:118>
	[C]: in function 'nvim_echo'
	.../nvim/site/pack/core/opt/blink.lib/lua/blink/lib/log.lua:187: in function <.../nvim/site/pack/core/opt/blink.lib/lua/blink/lib/log.lua:187>
	[C]: in function 'pcall'
	.../nvim/site/pack/core/opt/blink.lib/lua/blink/lib/log.lua:301: in function <.../nvim/site/pack/core/opt/blink.lib/lua/blink/lib/log.lua:299>
Lua callback: /usr/share/nvim/runtime/lua/vim/treesitter.lua:460: Parser could not be created for buffer 4243 and language "notify"
stack traceback:
	[C]: in function 'assert'
	/usr/share/nvim/runtime/lua/vim/treesitter.lua:460: in function 'start'
	...onfig/nvim/lua/config/ui/highlight/treesitter-config.lua:6: in function <...onfig/nvim/lua/config/ui/highlight/treesitter-config.lua:5>
	[C]: in function 'nvim_buf_set_option'
	.../core/opt/nvim-notify/lua/notify/service/buffer/init.lua:103: in function 'render'
	...te/pack/core/opt/nvim-notify/lua/notify/service/init.lua:53: in function 'push'
	...m/site/pack/core/opt/nvim-notify/lua/notify/instance.lua:132: in function <...m/site/pack/core/opt/nvim-notify/lua/notify/instance.lua:77>
	...ck/core/opt/noice.nvim/lua/noice/view/backend/notify.lua:168: in function '_notify'
	...ck/core/opt/noice.nvim/lua/noice/view/backend/notify.lua:198: in function 'show'
	...im/site/pack/core/opt/noice.nvim/lua/noice/view/init.lua:163: in function <...im/site/pack/core/opt/noice.nvim/lua/noice/view/init.lua:161>
	[C]: in function 'xpcall'
	...
	...te/pack/core/opt/noice.nvim/lua/noice/message/router.lua:214: in function <...te/pack/core/opt/noice.nvim/lua/noice/message/router.lua:147>
	[C]: in function 'xpcall'
	...im/site/pack/core/opt/noice.nvim/lua/noice/util/call.lua:149: in function 'try'
	...nvim/site/pack/core/opt/noice.nvim/lua/noice/ui/init.lua:88: in function 'ui_attach_cb'
	...nvim/site/pack/core/opt/noice.nvim/lua/noice/ui/init.lua:27: in function 'process_queue'
	...nvim/site/pack/core/opt/noice.nvim/lua/noice/ui/init.lua:138: in function <...nvim/site/pack/core/opt/noice.nvim/lua/noice/ui/init.lua:118>
	[C]: in function 'nvim_echo'
	.../nvim/site/pack/core/opt/blink.lib/lua/blink/lib/log.lua:187: in function <.../nvim/site/pack/core/opt/blink.lib/lua/blink/lib/log.lua:187>
	[C]: in function 'pcall'
	.../nvim/site/pack/core/opt/blink.lib/lua/blink/lib/log.lua:301: in function <.../nvim/site/pack/core/opt/blink.lib/lua/blink/lib/log.lua:299>
Lua callback: /usr/share/nvim/runtime/lua/vim/treesitter.lua:460: Parser could not be created for buffer 4244 and language "notify"
stack traceback:
	[C]: in function 'assert'
	/usr/share/nvim/runtime/lua/vim/treesitter.lua:460: in function 'start'
	...onfig/nvim/lua/config/ui/highlight/treesitter-config.lua:6: in function <...onfig/nvim/lua/config/ui/highlight/treesitter-config.lua:5>
	[C]: in function 'nvim_buf_set_option'
	.../core/opt/nvim-notify/lua/notify/service/buffer/init.lua:103: in function 'render'
	...te/pack/core/opt/nvim-notify/lua/notify/service/init.lua:53: in function 'push'
	...m/site/pack/core/opt/nvim-notify/lua/notify/instance.lua:132: in function <...m/site/pack/core/opt/nvim-notify/lua/notify/instance.lua:77>
	...ck/core/opt/noice.nvim/lua/noice/view/backend/notify.lua:168: in function '_notify'
	...ck/core/opt/noice.nvim/lua/noice/view/backend/notify.lua:198: in function 'show'
	...im/site/pack/core/opt/noice.nvim/lua/noice/view/init.lua:163: in function <...im/site/pack/core/opt/noice.nvim/lua/noice/view/init.lua:161>
	[C]: in function 'xpcall'
	...
	...te/pack/core/opt/noice.nvim/lua/noice/message/router.lua:214: in function <...te/pack/core/opt/noice.nvim/lua/noice/message/router.lua:147>
	[C]: in function 'xpcall'
	...im/site/pack/core/opt/noice.nvim/lua/noice/util/call.lua:149: in function 'try'
	...nvim/site/pack/core/opt/noice.nvim/lua/noice/ui/init.lua:88: in function 'ui_attach_cb'
	...nvim/site/pack/core/opt/noice.nvim/lua/noice/ui/init.lua:27: in function 'process_queue'
	...nvim/site/pack/core/opt/noice.nvim/lua/noice/ui/init.lua:138: in function <...nvim/site/pack/core/opt/noice.nvim/lua/noice/ui/init.lua:118>
	[C]: in function 'nvim_echo'
	.../nvim/site/pack/core/opt/blink.lib/lua/blink/lib/log.lua:187: in function <.../nvim/site/pack/core/opt/blink.lib/lua/blink/lib/log.lua:187>
	[C]: in function 'pcall'
	.../nvim/site/pack/core/opt/blink.lib/lua/blink/lib/log.lua:301: in function <.../nvim/site/pack/core/opt/blink.lib/lua/blink/lib/log.lua:299>
Lua callback: /usr/share/nvim/runtime/lua/vim/treesitter.lua:460: Parser could not be created for buffer 4245 and language "notify"
stack traceback:
	[C]: in function 'assert'
	/usr/share/nvim/runtime/lua/vim/treesitter.lua:460: in function 'start'
	...onfig/nvim/lua/config/ui/highlight/treesitter-config.lua:6: in function <...onfig/nvim/lua/config/ui/highlight/treesitter-config.lua:5>
	[C]: in function 'nvim_buf_set_option'
	.../core/opt/nvim-notify/lua/notify/service/buffer/init.lua:103: in function 'render'
	...te/pack/core/opt/nvim-notify/lua/notify/service/init.lua:53: in function 'push'
	...m/site/pack/core/opt/nvim-notify/lua/notify/instance.lua:132: in function <...m/site/pack/core/opt/nvim-notify/lua/notify/instance.lua:77>
	...ck/core/opt/noice.nvim/lua/noice/view/backend/notify.lua:168: in function '_notify'
	...ck/core/opt/noice.nvim/lua/noice/view/backend/notify.lua:198: in function 'show'
	...im/site/pack/core/opt/noice.nvim/lua/noice/view/init.lua:163: in function <...im/site/pack/core/opt/noice.nvim/lua/noice/view/init.lua:161>
	[C]: in function 'xpcall'
	...
	...te/pack/core/opt/noice.nvim/lua/noice/message/router.lua:214: in function <...te/pack/core/opt/noice.nvim/lua/noice/message/router.lua:147>
	[C]: in function 'xpcall'
	...im/site/pack/core/opt/noice.nvim/lua/noice/util/call.lua:149: in function 'try'
	...nvim/site/pack/core/opt/noice.nvim/lua/noice/ui/init.lua:88: in function 'ui_attach_cb'
	...nvim/site/pack/core/opt/noice.nvim/lua/noice/ui/init.lua:27: in function 'process_queue'
	...nvim/site/pack/core/opt/noice.nvim/lua/noice/ui/init.lua:138: in function <...nvim/site/pack/core/opt/noice.nvim/lua/noice/ui/init.lua:118>
	[C]: in function 'nvim_echo'
	.../nvim/site/pack/core/opt/blink.lib/lua/blink/lib/log.lua:187: in function <.../nvim/site/pack/core/opt/blink.lib/lua/blink/lib/log.lua:187>
	[C]: in function 'pcall'
	.../nvim/site/pack/core/opt/blink.lib/lua/blink/lib/log.lua:301: in function <.../nvim/site/pack/core/opt/blink.lib/lua/blink/lib/log.lua:299>
Lua callback: /usr/share/nvim/runtime/lua/vim/treesitter.lua:460: Parser could not be created for buffer 4246 and language "notify"
stack traceback:
	[C]: in function 'assert'
	/usr/share/nvim/runtime/lua/vim/treesitter.lua:460: in function 'start'
	...onfig/nvim/lua/config/ui/highlight/treesitter-config.lua:6: in function <...onfig/nvim/lua/config/ui/highlight/treesitter-config.lua:5>
	[C]: in function 'nvim_buf_set_option'
	.../core/opt/nvim-notify/lua/notify/service/buffer/init.lua:103: in function 'render'
	...te/pack/core/opt/nvim-notify/lua/notify/service/init.lua:53: in function 'push'
	...m/site/pack/core/opt/nvim-notify/lua/notify/instance.lua:132: in function <...m/site/pack/core/opt/nvim-notify/lua/notify/instance.lua:77>
	...ck/core/opt/noice.nvim/lua/noice/view/backend/notify.lua:168: in function '_notify'
	...ck/core/opt/noice.nvim/lua/noice/view/backend/notify.lua:198: in function 'show'
	...im/site/pack/core/opt/noice.nvim/lua/noice/view/init.lua:163: in function <...im/site/pack/core/opt/noice.nvim/lua/noice/view/init.lua:161>
	[C]: in function 'xpcall'
	...
	...te/pack/core/opt/noice.nvim/lua/noice/message/router.lua:214: in function <...te/pack/core/opt/noice.nvim/lua/noice/message/router.lua:147>
	[C]: in function 'xpcall'
	...im/site/pack/core/opt/noice.nvim/lua/noice/util/call.lua:149: in function 'try'
	...nvim/site/pack/core/opt/noice.nvim/lua/noice/ui/init.lua:88: in function 'ui_attach_cb'
	...nvim/site/pack/core/opt/noice.nvim/lua/noice/ui/init.lua:27: in function 'process_queue'
	...nvim/site/pack/core/opt/noice.nvim/lua/noice/ui/init.lua:138: in function <...nvim/site/pack/core/opt/noice.nvim/lua/noice/ui/init.lua:118>
	[C]: in function 'nvim_echo'
	.../nvim/site/pack/core/opt/blink.lib/lua/blink/lib/log.lua:187: in function <.../nvim/site/pack/core/opt/blink.lib/lua/blink/lib/log.lua:187>
	[C]: in function 'pcall'
	.../nvim/site/pack/core/opt/blink.lib/lua/blink/lib/log.lua:301: in function <.../nvim/site/pack/core/opt/blink.lib/lua/blink/lib/log.lua:299>
Lua callback: /usr/share/nvim/runtime/lua/vim/treesitter.lua:460: Parser could not be created for buffer 4247 and language "notify"
stack traceback:
	[C]: in function 'assert'
	/usr/share/nvim/runtime/lua/vim/treesitter.lua:460: in function 'start'
	...onfig/nvim/lua/config/ui/highlight/treesitter-config.lua:6: in function <...onfig/nvim/lua/config/ui/highlight/treesitter-config.lua:5>
	[C]: in function 'nvim_buf_set_option'
	.../core/opt/nvim-notify/lua/notify/service/buffer/init.lua:103: in function 'render'
	...te/pack/core/opt/nvim-notify/lua/notify/service/init.lua:53: in function 'push'
	...m/site/pack/core/opt/nvim-notify/lua/notify/instance.lua:132: in function <...m/site/pack/core/opt/nvim-notify/lua/notify/instance.lua:77>
	...ck/core/opt/noice.nvim/lua/noice/view/backend/notify.lua:168: in function '_notify'
	...ck/core/opt/noice.nvim/lua/noice/view/backend/notify.lua:198: in function 'show'
	...im/site/pack/core/opt/noice.nvim/lua/noice/view/init.lua:163: in function <...im/site/pack/core/opt/noice.nvim/lua/noice/view/init.lua:161>
	[C]: in function 'xpcall'
	...
	...te/pack/core/opt/noice.nvim/lua/noice/message/router.lua:214: in function <...te/pack/core/opt/noice.nvim/lua/noice/message/router.lua:147>
	[C]: in function 'xpcall'
	...im/site/pack/core/opt/noice.nvim/lua/noice/util/call.lua:149: in function 'try'
	...nvim/site/pack/core/opt/noice.nvim/lua/noice/ui/init.lua:88: in function 'ui_attach_cb'
	...nvim/site/pack/core/opt/noice.nvim/lua/noice/ui/init.lua:27: in function 'process_queue'
	...nvim/site/pack/core/opt/noice.nvim/lua/noice/ui/init.lua:138: in function <...nvim/site/pack/core/opt/noice.nvim/lua/noice/ui/init.lua:118>
	[C]: in function 'nvim_echo'
	.../nvim/site/pack/core/opt/blink.lib/lua/blink/lib/log.lua:187: in function <.../nvim/site/pack/core/opt/blink.lib/lua/blink/lib/log.lua:187>
	[C]: in function 'pcall'
	.../nvim/site/pack/core/opt/blink.lib/lua/blink/lib/log.lua:301: in function <.../nvim/site/pack/core/opt/blink.lib/lua/blink/lib/log.lua:299>
Lua callback: /usr/share/nvim/runtime/lua/vim/treesitter.lua:460: Parser could not be created for buffer 4248 and language "notify"
stack traceback:
	[C]: in function 'assert'
	/usr/share/nvim/runtime/lua/vim/treesitter.lua:460: in function 'start'
	...onfig/nvim/lua/config/ui/highlight/treesitter-config.lua:6: in function <...onfig/nvim/lua/config/ui/highlight/treesitter-config.lua:5>
	[C]: in function 'nvim_buf_set_option'
	.../core/opt/nvim-notify/lua/notify/service/buffer/init.lua:103: in function 'render'
	...te/pack/core/opt/nvim-notify/lua/notify/service/init.lua:53: in function 'push'
	...m/site/pack/core/opt/nvim-notify/lua/notify/instance.lua:132: in function <...m/site/pack/core/opt/nvim-notify/lua/notify/instance.lua:77>
	...ck/core/opt/noice.nvim/lua/noice/view/backend/notify.lua:168: in function '_notify'
	...ck/core/opt/noice.nvim/lua/noice/view/backend/notify.lua:198: in function 'show'
	...im/site/pack/core/opt/noice.nvim/lua/noice/view/init.lua:163: in function <...im/site/pack/core/opt/noice.nvim/lua/noice/view/init.lua:161>
	[C]: in function 'xpcall'
	...
	...te/pack/core/opt/noice.nvim/lua/noice/message/router.lua:214: in function <...te/pack/core/opt/noice.nvim/lua/noice/message/router.lua:147>
	[C]: in function 'xpcall'
	...im/site/pack/core/opt/noice.nvim/lua/noice/util/call.lua:149: in function 'try'
	...nvim/site/pack/core/opt/noice.nvim/lua/noice/ui/init.lua:88: in function 'ui_attach_cb'
	...nvim/site/pack/core/opt/noice.nvim/lua/noice/ui/init.lua:27: in function 'process_queue'
	...nvim/site/pack/core/opt/noice.nvim/lua/noice/ui/init.lua:138: in function <...nvim/site/pack/core/opt/noice.nvim/lua/noice/ui/init.lua:118>
	[C]: in function 'nvim_echo'
	.../nvim/site/pack/core/opt/blink.lib/lua/blink/lib/log.lua:187: in function <.../nvim/site/pack/core/opt/blink.lib/lua/blink/lib/log.lua:187>
	[C]: in function 'pcall'
	.../nvim/site/pack/core/opt/blink.lib/lua/blink/lib/log.lua:301: in function <.../nvim/site/pack/core/opt/blink.lib/lua/blink/lib/log.lua:299>
Lua callback: /usr/share/nvim/runtime/lua/vim/treesitter.lua:460: Parser could not be created for buffer 4249 and language "notify"
stack traceback:
	[C]: in function 'assert'
	/usr/share/nvim/runtime/lua/vim/treesitter.lua:460: in function 'start'
	...onfig/nvim/lua/config/ui/highlight/treesitter-config.lua:6: in function <...onfig/nvim/lua/config/ui/highlight/treesitter-config.lua:5>
	[C]: in function 'nvim_buf_set_option'
	.../core/opt/nvim-notify/lua/notify/service/buffer/init.lua:103: in function 'render'
	...te/pack/core/opt/nvim-notify/lua/notify/service/init.lua:53: in function 'push'
	...m/site/pack/core/opt/nvim-notify/lua/notify/instance.lua:132: in function <...m/site/pack/core/opt/nvim-notify/lua/notify/instance.lua:77>
	...ck/core/opt/noice.nvim/lua/noice/view/backend/notify.lua:168: in function '_notify'
	...ck/core/opt/noice.nvim/lua/noice/view/backend/notify.lua:198: in function 'show'
	...im/site/pack/core/opt/noice.nvim/lua/noice/view/init.lua:163: in function <...im/site/pack/core/opt/noice.nvim/lua/noice/view/init.lua:161>
	[C]: in function 'xpcall'
	...
	...te/pack/core/opt/noice.nvim/lua/noice/message/router.lua:214: in function <...te/pack/core/opt/noice.nvim/lua/noice/message/router.lua:147>
	[C]: in function 'xpcall'
	...im/site/pack/core/opt/noice.nvim/lua/noice/util/call.lua:149: in function 'try'
	...nvim/site/pack/core/opt/noice.nvim/lua/noice/ui/init.lua:88: in function 'ui_attach_cb'
	...nvim/site/pack/core/opt/noice.nvim/lua/noice/ui/init.lua:27: in function 'process_queue'
	...nvim/site/pack/core/opt/noice.nvim/lua/noice/ui/init.lua:138: in function <...nvim/site/pack/core/opt/noice.nvim/lua/noice/ui/init.lua:118>
	[C]: in function 'nvim_echo'
	.../nvim/site/pack/core/opt/blink.lib/lua/blink/lib/log.lua:187: in function <.../nvim/site/pack/core/opt/blink.lib/lua/blink/lib/log.lua:187>
	[C]: in function 'pcall'
	.../nvim/site/pack/core/opt/blink.lib/lua/blink/lib/log.lua:301: in function <.../nvim/site/pack/core/opt/blink.lib/lua/blink/lib/log.lua:299>
Lua callback: /usr/share/nvim/runtime/lua/vim/treesitter.lua:460: Parser could not be created for buffer 4250 and language "notify"
stack traceback:
	[C]: in function 'assert'
	/usr/share/nvim/runtime/lua/vim/treesitter.lua:460: in function 'start'
	...onfig/nvim/lua/config/ui/highlight/treesitter-config.lua:6: in function <...onfig/nvim/lua/config/ui/highlight/treesitter-config.lua:5>
	[C]: in function 'nvim_buf_set_option'
	.../core/opt/nvim-notify/lua/notify/service/buffer/init.lua:103: in function 'render'
	...te/pack/core/opt/nvim-notify/lua/notify/service/init.lua:53: in function 'push'
	...m/site/pack/core/opt/nvim-notify/lua/notify/instance.lua:132: in function <...m/site/pack/core/opt/nvim-notify/lua/notify/instance.lua:77>
	...ck/core/opt/noice.nvim/lua/noice/view/backend/notify.lua:168: in function '_notify'
	...ck/core/opt/noice.nvim/lua/noice/view/backend/notify.lua:198: in function 'show'
	...im/site/pack/core/opt/noice.nvim/lua/noice/view/init.lua:163: in function <...im/site/pack/core/opt/noice.nvim/lua/noice/view/init.lua:161>
	[C]: in function 'xpcall'
	...
	...te/pack/core/opt/noice.nvim/lua/noice/message/router.lua:214: in function <...te/pack/core/opt/noice.nvim/lua/noice/message/router.lua:147>
	[C]: in function 'xpcall'
	...im/site/pack/core/opt/noice.nvim/lua/noice/util/call.lua:149: in function 'try'
	...nvim/site/pack/core/opt/noice.nvim/lua/noice/ui/init.lua:88: in function 'ui_attach_cb'
	...nvim/site/pack/core/opt/noice.nvim/lua/noice/ui/init.lua:27: in function 'process_queue'
	...nvim/site/pack/core/opt/noice.nvim/lua/noice/ui/init.lua:138: in function <...nvim/site/pack/core/opt/noice.nvim/lua/noice/ui/init.lua:118>
	[C]: in function 'nvim_echo'
	.../nvim/site/pack/core/opt/blink.lib/lua/blink/lib/log.lua:187: in function <.../nvim/site/pack/core/opt/blink.lib/lua/blink/lib/log.lua:187>
	[C]: in function 'pcall'
	.../nvim/site/pack/core/opt/blink.lib/lua/blink/lib/log.lua:301: in function <.../nvim/site/pack/core/opt/blink.lib/lua/blink/lib/log.lua:299>
Lua callback: /usr/share/nvim/runtime/lua/vim/treesitter.lua:460: Parser could not be created for buffer 4251 and language "notify"
stack traceback:
	[C]: in function 'assert'
	/usr/share/nvim/runtime/lua/vim/treesitter.lua:460: in function 'start'
	...onfig/nvim/lua/config/ui/highlight/treesitter-config.lua:6: in function <...onfig/nvim/lua/config/ui/highlight/treesitter-config.lua:5>
	[C]: in function 'nvim_buf_set_option'
	.../core/opt/nvim-notify/lua/notify/service/buffer/init.lua:103: in function 'render'
	...te/pack/core/opt/nvim-notify/lua/notify/service/init.lua:53: in function 'push'
	...m/site/pack/core/opt/nvim-notify/lua/notify/instance.lua:132: in function <...m/site/pack/core/opt/nvim-notify/lua/notify/instance.lua:77>
	...ck/core/opt/noice.nvim/lua/noice/view/backend/notify.lua:168: in function '_notify'
	...ck/core/opt/noice.nvim/lua/noice/view/backend/notify.lua:198: in function 'show'
	...im/site/pack/core/opt/noice.nvim/lua/noice/view/init.lua:163: in function <...im/site/pack/core/opt/noice.nvim/lua/noice/view/init.lua:161>
	[C]: in function 'xpcall'
	...
	...te/pack/core/opt/noice.nvim/lua/noice/message/router.lua:214: in function <...te/pack/core/opt/noice.nvim/lua/noice/message/router.lua:147>
	[C]: in function 'xpcall'
	...im/site/pack/core/opt/noice.nvim/lua/noice/util/call.lua:149: in function 'try'
	...nvim/site/pack/core/opt/noice.nvim/lua/noice/ui/init.lua:88: in function 'ui_attach_cb'
	...nvim/site/pack/core/opt/noice.nvim/lua/noice/ui/init.lua:27: in function 'process_queue'
	...nvim/site/pack/core/opt/noice.nvim/lua/noice/ui/init.lua:138: in function <...nvim/site/pack/core/opt/noice.nvim/lua/noice/ui/init.lua:118>
	[C]: in function 'nvim_echo'
	.../nvim/site/pack/core/opt/blink.lib/lua/blink/lib/log.lua:187: in function <.../nvim/site/pack/core/opt/blink.lib/lua/blink/lib/log.lua:187>
	[C]: in function 'pcall'
	.../nvim/site/pack/core/opt/blink.lib/lua/blink/lib/log.lua:301: in function <.../nvim/site/pack/core/opt/blink.lib/lua/blink/lib/log.lua:299>
Lua callback: /usr/share/nvim/runtime/lua/vim/treesitter.lua:460: Parser could not be created for buffer 4252 and language "notify"
stack traceback:
	[C]: in function 'assert'
	/usr/share/nvim/runtime/lua/vim/treesitter.lua:460: in function 'start'
	...onfig/nvim/lua/config/ui/highlight/treesitter-config.lua:6: in function <...onfig/nvim/lua/config/ui/highlight/treesitter-config.lua:5>
	[C]: in function 'nvim_buf_set_option'
	.../core/opt/nvim-notify/lua/notify/service/buffer/init.lua:103: in function 'render'
	...te/pack/core/opt/nvim-notify/lua/notify/service/init.lua:53: in function 'push'
	...m/site/pack/core/opt/nvim-notify/lua/notify/instance.lua:132: in function <...m/site/pack/core/opt/nvim-notify/lua/notify/instance.lua:77>
	...ck/core/opt/noice.nvim/lua/noice/view/backend/notify.lua:168: in function '_notify'
	...ck/core/opt/noice.nvim/lua/noice/view/backend/notify.lua:198: in function 'show'
	...im/site/pack/core/opt/noice.nvim/lua/noice/view/init.lua:163: in function <...im/site/pack/core/opt/noice.nvim/lua/noice/view/init.lua:161>
	[C]: in function 'xpcall'
	...
	...te/pack/core/opt/noice.nvim/lua/noice/message/router.lua:214: in function <...te/pack/core/opt/noice.nvim/lua/noice/message/router.lua:147>
	[C]: in function 'xpcall'
	...im/site/pack/core/opt/noice.nvim/lua/noice/util/call.lua:149: in function 'try'
	...nvim/site/pack/core/opt/noice.nvim/lua/noice/ui/init.lua:88: in function 'ui_attach_cb'
	...nvim/site/pack/core/opt/noice.nvim/lua/noice/ui/init.lua:27: in function 'process_queue'
	...nvim/site/pack/core/opt/noice.nvim/lua/noice/ui/init.lua:138: in function <...nvim/site/pack/core/opt/noice.nvim/lua/noice/ui/init.lua:118>
	[C]: in function 'nvim_echo'
	.../nvim/site/pack/core/opt/blink.lib/lua/blink/lib/log.lua:187: in function <.../nvim/site/pack/core/opt/blink.lib/lua/blink/lib/log.lua:187>
	[C]: in function 'pcall'
	.../nvim/site/pack/core/opt/blink.lib/lua/blink/lib/log.lua:301: in function <.../nvim/site/pack/core/opt/blink.lib/lua/blink/lib/log.lua:299>
Lua callback: /usr/share/nvim/runtime/lua/vim/treesitter.lua:460: Parser could not be created for buffer 4253 and language "notify"
stack traceback:
	[C]: in function 'assert'
	/usr/share/nvim/runtime/lua/vim/treesitter.lua:460: in function 'start'
	...onfig/nvim/lua/config/ui/highlight/treesitter-config.lua:6: in function <...onfig/nvim/lua/config/ui/highlight/treesitter-config.lua:5>
	[C]: in function 'nvim_buf_set_option'
	.../core/opt/nvim-notify/lua/notify/service/buffer/init.lua:103: in function 'render'
	...te/pack/core/opt/nvim-notify/lua/notify/service/init.lua:53: in function 'push'
	...m/site/pack/core/opt/nvim-notify/lua/notify/instance.lua:132: in function <...m/site/pack/core/opt/nvim-notify/lua/notify/instance.lua:77>
	...ck/core/opt/noice.nvim/lua/noice/view/backend/notify.lua:168: in function '_notify'
	...ck/core/opt/noice.nvim/lua/noice/view/backend/notify.lua:198: in function 'show'
	...im/site/pack/core/opt/noice.nvim/lua/noice/view/init.lua:163: in function <...im/site/pack/core/opt/noice.nvim/lua/noice/view/init.lua:161>
	[C]: in function 'xpcall'
	...
	...te/pack/core/opt/noice.nvim/lua/noice/message/router.lua:214: in function <...te/pack/core/opt/noice.nvim/lua/noice/message/router.lua:147>
	[C]: in function 'xpcall'
	...im/site/pack/core/opt/noice.nvim/lua/noice/util/call.lua:149: in function 'try'
	...nvim/site/pack/core/opt/noice.nvim/lua/noice/ui/init.lua:88: in function 'ui_attach_cb'
	...nvim/site/pack/core/opt/noice.nvim/lua/noice/ui/init.lua:27: in function 'process_queue'
	...nvim/site/pack/core/opt/noice.nvim/lua/noice/ui/init.lua:138: in function <...nvim/site/pack/core/opt/noice.nvim/lua/noice/ui/init.lua:118>
	[C]: in function 'nvim_echo'
	.../nvim/site/pack/core/opt/blink.lib/lua/blink/lib/log.lua:187: in function <.../nvim/site/pack/core/opt/blink.lib/lua/blink/lib/log.lua:187>
	[C]: in function 'pcall'
	.../nvim/site/pack/core/opt/blink.lib/lua/blink/lib/log.lua:301: in function <.../nvim/site/pack/core/opt/blink.lib/lua/blink/lib/log.lua:299>
Lua callback: /usr/share/nvim/runtime/lua/vim/treesitter.lua:460: Parser could not be created for buffer 4254 and language "notify"
stack traceback:
	[C]: in function 'assert'
	/usr/share/nvim/runtime/lua/vim/treesitter.lua:460: in function 'start'
	...onfig/nvim/lua/config/ui/highlight/treesitter-config.lua:6: in function <...onfig/nvim/lua/config/ui/highlight/treesitter-config.lua:5>
	[C]: in function 'nvim_buf_set_option'
	.../core/opt/nvim-notify/lua/notify/service/buffer/init.lua:103: in function 'render'
	...te/pack/core/opt/nvim-notify/lua/notify/service/init.lua:53: in function 'push'
	...m/site/pack/core/opt/nvim-notify/lua/notify/instance.lua:132: in function <...m/site/pack/core/opt/nvim-notify/lua/notify/instance.lua:77>
	...ck/core/opt/noice.nvim/lua/noice/view/backend/notify.lua:168: in function '_notify'
	...ck/core/opt/noice.nvim/lua/noice/view/backend/notify.lua:198: in function 'show'
	...im/site/pack/core/opt/noice.nvim/lua/noice/view/init.lua:163: in function <...im/site/pack/core/opt/noice.nvim/lua/noice/view/init.lua:161>
	[C]: in function 'xpcall'
	...
	...te/pack/core/opt/noice.nvim/lua/noice/message/router.lua:214: in function <...te/pack/core/opt/noice.nvim/lua/noice/message/router.lua:147>
	[C]: in function 'xpcall'
	...im/site/pack/core/opt/noice.nvim/lua/noice/util/call.lua:149: in function 'try'
	...nvim/site/pack/core/opt/noice.nvim/lua/noice/ui/init.lua:88: in function 'ui_attach_cb'
	...nvim/site/pack/core/opt/noice.nvim/lua/noice/ui/init.lua:27: in function 'process_queue'
	...nvim/site/pack/core/opt/noice.nvim/lua/noice/ui/init.lua:138: in function <...nvim/site/pack/core/opt/noice.nvim/lua/noice/ui/init.lua:118>
	[C]: in function 'nvim_echo'
	.../nvim/site/pack/core/opt/blink.lib/lua/blink/lib/log.lua:187: in function <.../nvim/site/pack/core/opt/blink.lib/lua/blink/lib/log.lua:187>
	[C]: in function 'pcall'
	.../nvim/site/pack/core/opt/blink.lib/lua/blink/lib/log.lua:301: in function <.../nvim/site/pack/core/opt/blink.lib/lua/blink/lib/log.lua:299>
Lua callback: /usr/share/nvim/runtime/lua/vim/treesitter.lua:460: Parser could not be created for buffer 4255 and language "notify"
stack traceback:
	[C]: in function 'assert'
	/usr/share/nvim/runtime/lua/vim/treesitter.lua:460: in function 'start'
	...onfig/nvim/lua/config/ui/highlight/treesitter-config.lua:6: in function <...onfig/nvim/lua/config/ui/highlight/treesitter-config.lua:5>
	[C]: in function 'nvim_buf_set_option'
	.../core/opt/nvim-notify/lua/notify/service/buffer/init.lua:103: in function 'render'
	...te/pack/core/opt/nvim-notify/lua/notify/service/init.lua:53: in function 'push'
	...m/site/pack/core/opt/nvim-notify/lua/notify/instance.lua:132: in function <...m/site/pack/core/opt/nvim-notify/lua/notify/instance.lua:77>
	...ck/core/opt/noice.nvim/lua/noice/view/backend/notify.lua:168: in function '_notify'
	...ck/core/opt/noice.nvim/lua/noice/view/backend/notify.lua:198: in function 'show'
	...im/site/pack/core/opt/noice.nvim/lua/noice/view/init.lua:163: in function <...im/site/pack/core/opt/noice.nvim/lua/noice/view/init.lua:161>
	[C]: in function 'xpcall'
	...
	...te/pack/core/opt/noice.nvim/lua/noice/message/router.lua:214: in function <...te/pack/core/opt/noice.nvim/lua/noice/message/router.lua:147>
	[C]: in function 'xpcall'
	...im/site/pack/core/opt/noice.nvim/lua/noice/util/call.lua:149: in function 'try'
	...nvim/site/pack/core/opt/noice.nvim/lua/noice/ui/init.lua:88: in function 'ui_attach_cb'
	...nvim/site/pack/core/opt/noice.nvim/lua/noice/ui/init.lua:27: in function 'process_queue'
	...nvim/site/pack/core/opt/noice.nvim/lua/noice/ui/init.lua:138: in function <...nvim/site/pack/core/opt/noice.nvim/lua/noice/ui/init.lua:118>
	[C]: in function 'nvim_echo'
	.../nvim/site/pack/core/opt/blink.lib/lua/blink/lib/log.lua:187: in function <.../nvim/site/pack/core/opt/blink.lib/lua/blink/lib/log.lua:187>
	[C]: in function 'pcall'
	.../nvim/site/pack/core/opt/blink.lib/lua/blink/lib/log.lua:301: in function <.../nvim/site/pack/core/opt/blink.lib/lua/blink/lib/log.lua:299>
Lua callback: /usr/share/nvim/runtime/lua/vim/treesitter.lua:460: Parser could not be created for buffer 4256 and language "notify"
stack traceback:
	[C]: in function 'assert'
	/usr/share/nvim/runtime/lua/vim/treesitter.lua:460: in function 'start'
	...onfig/nvim/lua/config/ui/highlight/treesitter-config.lua:6: in function <...onfig/nvim/lua/config/ui/highlight/treesitter-config.lua:5>
	[C]: in function 'nvim_buf_set_option'
	.../core/opt/nvim-notify/lua/notify/service/buffer/init.lua:103: in function 'render'
	...te/pack/core/opt/nvim-notify/lua/notify/service/init.lua:53: in function 'push'
	...m/site/pack/core/opt/nvim-notify/lua/notify/instance.lua:132: in function <...m/site/pack/core/opt/nvim-notify/lua/notify/instance.lua:77>
	...ck/core/opt/noice.nvim/lua/noice/view/backend/notify.lua:168: in function '_notify'
	...ck/core/opt/noice.nvim/lua/noice/view/backend/notify.lua:198: in function 'show'
	...im/site/pack/core/opt/noice.nvim/lua/noice/view/init.lua:163: in function <...im/site/pack/core/opt/noice.nvim/lua/noice/view/init.lua:161>
	[C]: in function 'xpcall'
	...
	...te/pack/core/opt/noice.nvim/lua/noice/message/router.lua:214: in function <...te/pack/core/opt/noice.nvim/lua/noice/message/router.lua:147>
	[C]: in function 'xpcall'
	...im/site/pack/core/opt/noice.nvim/lua/noice/util/call.lua:149: in function 'try'
	...nvim/site/pack/core/opt/noice.nvim/lua/noice/ui/init.lua:88: in function 'ui_attach_cb'
	...nvim/site/pack/core/opt/noice.nvim/lua/noice/ui/init.lua:27: in function 'process_queue'
	...nvim/site/pack/core/opt/noice.nvim/lua/noice/ui/init.lua:138: in function <...nvim/site/pack/core/opt/noice.nvim/lua/noice/ui/init.lua:118>
	[C]: in function 'nvim_echo'
	.../nvim/site/pack/core/opt/blink.lib/lua/blink/lib/log.lua:187: in function <.../nvim/site/pack/core/opt/blink.lib/lua/blink/lib/log.lua:187>
	[C]: in function 'pcall'
	.../nvim/site/pack/core/opt/blink.lib/lua/blink/lib/log.lua:301: in function <.../nvim/site/pack/core/opt/blink.lib/lua/blink/lib/log.lua:299>
Lua callback: /usr/share/nvim/runtime/lua/vim/treesitter.lua:460: Parser could not be created for buffer 4257 and language "notify"
stack traceback:
	[C]: in function 'assert'
	/usr/share/nvim/runtime/lua/vim/treesitter.lua:460: in function 'start'
	...onfig/nvim/lua/config/ui/highlight/treesitter-config.lua:6: in function <...onfig/nvim/lua/config/ui/highlight/treesitter-config.lua:5>
	[C]: in function 'nvim_buf_set_option'
	.../core/opt/nvim-notify/lua/notify/service/buffer/init.lua:103: in function 'render'
	...te/pack/core/opt/nvim-notify/lua/notify/service/init.lua:53: in function 'push'
	...m/site/pack/core/opt/nvim-notify/lua/notify/instance.lua:132: in function <...m/site/pack/core/opt/nvim-notify/lua/notify/instance.lua:77>
	...ck/core/opt/noice.nvim/lua/noice/view/backend/notify.lua:168: in function '_notify'
	...ck/core/opt/noice.nvim/lua/noice/view/backend/notify.lua:198: in function 'show'
	...im/site/pack/core/opt/noice.nvim/lua/noice/view/init.lua:163: in function <...im/site/pack/core/opt/noice.nvim/lua/noice/view/init.lua:161>
	[C]: in function 'xpcall'
	...
	...te/pack/core/opt/noice.nvim/lua/noice/message/router.lua:214: in function <...te/pack/core/opt/noice.nvim/lua/noice/message/router.lua:147>
	[C]: in function 'xpcall'
	...im/site/pack/core/opt/noice.nvim/lua/noice/util/call.lua:149: in function 'try'
	...nvim/site/pack/core/opt/noice.nvim/lua/noice/ui/init.lua:88: in function 'ui_attach_cb'
	...nvim/site/pack/core/opt/noice.nvim/lua/noice/ui/init.lua:27: in function 'process_queue'
	...nvim/site/pack/core/opt/noice.nvim/lua/noice/ui/init.lua:138: in function <...nvim/site/pack/core/opt/noice.nvim/lua/noice/ui/init.lua:118>
	[C]: in function 'nvim_echo'
	.../nvim/site/pack/core/opt/blink.lib/lua/blink/lib/log.lua:187: in function <.../nvim/site/pack/core/opt/blink.lib/lua/blink/lib/log.lua:187>
	[C]: in function 'pcall'
	.../nvim/site/pack/core/opt/blink.lib/lua/blink/lib/log.lua:301: in function <.../nvim/site/pack/core/opt/blink.lib/lua/blink/lib/log.lua:299>
Lua callback: /usr/share/nvim/runtime/lua/vim/treesitter.lua:460: Parser could not be created for buffer 4258 and language "notify"
stack traceback:
	[C]: in function 'assert'
	/usr/share/nvim/runtime/lua/vim/treesitter.lua:460: in function 'start'
	...onfig/nvim/lua/config/ui/highlight/treesitter-config.lua:6: in function <...onfig/nvim/lua/config/ui/highlight/treesitter-config.lua:5>
	[C]: in function 'nvim_buf_set_option'
	.../core/opt/nvim-notify/lua/notify/service/buffer/init.lua:103: in function 'render'
	...te/pack/core/opt/nvim-notify/lua/notify/service/init.lua:53: in function 'push'
	...m/site/pack/core/opt/nvim-notify/lua/notify/instance.lua:132: in function <...m/site/pack/core/opt/nvim-notify/lua/notify/instance.lua:77>
	...ck/core/opt/noice.nvim/lua/noice/view/backend/notify.lua:168: in function '_notify'
	...ck/core/opt/noice.nvim/lua/noice/view/backend/notify.lua:198: in function 'show'
	...im/site/pack/core/opt/noice.nvim/lua/noice/view/init.lua:163: in function <...im/site/pack/core/opt/noice.nvim/lua/noice/view/init.lua:161>
	[C]: in function 'xpcall'
	...
	...te/pack/core/opt/noice.nvim/lua/noice/message/router.lua:214: in function <...te/pack/core/opt/noice.nvim/lua/noice/message/router.lua:147>
	[C]: in function 'xpcall'
	...im/site/pack/core/opt/noice.nvim/lua/noice/util/call.lua:149: in function 'try'
	...nvim/site/pack/core/opt/noice.nvim/lua/noice/ui/init.lua:88: in function 'ui_attach_cb'
	...nvim/site/pack/core/opt/noice.nvim/lua/noice/ui/init.lua:27: in function 'process_queue'
	...nvim/site/pack/core/opt/noice.nvim/lua/noice/ui/init.lua:138: in function <...nvim/site/pack/core/opt/noice.nvim/lua/noice/ui/init.lua:118>
	[C]: in function 'nvim_echo'
	.../nvim/site/pack/core/opt/blink.lib/lua/blink/lib/log.lua:187: in function <.../nvim/site/pack/core/opt/blink.lib/lua/blink/lib/log.lua:187>
	[C]: in function 'pcall'
	.../nvim/site/pack/core/opt/blink.lib/lua/blink/lib/log.lua:301: in function <.../nvim/site/pack/core/opt/blink.lib/lua/blink/lib/log.lua:299>
Lua callback: /usr/share/nvim/runtime/lua/vim/treesitter.lua:460: Parser could not be created for buffer 4259 and language "notify"
stack traceback:
	[C]: in function 'assert'
	/usr/share/nvim/runtime/lua/vim/treesitter.lua:460: in function 'start'
	...onfig/nvim/lua/config/ui/highlight/treesitter-config.lua:6: in function <...onfig/nvim/lua/config/ui/highlight/treesitter-config.lua:5>
	[C]: in function 'nvim_buf_set_option'
	.../core/opt/nvim-notify/lua/notify/service/buffer/init.lua:103: in function 'render'
	...te/pack/core/opt/nvim-notify/lua/notify/service/init.lua:53: in function 'push'
	...m/site/pack/core/opt/nvim-notify/lua/notify/instance.lua:132: in function <...m/site/pack/core/opt/nvim-notify/lua/notify/instance.lua:77>
	...ck/core/opt/noice.nvim/lua/noice/view/backend/notify.lua:168: in function '_notify'
	...ck/core/opt/noice.nvim/lua/noice/view/backend/notify.lua:198: in function 'show'
	...im/site/pack/core/opt/noice.nvim/lua/noice/view/init.lua:163: in function <...im/site/pack/core/opt/noice.nvim/lua/noice/view/init.lua:161>
	[C]: in function 'xpcall'
	...
	...te/pack/core/opt/noice.nvim/lua/noice/message/router.lua:214: in function <...te/pack/core/opt/noice.nvim/lua/noice/message/router.lua:147>
	[C]: in function 'xpcall'
	...im/site/pack/core/opt/noice.nvim/lua/noice/util/call.lua:149: in function 'try'
	...nvim/site/pack/core/opt/noice.nvim/lua/noice/ui/init.lua:88: in function 'ui_attach_cb'
	...nvim/site/pack/core/opt/noice.nvim/lua/noice/ui/init.lua:27: in function 'process_queue'
	...nvim/site/pack/core/opt/noice.nvim/lua/noice/ui/init.lua:138: in function <...nvim/site/pack/core/opt/noice.nvim/lua/noice/ui/init.lua:118>
	[C]: in function 'nvim_echo'
	.../nvim/site/pack/core/opt/blink.lib/lua/blink/lib/log.lua:187: in function <.../nvim/site/pack/core/opt/blink.lib/lua/blink/lib/log.lua:187>
	[C]: in function 'pcall'
	.../nvim/site/pack/core/opt/blink.lib/lua/blink/lib/log.lua:301: in function <.../nvim/site/pack/core/opt/blink.lib/lua/blink/lib/log.lua:299>
Lua callback: /usr/share/nvim/runtime/lua/vim/treesitter.lua:460: Parser could not be created for buffer 4260 and language "notify"
stack traceback:
	[C]: in function 'assert'
	/usr/share/nvim/runtime/lua/vim/treesitter.lua:460: in function 'start'
	...onfig/nvim/lua/config/ui/highlight/treesitter-config.lua:6: in function <...onfig/nvim/lua/config/ui/highlight/treesitter-config.lua:5>
	[C]: in function 'nvim_buf_set_option'
	.../core/opt/nvim-notify/lua/notify/service/buffer/init.lua:103: in function 'render'
	...te/pack/core/opt/nvim-notify/lua/notify/service/init.lua:53: in function 'push'
	...m/site/pack/core/opt/nvim-notify/lua/notify/instance.lua:132: in function <...m/site/pack/core/opt/nvim-notify/lua/notify/instance.lua:77>
	...ck/core/opt/noice.nvim/lua/noice/view/backend/notify.lua:168: in function '_notify'
	...ck/core/opt/noice.nvim/lua/noice/view/backend/notify.lua:198: in function 'show'
	...im/site/pack/core/opt/noice.nvim/lua/noice/view/init.lua:163: in function <...im/site/pack/core/opt/noice.nvim/lua/noice/view/init.lua:161>
	[C]: in function 'xpcall'
	...
	...te/pack/core/opt/noice.nvim/lua/noice/message/router.lua:214: in function <...te/pack/core/opt/noice.nvim/lua/noice/message/router.lua:147>
	[C]: in function 'xpcall'
	...im/site/pack/core/opt/noice.nvim/lua/noice/util/call.lua:149: in function 'try'
	...nvim/site/pack/core/opt/noice.nvim/lua/noice/ui/init.lua:88: in function 'ui_attach_cb'
	...nvim/site/pack/core/opt/noice.nvim/lua/noice/ui/init.lua:27: in function 'process_queue'
	...nvim/site/pack/core/opt/noice.nvim/lua/noice/ui/init.lua:138: in function <...nvim/site/pack/core/opt/noice.nvim/lua/noice/ui/init.lua:118>
	[C]: in function 'nvim_echo'
	.../nvim/site/pack/core/opt/blink.lib/lua/blink/lib/log.lua:187: in function <.../nvim/site/pack/core/opt/blink.lib/lua/blink/lib/log.lua:187>
	[C]: in function 'pcall'
	.../nvim/site/pack/core/opt/blink.lib/lua/blink/lib/log.lua:301: in function <.../nvim/site/pack/core/opt/blink.lib/lua/blink/lib/log.lua:299>
Lua callback: /usr/share/nvim/runtime/lua/vim/treesitter.lua:460: Parser could not be created for buffer 4261 and language "notify"
stack traceback:
	[C]: in function 'assert'
	/usr/share/nvim/runtime/lua/vim/treesitter.lua:460: in function 'start'
	...onfig/nvim/lua/config/ui/highlight/treesitter-config.lua:6: in function <...onfig/nvim/lua/config/ui/highlight/treesitter-config.lua:5>
	[C]: in function 'nvim_buf_set_option'
	.../core/opt/nvim-notify/lua/notify/service/buffer/init.lua:103: in function 'render'
	...te/pack/core/opt/nvim-notify/lua/notify/service/init.lua:53: in function 'push'
	...m/site/pack/core/opt/nvim-notify/lua/notify/instance.lua:132: in function <...m/site/pack/core/opt/nvim-notify/lua/notify/instance.lua:77>
	...ck/core/opt/noice.nvim/lua/noice/view/backend/notify.lua:168: in function '_notify'
	...ck/core/opt/noice.nvim/lua/noice/view/backend/notify.lua:198: in function 'show'
	...im/site/pack/core/opt/noice.nvim/lua/noice/view/init.lua:163: in function <...im/site/pack/core/opt/noice.nvim/lua/noice/view/init.lua:161>
	[C]: in function 'xpcall'
	...
	...te/pack/core/opt/noice.nvim/lua/noice/message/router.lua:214: in function <...te/pack/core/opt/noice.nvim/lua/noice/message/router.lua:147>
	[C]: in function 'xpcall'
	...im/site/pack/core/opt/noice.nvim/lua/noice/util/call.lua:149: in function 'try'
	...nvim/site/pack/core/opt/noice.nvim/lua/noice/ui/init.lua:88: in function 'ui_attach_cb'
	...nvim/site/pack/core/opt/noice.nvim/lua/noice/ui/init.lua:27: in function 'process_queue'
	...nvim/site/pack/core/opt/noice.nvim/lua/noice/ui/init.lua:138: in function <...nvim/site/pack/core/opt/noice.nvim/lua/noice/ui/init.lua:118>
	[C]: in function 'nvim_echo'
	.../nvim/site/pack/core/opt/blink.lib/lua/blink/lib/log.lua:187: in function <.../nvim/site/pack/core/opt/blink.lib/lua/blink/lib/log.lua:187>
	[C]: in function 'pcall'
	.../nvim/site/pack/core/opt/blink.lib/lua/blink/lib/log.lua:301: in function <.../nvim/site/pack/core/opt/blink.lib/lua/blink/lib/log.lua:299>
Lua callback: /usr/share/nvim/runtime/lua/vim/treesitter.lua:460: Parser could not be created for buffer 4262 and language "notify"
stack traceback:
	[C]: in function 'assert'
	/usr/share/nvim/runtime/lua/vim/treesitter.lua:460: in function 'start'
	...onfig/nvim/lua/config/ui/highlight/treesitter-config.lua:6: in function <...onfig/nvim/lua/config/ui/highlight/treesitter-config.lua:5>
	[C]: in function 'nvim_buf_set_option'
	.../core/opt/nvim-notify/lua/notify/service/buffer/init.lua:103: in function 'render'
	...te/pack/core/opt/nvim-notify/lua/notify/service/init.lua:53: in function 'push'
	...m/site/pack/core/opt/nvim-notify/lua/notify/instance.lua:132: in function <...m/site/pack/core/opt/nvim-notify/lua/notify/instance.lua:77>
	...ck/core/opt/noice.nvim/lua/noice/view/backend/notify.lua:168: in function '_notify'
	...ck/core/opt/noice.nvim/lua/noice/view/backend/notify.lua:198: in function 'show'
	...im/site/pack/core/opt/noice.nvim/lua/noice/view/init.lua:163: in function <...im/site/pack/core/opt/noice.nvim/lua/noice/view/init.lua:161>
	[C]: in function 'xpcall'
	...
	...te/pack/core/opt/noice.nvim/lua/noice/message/router.lua:214: in function <...te/pack/core/opt/noice.nvim/lua/noice/message/router.lua:147>
	[C]: in function 'xpcall'
	...im/site/pack/core/opt/noice.nvim/lua/noice/util/call.lua:149: in function 'try'
	...nvim/site/pack/core/opt/noice.nvim/lua/noice/ui/init.lua:88: in function 'ui_attach_cb'
	...nvim/site/pack/core/opt/noice.nvim/lua/noice/ui/init.lua:27: in function 'process_queue'
	...nvim/site/pack/core/opt/noice.nvim/lua/noice/ui/init.lua:138: in function <...nvim/site/pack/core/opt/noice.nvim/lua/noice/ui/init.lua:118>
	[C]: in function 'nvim_echo'
	.../nvim/site/pack/core/opt/blink.lib/lua/blink/lib/log.lua:187: in function <.../nvim/site/pack/core/opt/blink.lib/lua/blink/lib/log.lua:187>
	[C]: in function 'pcall'
	.../nvim/site/pack/core/opt/blink.lib/lua/blink/lib/log.lua:301: in function <.../nvim/site/pack/core/opt/blink.lib/lua/blink/lib/log.lua:299>
Lua callback: /usr/share/nvim/runtime/lua/vim/treesitter.lua:460: Parser could not be created for buffer 4263 and language "notify"
stack traceback:
	[C]: in function 'assert'
	/usr/share/nvim/runtime/lua/vim/treesitter.lua:460: in function 'start'
	...onfig/nvim/lua/config/ui/highlight/treesitter-config.lua:6: in function <...onfig/nvim/lua/config/ui/highlight/treesitter-config.lua:5>
	[C]: in function 'nvim_buf_set_option'
	.../core/opt/nvim-notify/lua/notify/service/buffer/init.lua:103: in function 'render'
	...te/pack/core/opt/nvim-notify/lua/notify/service/init.lua:53: in function 'push'
	...m/site/pack/core/opt/nvim-notify/lua/notify/instance.lua:132: in function <...m/site/pack/core/opt/nvim-notify/lua/notify/instance.lua:77>
	...ck/core/opt/noice.nvim/lua/noice/view/backend/notify.lua:168: in function '_notify'
	...ck/core/opt/noice.nvim/lua/noice/view/backend/notify.lua:198: in function 'show'
	...im/site/pack/core/opt/noice.nvim/lua/noice/view/init.lua:163: in function <...im/site/pack/core/opt/noice.nvim/lua/noice/view/init.lua:161>
	[C]: in function 'xpcall'
	...
	...te/pack/core/opt/noice.nvim/lua/noice/message/router.lua:214: in function <...te/pack/core/opt/noice.nvim/lua/noice/message/router.lua:147>
	[C]: in function 'xpcall'
	...im/site/pack/core/opt/noice.nvim/lua/noice/util/call.lua:149: in function 'try'
	...nvim/site/pack/core/opt/noice.nvim/lua/noice/ui/init.lua:88: in function 'ui_attach_cb'
	...nvim/site/pack/core/opt/noice.nvim/lua/noice/ui/init.lua:27: in function 'process_queue'
	...nvim/site/pack/core/opt/noice.nvim/lua/noice/ui/init.lua:138: in function <...nvim/site/pack/core/opt/noice.nvim/lua/noice/ui/init.lua:118>
	[C]: in function 'nvim_echo'
	.../nvim/site/pack/core/opt/blink.lib/lua/blink/lib/log.lua:187: in function <.../nvim/site/pack/core/opt/blink.lib/lua/blink/lib/log.lua:187>
	[C]: in function 'pcall'
	.../nvim/site/pack/core/opt/blink.lib/lua/blink/lib/log.lua:301: in function <.../nvim/site/pack/core/opt/blink.lib/lua/blink/lib/log.lua:299>
Lua callback: /usr/share/nvim/runtime/lua/vim/treesitter.lua:460: Parser could not be created for buffer 4264 and language "notify"
stack traceback:
	[C]: in function 'assert'
	/usr/share/nvim/runtime/lua/vim/treesitter.lua:460: in function 'start'
	...onfig/nvim/lua/config/ui/highlight/treesitter-config.lua:6: in function <...onfig/nvim/lua/config/ui/highlight/treesitter-config.lua:5>
	[C]: in function 'nvim_buf_set_option'
	.../core/opt/nvim-notify/lua/notify/service/buffer/init.lua:103: in function 'render'
	...te/pack/core/opt/nvim-notify/lua/notify/service/init.lua:53: in function 'push'
	...m/site/pack/core/opt/nvim-notify/lua/notify/instance.lua:132: in function <...m/site/pack/core/opt/nvim-notify/lua/notify/instance.lua:77>
	...ck/core/opt/noice.nvim/lua/noice/view/backend/notify.lua:168: in function '_notify'
	...ck/core/opt/noice.nvim/lua/noice/view/backend/notify.lua:198: in function 'show'
	...im/site/pack/core/opt/noice.nvim/lua/noice/view/init.lua:163: in function <...im/site/pack/core/opt/noice.nvim/lua/noice/view/init.lua:161>
	[C]: in function 'xpcall'
	...
	...te/pack/core/opt/noice.nvim/lua/noice/message/router.lua:214: in function <...te/pack/core/opt/noice.nvim/lua/noice/message/router.lua:147>
	[C]: in function 'xpcall'
	...im/site/pack/core/opt/noice.nvim/lua/noice/util/call.lua:149: in function 'try'
	...nvim/site/pack/core/opt/noice.nvim/lua/noice/ui/init.lua:88: in function 'ui_attach_cb'
	...nvim/site/pack/core/opt/noice.nvim/lua/noice/ui/init.lua:27: in function 'process_queue'
	...nvim/site/pack/core/opt/noice.nvim/lua/noice/ui/init.lua:138: in function <...nvim/site/pack/core/opt/noice.nvim/lua/noice/ui/init.lua:118>
	[C]: in function 'nvim_echo'
	.../nvim/site/pack/core/opt/blink.lib/lua/blink/lib/log.lua:187: in function <.../nvim/site/pack/core/opt/blink.lib/lua/blink/lib/log.lua:187>
	[C]: in function 'pcall'
	.../nvim/site/pack/core/opt/blink.lib/lua/blink/lib/log.lua:301: in function <.../nvim/site/pack/core/opt/blink.lib/lua/blink/lib/log.lua:299>
Lua callback: /usr/share/nvim/runtime/lua/vim/treesitter.lua:460: Parser could not be created for buffer 4265 and language "notify"
stack traceback:
	[C]: in function 'assert'
	/usr/share/nvim/runtime/lua/vim/treesitter.lua:460: in function 'start'
	...onfig/nvim/lua/config/ui/highlight/treesitter-config.lua:6: in function <...onfig/nvim/lua/config/ui/highlight/treesitter-config.lua:5>
	[C]: in function 'nvim_buf_set_option'
	.../core/opt/nvim-notify/lua/notify/service/buffer/init.lua:103: in function 'render'
	...te/pack/core/opt/nvim-notify/lua/notify/service/init.lua:53: in function 'push'
	...m/site/pack/core/opt/nvim-notify/lua/notify/instance.lua:132: in function <...m/site/pack/core/opt/nvim-notify/lua/notify/instance.lua:77>
	...ck/core/opt/noice.nvim/lua/noice/view/backend/notify.lua:168: in function '_notify'
	...ck/core/opt/noice.nvim/lua/noice/view/backend/notify.lua:198: in function 'show'
	...im/site/pack/core/opt/noice.nvim/lua/noice/view/init.lua:163: in function <...im/site/pack/core/opt/noice.nvim/lua/noice/view/init.lua:161>
	[C]: in function 'xpcall'
	...
	...te/pack/core/opt/noice.nvim/lua/noice/message/router.lua:214: in function <...te/pack/core/opt/noice.nvim/lua/noice/message/router.lua:147>
	[C]: in function 'xpcall'
	...im/site/pack/core/opt/noice.nvim/lua/noice/util/call.lua:149: in function 'try'
	...nvim/site/pack/core/opt/noice.nvim/lua/noice/ui/init.lua:88: in function 'ui_attach_cb'
	...nvim/site/pack/core/opt/noice.nvim/lua/noice/ui/init.lua:27: in function 'process_queue'
	...nvim/site/pack/core/opt/noice.nvim/lua/noice/ui/init.lua:138: in function <...nvim/site/pack/core/opt/noice.nvim/lua/noice/ui/init.lua:118>
	[C]: in function 'nvim_echo'
	.../nvim/site/pack/core/opt/blink.lib/lua/blink/lib/log.lua:187: in function <.../nvim/site/pack/core/opt/blink.lib/lua/blink/lib/log.lua:187>
	[C]: in function 'pcall'
	.../nvim/site/pack/core/opt/blink.lib/lua/blink/lib/log.lua:301: in function <.../nvim/site/pack/core/opt/blink.lib/lua/blink/lib/log.lua:299>
Lua callback: /usr/share/nvim/runtime/lua/vim/treesitter.lua:460: Parser could not be created for buffer 4266 and language "notify"
stack traceback:
	[C]: in function 'assert'
	/usr/share/nvim/runtime/lua/vim/treesitter.lua:460: in function 'start'
	...onfig/nvim/lua/config/ui/highlight/treesitter-config.lua:6: in function <...onfig/nvim/lua/config/ui/highlight/treesitter-config.lua:5>
	[C]: in function 'nvim_buf_set_option'
	.../core/opt/nvim-notify/lua/notify/service/buffer/init.lua:103: in function 'render'
	...te/pack/core/opt/nvim-notify/lua/notify/service/init.lua:53: in function 'push'
	...m/site/pack/core/opt/nvim-notify/lua/notify/instance.lua:132: in function <...m/site/pack/core/opt/nvim-notify/lua/notify/instance.lua:77>
	...ck/core/opt/noice.nvim/lua/noice/view/backend/notify.lua:168: in function '_notify'
	...ck/core/opt/noice.nvim/lua/noice/view/backend/notify.lua:198: in function 'show'
	...im/site/pack/core/opt/noice.nvim/lua/noice/view/init.lua:163: in function <...im/site/pack/core/opt/noice.nvim/lua/noice/view/init.lua:161>
	[C]: in function 'xpcall'
	...
	...te/pack/core/opt/noice.nvim/lua/noice/message/router.lua:214: in function <...te/pack/core/opt/noice.nvim/lua/noice/message/router.lua:147>
	[C]: in function 'xpcall'
	...im/site/pack/core/opt/noice.nvim/lua/noice/util/call.lua:149: in function 'try'
	...nvim/site/pack/core/opt/noice.nvim/lua/noice/ui/init.lua:88: in function 'ui_attach_cb'
	...nvim/site/pack/core/opt/noice.nvim/lua/noice/ui/init.lua:27: in function 'process_queue'
	...nvim/site/pack/core/opt/noice.nvim/lua/noice/ui/init.lua:138: in function <...nvim/site/pack/core/opt/noice.nvim/lua/noice/ui/init.lua:118>
	[C]: in function 'nvim_echo'
	.../nvim/site/pack/core/opt/blink.lib/lua/blink/lib/log.lua:187: in function <.../nvim/site/pack/core/opt/blink.lib/lua/blink/lib/log.lua:187>
	[C]: in function 'pcall'
	.../nvim/site/pack/core/opt/blink.lib/lua/blink/lib/log.lua:301: in function <.../nvim/site/pack/core/opt/blink.lib/lua/blink/lib/log.lua:299>
Lua callback: /usr/share/nvim/runtime/lua/vim/treesitter.lua:460: Parser could not be created for buffer 4267 and language "notify"
stack traceback:
	[C]: in function 'assert'
	/usr/share/nvim/runtime/lua/vim/treesitter.lua:460: in function 'start'
	...onfig/nvim/lua/config/ui/highlight/treesitter-config.lua:6: in function <...onfig/nvim/lua/config/ui/highlight/treesitter-config.lua:5>
	[C]: in function 'nvim_buf_set_option'
	.../core/opt/nvim-notify/lua/notify/service/buffer/init.lua:103: in function 'render'
	...te/pack/core/opt/nvim-notify/lua/notify/service/init.lua:53: in function 'push'
	...m/site/pack/core/opt/nvim-notify/lua/notify/instance.lua:132: in function <...m/site/pack/core/opt/nvim-notify/lua/notify/instance.lua:77>
	...ck/core/opt/noice.nvim/lua/noice/view/backend/notify.lua:168: in function '_notify'
	...ck/core/opt/noice.nvim/lua/noice/view/backend/notify.lua:198: in function 'show'
	...im/site/pack/core/opt/noice.nvim/lua/noice/view/init.lua:163: in function <...im/site/pack/core/opt/noice.nvim/lua/noice/view/init.lua:161>
	[C]: in function 'xpcall'
	...
	...te/pack/core/opt/noice.nvim/lua/noice/message/router.lua:214: in function <...te/pack/core/opt/noice.nvim/lua/noice/message/router.lua:147>
	[C]: in function 'xpcall'
	...im/site/pack/core/opt/noice.nvim/lua/noice/util/call.lua:149: in function 'try'
	...nvim/site/pack/core/opt/noice.nvim/lua/noice/ui/init.lua:88: in function 'ui_attach_cb'
	...nvim/site/pack/core/opt/noice.nvim/lua/noice/ui/init.lua:27: in function 'process_queue'
	...nvim/site/pack/core/opt/noice.nvim/lua/noice/ui/init.lua:138: in function <...nvim/site/pack/core/opt/noice.nvim/lua/noice/ui/init.lua:118>
	[C]: in function 'nvim_echo'
	.../nvim/site/pack/core/opt/blink.lib/lua/blink/lib/log.lua:187: in function <.../nvim/site/pack/core/opt/blink.lib/lua/blink/lib/log.lua:187>
	[C]: in function 'pcall'
	.../nvim/site/pack/core/opt/blink.lib/lua/blink/lib/log.lua:301: in function <.../nvim/site/pack/core/opt/blink.lib/lua/blink/lib/log.lua:299>
Lua callback: /usr/share/nvim/runtime/lua/vim/treesitter.lua:460: Parser could not be created for buffer 4268 and language "notify"
stack traceback:
	[C]: in function 'assert'
	/usr/share/nvim/runtime/lua/vim/treesitter.lua:460: in function 'start'
	...onfig/nvim/lua/config/ui/highlight/treesitter-config.lua:6: in function <...onfig/nvim/lua/config/ui/highlight/treesitter-config.lua:5>
	[C]: in function 'nvim_buf_set_option'
	.../core/opt/nvim-notify/lua/notify/service/buffer/init.lua:103: in function 'render'
	...te/pack/core/opt/nvim-notify/lua/notify/service/init.lua:53: in function 'push'
	...m/site/pack/core/opt/nvim-notify/lua/notify/instance.lua:132: in function <...m/site/pack/core/opt/nvim-notify/lua/notify/instance.lua:77>
	...ck/core/opt/noice.nvim/lua/noice/view/backend/notify.lua:168: in function '_notify'
	...ck/core/opt/noice.nvim/lua/noice/view/backend/notify.lua:198: in function 'show'
	...im/site/pack/core/opt/noice.nvim/lua/noice/view/init.lua:163: in function <...im/site/pack/core/opt/noice.nvim/lua/noice/view/init.lua:161>
	[C]: in function 'xpcall'
	...
	...te/pack/core/opt/noice.nvim/lua/noice/message/router.lua:214: in function <...te/pack/core/opt/noice.nvim/lua/noice/message/router.lua:147>
	[C]: in function 'xpcall'
	...im/site/pack/core/opt/noice.nvim/lua/noice/util/call.lua:149: in function 'try'
	...nvim/site/pack/core/opt/noice.nvim/lua/noice/ui/init.lua:88: in function 'ui_attach_cb'
	...nvim/site/pack/core/opt/noice.nvim/lua/noice/ui/init.lua:27: in function 'process_queue'
	...nvim/site/pack/core/opt/noice.nvim/lua/noice/ui/init.lua:138: in function <...nvim/site/pack/core/opt/noice.nvim/lua/noice/ui/init.lua:118>
	[C]: in function 'nvim_echo'
	.../nvim/site/pack/core/opt/blink.lib/lua/blink/lib/log.lua:187: in function <.../nvim/site/pack/core/opt/blink.lib/lua/blink/lib/log.lua:187>
	[C]: in function 'pcall'
	.../nvim/site/pack/core/opt/blink.lib/lua/blink/lib/log.lua:301: in function <.../nvim/site/pack/core/opt/blink.lib/lua/blink/lib/log.lua:299>
Lua callback: /usr/share/nvim/runtime/lua/vim/treesitter.lua:460: Parser could not be created for buffer 4269 and language "notify"
stack traceback:
	[C]: in function 'assert'
	/usr/share/nvim/runtime/lua/vim/treesitter.lua:460: in function 'start'
	...onfig/nvim/lua/config/ui/highlight/treesitter-config.lua:6: in function <...onfig/nvim/lua/config/ui/highlight/treesitter-config.lua:5>
	[C]: in function 'nvim_buf_set_option'
	.../core/opt/nvim-notify/lua/notify/service/buffer/init.lua:103: in function 'render'
	...te/pack/core/opt/nvim-notify/lua/notify/service/init.lua:53: in function 'push'
	...m/site/pack/core/opt/nvim-notify/lua/notify/instance.lua:132: in function <...m/site/pack/core/opt/nvim-notify/lua/notify/instance.lua:77>
	...ck/core/opt/noice.nvim/lua/noice/view/backend/notify.lua:168: in function '_notify'
	...ck/core/opt/noice.nvim/lua/noice/view/backend/notify.lua:198: in function 'show'
	...im/site/pack/core/opt/noice.nvim/lua/noice/view/init.lua:163: in function <...im/site/pack/core/opt/noice.nvim/lua/noice/view/init.lua:161>
	[C]: in function 'xpcall'
	...
	...te/pack/core/opt/noice.nvim/lua/noice/message/router.lua:214: in function <...te/pack/core/opt/noice.nvim/lua/noice/message/router.lua:147>
	[C]: in function 'xpcall'
	...im/site/pack/core/opt/noice.nvim/lua/noice/util/call.lua:149: in function 'try'
	...nvim/site/pack/core/opt/noice.nvim/lua/noice/ui/init.lua:88: in function 'ui_attach_cb'
	...nvim/site/pack/core/opt/noice.nvim/lua/noice/ui/init.lua:27: in function 'process_queue'
	...nvim/site/pack/core/opt/noice.nvim/lua/noice/ui/init.lua:138: in function <...nvim/site/pack/core/opt/noice.nvim/lua/noice/ui/init.lua:118>
	[C]: in function 'nvim_echo'
	.../nvim/site/pack/core/opt/blink.lib/lua/blink/lib/log.lua:187: in function <.../nvim/site/pack/core/opt/blink.lib/lua/blink/lib/log.lua:187>
	[C]: in function 'pcall'
	.../nvim/site/pack/core/opt/blink.lib/lua/blink/lib/log.lua:301: in function <.../nvim/site/pack/core/opt/blink.lib/lua/blink/lib/log.lua:299>
Lua callback: /usr/share/nvim/runtime/lua/vim/treesitter.lua:460: Parser could not be created for buffer 4270 and language "notify"
stack traceback:
	[C]: in function 'assert'
	/usr/share/nvim/runtime/lua/vim/treesitter.lua:460: in function 'start'
	...onfig/nvim/lua/config/ui/highlight/treesitter-config.lua:6: in function <...onfig/nvim/lua/config/ui/highlight/treesitter-config.lua:5>
	[C]: in function 'nvim_buf_set_option'
	.../core/opt/nvim-notify/lua/notify/service/buffer/init.lua:103: in function 'render'
	...te/pack/core/opt/nvim-notify/lua/notify/service/init.lua:53: in function 'push'
	...m/site/pack/core/opt/nvim-notify/lua/notify/instance.lua:132: in function <...m/site/pack/core/opt/nvim-notify/lua/notify/instance.lua:77>
	...ck/core/opt/noice.nvim/lua/noice/view/backend/notify.lua:168: in function '_notify'
	...ck/core/opt/noice.nvim/lua/noice/view/backend/notify.lua:198: in function 'show'
	...im/site/pack/core/opt/noice.nvim/lua/noice/view/init.lua:163: in function <...im/site/pack/core/opt/noice.nvim/lua/noice/view/init.lua:161>
	[C]: in function 'xpcall'
	...
	...te/pack/core/opt/noice.nvim/lua/noice/message/router.lua:214: in function <...te/pack/core/opt/noice.nvim/lua/noice/message/router.lua:147>
	[C]: in function 'xpcall'
	...im/site/pack/core/opt/noice.nvim/lua/noice/util/call.lua:149: in function 'try'
	...nvim/site/pack/core/opt/noice.nvim/lua/noice/ui/init.lua:88: in function 'ui_attach_cb'
	...nvim/site/pack/core/opt/noice.nvim/lua/noice/ui/init.lua:27: in function 'process_queue'
	...nvim/site/pack/core/opt/noice.nvim/lua/noice/ui/init.lua:138: in function <...nvim/site/pack/core/opt/noice.nvim/lua/noice/ui/init.lua:118>
	[C]: in function 'nvim_echo'
	.../nvim/site/pack/core/opt/blink.lib/lua/blink/lib/log.lua:187: in function <.../nvim/site/pack/core/opt/blink.lib/lua/blink/lib/log.lua:187>
	[C]: in function 'pcall'
	.../nvim/site/pack/core/opt/blink.lib/lua/blink/lib/log.lua:301: in function <.../nvim/site/pack/core/opt/blink.lib/lua/blink/lib/log.lua:299>
Lua callback: /usr/share/nvim/runtime/lua/vim/treesitter.lua:460: Parser could not be created for buffer 4271 and language "notify"
stack traceback:
	[C]: in function 'assert'
	/usr/share/nvim/runtime/lua/vim/treesitter.lua:460: in function 'start'
	...onfig/nvim/lua/config/ui/highlight/treesitter-config.lua:6: in function <...onfig/nvim/lua/config/ui/highlight/treesitter-config.lua:5>
	[C]: in function 'nvim_buf_set_option'
	.../core/opt/nvim-notify/lua/notify/service/buffer/init.lua:103: in function 'render'
	...te/pack/core/opt/nvim-notify/lua/notify/service/init.lua:53: in function 'push'
	...m/site/pack/core/opt/nvim-notify/lua/notify/instance.lua:132: in function <...m/site/pack/core/opt/nvim-notify/lua/notify/instance.lua:77>
	...ck/core/opt/noice.nvim/lua/noice/view/backend/notify.lua:168: in function '_notify'
	...ck/core/opt/noice.nvim/lua/noice/view/backend/notify.lua:198: in function 'show'
	...im/site/pack/core/opt/noice.nvim/lua/noice/view/init.lua:163: in function <...im/site/pack/core/opt/noice.nvim/lua/noice/view/init.lua:161>
	[C]: in function 'xpcall'
	...
	...te/pack/core/opt/noice.nvim/lua/noice/message/router.lua:214: in function <...te/pack/core/opt/noice.nvim/lua/noice/message/router.lua:147>
	[C]: in function 'xpcall'
	...im/site/pack/core/opt/noice.nvim/lua/noice/util/call.lua:149: in function 'try'
	...nvim/site/pack/core/opt/noice.nvim/lua/noice/ui/init.lua:88: in function 'ui_attach_cb'
	...nvim/site/pack/core/opt/noice.nvim/lua/noice/ui/init.lua:27: in function 'process_queue'
	...nvim/site/pack/core/opt/noice.nvim/lua/noice/ui/init.lua:138: in function <...nvim/site/pack/core/opt/noice.nvim/lua/noice/ui/init.lua:118>
	[C]: in function 'nvim_echo'
	.../nvim/site/pack/core/opt/blink.lib/lua/blink/lib/log.lua:187: in function <.../nvim/site/pack/core/opt/blink.lib/lua/blink/lib/log.lua:187>
	[C]: in function 'pcall'
	.../nvim/site/pack/core/opt/blink.lib/lua/blink/lib/log.lua:301: in function <.../nvim/site/pack/core/opt/blink.lib/lua/blink/lib/log.lua:299>
Lua callback: /usr/share/nvim/runtime/lua/vim/treesitter.lua:460: Parser could not be created for buffer 4272 and language "notify"
stack traceback:
	[C]: in function 'assert'
	/usr/share/nvim/runtime/lua/vim/treesitter.lua:460: in function 'start'
	...onfig/nvim/lua/config/ui/highlight/treesitter-config.lua:6: in function <...onfig/nvim/lua/config/ui/highlight/treesitter-config.lua:5>
	[C]: in function 'nvim_buf_set_option'
	.../core/opt/nvim-notify/lua/notify/service/buffer/init.lua:103: in function 'render'
	...te/pack/core/opt/nvim-notify/lua/notify/service/init.lua:53: in function 'push'
	...m/site/pack/core/opt/nvim-notify/lua/notify/instance.lua:132: in function <...m/site/pack/core/opt/nvim-notify/lua/notify/instance.lua:77>
	...ck/core/opt/noice.nvim/lua/noice/view/backend/notify.lua:168: in function '_notify'
	...ck/core/opt/noice.nvim/lua/noice/view/backend/notify.lua:198: in function 'show'
	...im/site/pack/core/opt/noice.nvim/lua/noice/view/init.lua:163: in function <...im/site/pack/core/opt/noice.nvim/lua/noice/view/init.lua:161>
	[C]: in function 'xpcall'
	...
	...te/pack/core/opt/noice.nvim/lua/noice/message/router.lua:214: in function <...te/pack/core/opt/noice.nvim/lua/noice/message/router.lua:147>
	[C]: in function 'xpcall'
	...im/site/pack/core/opt/noice.nvim/lua/noice/util/call.lua:149: in function 'try'
	...nvim/site/pack/core/opt/noice.nvim/lua/noice/ui/init.lua:88: in function 'ui_attach_cb'
	...nvim/site/pack/core/opt/noice.nvim/lua/noice/ui/init.lua:27: in function 'process_queue'
	...nvim/site/pack/core/opt/noice.nvim/lua/noice/ui/init.lua:138: in function <...nvim/site/pack/core/opt/noice.nvim/lua/noice/ui/init.lua:118>
	[C]: in function 'nvim_echo'
	.../nvim/site/pack/core/opt/blink.lib/lua/blink/lib/log.lua:187: in function <.../nvim/site/pack/core/opt/blink.lib/lua/blink/lib/log.lua:187>
	[C]: in function 'pcall'
	.../nvim/site/pack/core/opt/blink.lib/lua/blink/lib/log.lua:301: in function <.../nvim/site/pack/core/opt/blink.lib/lua/blink/lib/log.lua:299>
Lua callback: /usr/share/nvim/runtime/lua/vim/treesitter.lua:460: Parser could not be created for buffer 4273 and language "notify"
stack traceback:
	[C]: in function 'assert'
	/usr/share/nvim/runtime/lua/vim/treesitter.lua:460: in function 'start'
	...onfig/nvim/lua/config/ui/highlight/treesitter-config.lua:6: in function <...onfig/nvim/lua/config/ui/highlight/treesitter-config.lua:5>
	[C]: in function 'nvim_buf_set_option'
	.../core/opt/nvim-notify/lua/notify/service/buffer/init.lua:103: in function 'render'
	...te/pack/core/opt/nvim-notify/lua/notify/service/init.lua:53: in function 'push'
	...m/site/pack/core/opt/nvim-notify/lua/notify/instance.lua:132: in function <...m/site/pack/core/opt/nvim-notify/lua/notify/instance.lua:77>
	...ck/core/opt/noice.nvim/lua/noice/view/backend/notify.lua:168: in function '_notify'
	...ck/core/opt/noice.nvim/lua/noice/view/backend/notify.lua:198: in function 'show'
	...im/site/pack/core/opt/noice.nvim/lua/noice/view/init.lua:163: in function <...im/site/pack/core/opt/noice.nvim/lua/noice/view/init.lua:161>
	[C]: in function 'xpcall'
	...
	...te/pack/core/opt/noice.nvim/lua/noice/message/router.lua:214: in function <...te/pack/core/opt/noice.nvim/lua/noice/message/router.lua:147>
	[C]: in function 'xpcall'
	...im/site/pack/core/opt/noice.nvim/lua/noice/util/call.lua:149: in function 'try'
	...nvim/site/pack/core/opt/noice.nvim/lua/noice/ui/init.lua:88: in function 'ui_attach_cb'
	...nvim/site/pack/core/opt/noice.nvim/lua/noice/ui/init.lua:27: in function 'process_queue'
	...nvim/site/pack/core/opt/noice.nvim/lua/noice/ui/init.lua:138: in function <...nvim/site/pack/core/opt/noice.nvim/lua/noice/ui/init.lua:118>
	[C]: in function 'nvim_echo'
	.../nvim/site/pack/core/opt/blink.lib/lua/blink/lib/log.lua:187: in function <.../nvim/site/pack/core/opt/blink.lib/lua/blink/lib/log.lua:187>
	[C]: in function 'pcall'
	.../nvim/site/pack/core/opt/blink.lib/lua/blink/lib/log.lua:301: in function <.../nvim/site/pack/core/opt/blink.lib/lua/blink/lib/log.lua:299>
Lua callback: /usr/share/nvim/runtime/lua/vim/treesitter.lua:460: Parser could not be created for buffer 4274 and language "notify"
stack traceback:
	[C]: in function 'assert'
	/usr/share/nvim/runtime/lua/vim/treesitter.lua:460: in function 'start'
	...onfig/nvim/lua/config/ui/highlight/treesitter-config.lua:6: in function <...onfig/nvim/lua/config/ui/highlight/treesitter-config.lua:5>
	[C]: in function 'nvim_buf_set_option'
	.../core/opt/nvim-notify/lua/notify/service/buffer/init.lua:103: in function 'render'
	...te/pack/core/opt/nvim-notify/lua/notify/service/init.lua:53: in function 'push'
	...m/site/pack/core/opt/nvim-notify/lua/notify/instance.lua:132: in function <...m/site/pack/core/opt/nvim-notify/lua/notify/instance.lua:77>
	...ck/core/opt/noice.nvim/lua/noice/view/backend/notify.lua:168: in function '_notify'
	...ck/core/opt/noice.nvim/lua/noice/view/backend/notify.lua:198: in function 'show'
	...im/site/pack/core/opt/noice.nvim/lua/noice/view/init.lua:163: in function <...im/site/pack/core/opt/noice.nvim/lua/noice/view/init.lua:161>
	[C]: in function 'xpcall'
	...
	...te/pack/core/opt/noice.nvim/lua/noice/message/router.lua:214: in function <...te/pack/core/opt/noice.nvim/lua/noice/message/router.lua:147>
	[C]: in function 'xpcall'
	...im/site/pack/core/opt/noice.nvim/lua/noice/util/call.lua:149: in function 'try'
	...nvim/site/pack/core/opt/noice.nvim/lua/noice/ui/init.lua:88: in function 'ui_attach_cb'
	...nvim/site/pack/core/opt/noice.nvim/lua/noice/ui/init.lua:27: in function 'process_queue'
	...nvim/site/pack/core/opt/noice.nvim/lua/noice/ui/init.lua:138: in function <...nvim/site/pack/core/opt/noice.nvim/lua/noice/ui/init.lua:118>
	[C]: in function 'nvim_echo'
	.../nvim/site/pack/core/opt/blink.lib/lua/blink/lib/log.lua:187: in function <.../nvim/site/pack/core/opt/blink.lib/lua/blink/lib/log.lua:187>
	[C]: in function 'pcall'
	.../nvim/site/pack/core/opt/blink.lib/lua/blink/lib/log.lua:301: in function <.../nvim/site/pack/core/opt/blink.lib/lua/blink/lib/log.lua:299>
Lua callback: /usr/share/nvim/runtime/lua/vim/treesitter.lua:460: Parser could not be created for buffer 4275 and language "notify"
stack traceback:
	[C]: in function 'assert'
	/usr/share/nvim/runtime/lua/vim/treesitter.lua:460: in function 'start'
	...onfig/nvim/lua/config/ui/highlight/treesitter-config.lua:6: in function <...onfig/nvim/lua/config/ui/highlight/treesitter-config.lua:5>
	[C]: in function 'nvim_buf_set_option'
	.../core/opt/nvim-notify/lua/notify/service/buffer/init.lua:103: in function 'render'
	...te/pack/core/opt/nvim-notify/lua/notify/service/init.lua:53: in function 'push'
	...m/site/pack/core/opt/nvim-notify/lua/notify/instance.lua:132: in function <...m/site/pack/core/opt/nvim-notify/lua/notify/instance.lua:77>
	...ck/core/opt/noice.nvim/lua/noice/view/backend/notify.lua:168: in function '_notify'
	...ck/core/opt/noice.nvim/lua/noice/view/backend/notify.lua:198: in function 'show'
	...im/site/pack/core/opt/noice.nvim/lua/noice/view/init.lua:163: in function <...im/site/pack/core/opt/noice.nvim/lua/noice/view/init.lua:161>
	[C]: in function 'xpcall'
	...
	...te/pack/core/opt/noice.nvim/lua/noice/message/router.lua:214: in function <...te/pack/core/opt/noice.nvim/lua/noice/message/router.lua:147>
	[C]: in function 'xpcall'
	...im/site/pack/core/opt/noice.nvim/lua/noice/util/call.lua:149: in function 'try'
	...nvim/site/pack/core/opt/noice.nvim/lua/noice/ui/init.lua:88: in function 'ui_attach_cb'
	...nvim/site/pack/core/opt/noice.nvim/lua/noice/ui/init.lua:27: in function 'process_queue'
	...nvim/site/pack/core/opt/noice.nvim/lua/noice/ui/init.lua:138: in function <...nvim/site/pack/core/opt/noice.nvim/lua/noice/ui/init.lua:118>
	[C]: in function 'nvim_echo'
	.../nvim/site/pack/core/opt/blink.lib/lua/blink/lib/log.lua:187: in function <.../nvim/site/pack/core/opt/blink.lib/lua/blink/lib/log.lua:187>
	[C]: in function 'pcall'
	.../nvim/site/pack/core/opt/blink.lib/lua/blink/lib/log.lua:301: in function <.../nvim/site/pack/core/opt/blink.lib/lua/blink/lib/log.lua:299>
Lua callback: /usr/share/nvim/runtime/lua/vim/treesitter.lua:460: Parser could not be created for buffer 4276 and language "notify"
stack traceback:
	[C]: in function 'assert'
	/usr/share/nvim/runtime/lua/vim/treesitter.lua:460: in function 'start'
	...onfig/nvim/lua/config/ui/highlight/treesitter-config.lua:6: in function <...onfig/nvim/lua/config/ui/highlight/treesitter-config.lua:5>
	[C]: in function 'nvim_buf_set_option'
	.../core/opt/nvim-notify/lua/notify/service/buffer/init.lua:103: in function 'render'
	...te/pack/core/opt/nvim-notify/lua/notify/service/init.lua:53: in function 'push'
	...m/site/pack/core/opt/nvim-notify/lua/notify/instance.lua:132: in function <...m/site/pack/core/opt/nvim-notify/lua/notify/instance.lua:77>
	...ck/core/opt/noice.nvim/lua/noice/view/backend/notify.lua:168: in function '_notify'
	...ck/core/opt/noice.nvim/lua/noice/view/backend/notify.lua:198: in function 'show'
	...im/site/pack/core/opt/noice.nvim/lua/noice/view/init.lua:163: in function <...im/site/pack/core/opt/noice.nvim/lua/noice/view/init.lua:161>
	[C]: in function 'xpcall'
	...
	...te/pack/core/opt/noice.nvim/lua/noice/message/router.lua:214: in function <...te/pack/core/opt/noice.nvim/lua/noice/message/router.lua:147>
	[C]: in function 'xpcall'
	...im/site/pack/core/opt/noice.nvim/lua/noice/util/call.lua:149: in function 'try'
	...nvim/site/pack/core/opt/noice.nvim/lua/noice/ui/init.lua:88: in function 'ui_attach_cb'
	...nvim/site/pack/core/opt/noice.nvim/lua/noice/ui/init.lua:27: in function 'process_queue'
	...nvim/site/pack/core/opt/noice.nvim/lua/noice/ui/init.lua:138: in function <...nvim/site/pack/core/opt/noice.nvim/lua/noice/ui/init.lua:118>
	[C]: in function 'nvim_echo'
	.../nvim/site/pack/core/opt/blink.lib/lua/blink/lib/log.lua:187: in function <.../nvim/site/pack/core/opt/blink.lib/lua/blink/lib/log.lua:187>
	[C]: in function 'pcall'
	.../nvim/site/pack/core/opt/blink.lib/lua/blink/lib/log.lua:301: in function <.../nvim/site/pack/core/opt/blink.lib/lua/blink/lib/log.lua:299>
Lua callback: /usr/share/nvim/runtime/lua/vim/treesitter.lua:460: Parser could not be created for buffer 4277 and language "notify"
stack traceback:
	[C]: in function 'assert'
	/usr/share/nvim/runtime/lua/vim/treesitter.lua:460: in function 'start'
	...onfig/nvim/lua/config/ui/highlight/treesitter-config.lua:6: in function <...onfig/nvim/lua/config/ui/highlight/treesitter-config.lua:5>
	[C]: in function 'nvim_buf_set_option'
	.../core/opt/nvim-notify/lua/notify/service/buffer/init.lua:103: in function 'render'
	...te/pack/core/opt/nvim-notify/lua/notify/service/init.lua:53: in function 'push'
	...m/site/pack/core/opt/nvim-notify/lua/notify/instance.lua:132: in function <...m/site/pack/core/opt/nvim-notify/lua/notify/instance.lua:77>
	...ck/core/opt/noice.nvim/lua/noice/view/backend/notify.lua:168: in function '_notify'
	...ck/core/opt/noice.nvim/lua/noice/view/backend/notify.lua:198: in function 'show'
	...im/site/pack/core/opt/noice.nvim/lua/noice/view/init.lua:163: in function <...im/site/pack/core/opt/noice.nvim/lua/noice/view/init.lua:161>
	[C]: in function 'xpcall'
	...
	...te/pack/core/opt/noice.nvim/lua/noice/message/router.lua:214: in function <...te/pack/core/opt/noice.nvim/lua/noice/message/router.lua:147>
	[C]: in function 'xpcall'
	...im/site/pack/core/opt/noice.nvim/lua/noice/util/call.lua:149: in function 'try'
	...nvim/site/pack/core/opt/noice.nvim/lua/noice/ui/init.lua:88: in function 'ui_attach_cb'
	...nvim/site/pack/core/opt/noice.nvim/lua/noice/ui/init.lua:27: in function 'process_queue'
	...nvim/site/pack/core/opt/noice.nvim/lua/noice/ui/init.lua:138: in function <...nvim/site/pack/core/opt/noice.nvim/lua/noice/ui/init.lua:118>
	[C]: in function 'nvim_echo'
	.../nvim/site/pack/core/opt/blink.lib/lua/blink/lib/log.lua:187: in function <.../nvim/site/pack/core/opt/blink.lib/lua/blink/lib/log.lua:187>
	[C]: in function 'pcall'
	.../nvim/site/pack/core/opt/blink.lib/lua/blink/lib/log.lua:301: in function <.../nvim/site/pack/core/opt/blink.lib/lua/blink/lib/log.lua:299>
Lua callback: /usr/share/nvim/runtime/lua/vim/treesitter.lua:460: Parser could not be created for buffer 4278 and language "notify"
stack traceback:
	[C]: in function 'assert'
	/usr/share/nvim/runtime/lua/vim/treesitter.lua:460: in function 'start'
	...onfig/nvim/lua/config/ui/highlight/treesitter-config.lua:6: in function <...onfig/nvim/lua/config/ui/highlight/treesitter-config.lua:5>
	[C]: in function 'nvim_buf_set_option'
	.../core/opt/nvim-notify/lua/notify/service/buffer/init.lua:103: in function 'render'
	...te/pack/core/opt/nvim-notify/lua/notify/service/init.lua:53: in function 'push'
	...m/site/pack/core/opt/nvim-notify/lua/notify/instance.lua:132: in function <...m/site/pack/core/opt/nvim-notify/lua/notify/instance.lua:77>
	...ck/core/opt/noice.nvim/lua/noice/view/backend/notify.lua:168: in function '_notify'
	...ck/core/opt/noice.nvim/lua/noice/view/backend/notify.lua:198: in function 'show'
	...im/site/pack/core/opt/noice.nvim/lua/noice/view/init.lua:163: in function <...im/site/pack/core/opt/noice.nvim/lua/noice/view/init.lua:161>
	[C]: in function 'xpcall'
	...
	...te/pack/core/opt/noice.nvim/lua/noice/message/router.lua:214: in function <...te/pack/core/opt/noice.nvim/lua/noice/message/router.lua:147>
	[C]: in function 'xpcall'
	...im/site/pack/core/opt/noice.nvim/lua/noice/util/call.lua:149: in function 'try'
	...nvim/site/pack/core/opt/noice.nvim/lua/noice/ui/init.lua:88: in function 'ui_attach_cb'
	...nvim/site/pack/core/opt/noice.nvim/lua/noice/ui/init.lua:27: in function 'process_queue'
	...nvim/site/pack/core/opt/noice.nvim/lua/noice/ui/init.lua:138: in function <...nvim/site/pack/core/opt/noice.nvim/lua/noice/ui/init.lua:118>
	[C]: in function 'nvim_echo'
	.../nvim/site/pack/core/opt/blink.lib/lua/blink/lib/log.lua:187: in function <.../nvim/site/pack/core/opt/blink.lib/lua/blink/lib/log.lua:187>
	[C]: in function 'pcall'
	.../nvim/site/pack/core/opt/blink.lib/lua/blink/lib/log.lua:301: in function <.../nvim/site/pack/core/opt/blink.lib/lua/blink/lib/log.lua:299>
Lua callback: /usr/share/nvim/runtime/lua/vim/treesitter.lua:460: Parser could not be created for buffer 4279 and language "notify"
stack traceback:
	[C]: in function 'assert'
	/usr/share/nvim/runtime/lua/vim/treesitter.lua:460: in function 'start'
	...onfig/nvim/lua/config/ui/highlight/treesitter-config.lua:6: in function <...onfig/nvim/lua/config/ui/highlight/treesitter-config.lua:5>
	[C]: in function 'nvim_buf_set_option'
	.../core/opt/nvim-notify/lua/notify/service/buffer/init.lua:103: in function 'render'
	...te/pack/core/opt/nvim-notify/lua/notify/service/init.lua:53: in function 'push'
	...m/site/pack/core/opt/nvim-notify/lua/notify/instance.lua:132: in function <...m/site/pack/core/opt/nvim-notify/lua/notify/instance.lua:77>
	...ck/core/opt/noice.nvim/lua/noice/view/backend/notify.lua:168: in function '_notify'
	...ck/core/opt/noice.nvim/lua/noice/view/backend/notify.lua:198: in function 'show'
	...im/site/pack/core/opt/noice.nvim/lua/noice/view/init.lua:163: in function <...im/site/pack/core/opt/noice.nvim/lua/noice/view/init.lua:161>
	[C]: in function 'xpcall'
	...
	...te/pack/core/opt/noice.nvim/lua/noice/message/router.lua:214: in function <...te/pack/core/opt/noice.nvim/lua/noice/message/router.lua:147>
	[C]: in function 'xpcall'
	...im/site/pack/core/opt/noice.nvim/lua/noice/util/call.lua:149: in function 'try'
	...nvim/site/pack/core/opt/noice.nvim/lua/noice/ui/init.lua:88: in function 'ui_attach_cb'
	...nvim/site/pack/core/opt/noice.nvim/lua/noice/ui/init.lua:27: in function 'process_queue'
	...nvim/site/pack/core/opt/noice.nvim/lua/noice/ui/init.lua:138: in function <...nvim/site/pack/core/opt/noice.nvim/lua/noice/ui/init.lua:118>
	[C]: in function 'nvim_echo'
	.../nvim/site/pack/core/opt/blink.lib/lua/blink/lib/log.lua:187: in function <.../nvim/site/pack/core/opt/blink.lib/lua/blink/lib/log.lua:187>
	[C]: in function 'pcall'
	.../nvim/site/pack/core/opt/blink.lib/lua/blink/lib/log.lua:301: in function <.../nvim/site/pack/core/opt/blink.lib/lua/blink/lib/log.lua:299>
Lua callback: /usr/share/nvim/runtime/lua/vim/treesitter.lua:460: Parser could not be created for buffer 4280 and language "notify"
stack traceback:
	[C]: in function 'assert'
	/usr/share/nvim/runtime/lua/vim/treesitter.lua:460: in function 'start'
	...onfig/nvim/lua/config/ui/highlight/treesitter-config.lua:6: in function <...onfig/nvim/lua/config/ui/highlight/treesitter-config.lua:5>
	[C]: in function 'nvim_buf_set_option'
	.../core/opt/nvim-notify/lua/notify/service/buffer/init.lua:103: in function 'render'
	...te/pack/core/opt/nvim-notify/lua/notify/service/init.lua:53: in function 'push'
	...m/site/pack/core/opt/nvim-notify/lua/notify/instance.lua:132: in function <...m/site/pack/core/opt/nvim-notify/lua/notify/instance.lua:77>
	...ck/core/opt/noice.nvim/lua/noice/view/backend/notify.lua:168: in function '_notify'
	...ck/core/opt/noice.nvim/lua/noice/view/backend/notify.lua:198: in function 'show'
	...im/site/pack/core/opt/noice.nvim/lua/noice/view/init.lua:163: in function <...im/site/pack/core/opt/noice.nvim/lua/noice/view/init.lua:161>
	[C]: in function 'xpcall'
	...
	...te/pack/core/opt/noice.nvim/lua/noice/message/router.lua:214: in function <...te/pack/core/opt/noice.nvim/lua/noice/message/router.lua:147>
	[C]: in function 'xpcall'
	...im/site/pack/core/opt/noice.nvim/lua/noice/util/call.lua:149: in function 'try'
	...nvim/site/pack/core/opt/noice.nvim/lua/noice/ui/init.lua:88: in function 'ui_attach_cb'
	...nvim/site/pack/core/opt/noice.nvim/lua/noice/ui/init.lua:27: in function 'process_queue'
	...nvim/site/pack/core/opt/noice.nvim/lua/noice/ui/init.lua:138: in function <...nvim/site/pack/core/opt/noice.nvim/lua/noice/ui/init.lua:118>
	[C]: in function 'nvim_echo'
	.../nvim/site/pack/core/opt/blink.lib/lua/blink/lib/log.lua:187: in function <.../nvim/site/pack/core/opt/blink.lib/lua/blink/lib/log.lua:187>
	[C]: in function 'pcall'
	.../nvim/site/pack/core/opt/blink.lib/lua/blink/lib/log.lua:301: in function <.../nvim/site/pack/core/opt/blink.lib/lua/blink/lib/log.lua:299>
Lua callback: /usr/share/nvim/runtime/lua/vim/treesitter.lua:460: Parser could not be created for buffer 4281 and language "notify"
stack traceback:
	[C]: in function 'assert'
	/usr/share/nvim/runtime/lua/vim/treesitter.lua:460: in function 'start'
	...onfig/nvim/lua/config/ui/highlight/treesitter-config.lua:6: in function <...onfig/nvim/lua/config/ui/highlight/treesitter-config.lua:5>
	[C]: in function 'nvim_buf_set_option'
	.../core/opt/nvim-notify/lua/notify/service/buffer/init.lua:103: in function 'render'
	...te/pack/core/opt/nvim-notify/lua/notify/service/init.lua:53: in function 'push'
	...m/site/pack/core/opt/nvim-notify/lua/notify/instance.lua:132: in function <...m/site/pack/core/opt/nvim-notify/lua/notify/instance.lua:77>
	...ck/core/opt/noice.nvim/lua/noice/view/backend/notify.lua:168: in function '_notify'
	...ck/core/opt/noice.nvim/lua/noice/view/backend/notify.lua:198: in function 'show'
	...im/site/pack/core/opt/noice.nvim/lua/noice/view/init.lua:163: in function <...im/site/pack/core/opt/noice.nvim/lua/noice/view/init.lua:161>
	[C]: in function 'xpcall'
	...
	...te/pack/core/opt/noice.nvim/lua/noice/message/router.lua:214: in function <...te/pack/core/opt/noice.nvim/lua/noice/message/router.lua:147>
	[C]: in function 'xpcall'
	...im/site/pack/core/opt/noice.nvim/lua/noice/util/call.lua:149: in function 'try'
	...nvim/site/pack/core/opt/noice.nvim/lua/noice/ui/init.lua:88: in function 'ui_attach_cb'
	...nvim/site/pack/core/opt/noice.nvim/lua/noice/ui/init.lua:27: in function 'process_queue'
	...nvim/site/pack/core/opt/noice.nvim/lua/noice/ui/init.lua:138: in function <...nvim/site/pack/core/opt/noice.nvim/lua/noice/ui/init.lua:118>
	[C]: in function 'nvim_echo'
	.../nvim/site/pack/core/opt/blink.lib/lua/blink/lib/log.lua:187: in function <.../nvim/site/pack/core/opt/blink.lib/lua/blink/lib/log.lua:187>
	[C]: in function 'pcall'
	.../nvim/site/pack/core/opt/blink.lib/lua/blink/lib/log.lua:301: in function <.../nvim/site/pack/core/opt/blink.lib/lua/blink/lib/log.lua:299>
Lua callback: /usr/share/nvim/runtime/lua/vim/treesitter.lua:460: Parser could not be created for buffer 4282 and language "notify"
stack traceback:
	[C]: in function 'assert'
	/usr/share/nvim/runtime/lua/vim/treesitter.lua:460: in function 'start'
	...onfig/nvim/lua/config/ui/highlight/treesitter-config.lua:6: in function <...onfig/nvim/lua/config/ui/highlight/treesitter-config.lua:5>
	[C]: in function 'nvim_buf_set_option'
	.../core/opt/nvim-notify/lua/notify/service/buffer/init.lua:103: in function 'render'
	...te/pack/core/opt/nvim-notify/lua/notify/service/init.lua:53: in function 'push'
	...m/site/pack/core/opt/nvim-notify/lua/notify/instance.lua:132: in function <...m/site/pack/core/opt/nvim-notify/lua/notify/instance.lua:77>
	...ck/core/opt/noice.nvim/lua/noice/view/backend/notify.lua:168: in function '_notify'
	...ck/core/opt/noice.nvim/lua/noice/view/backend/notify.lua:198: in function 'show'
	...im/site/pack/core/opt/noice.nvim/lua/noice/view/init.lua:163: in function <...im/site/pack/core/opt/noice.nvim/lua/noice/view/init.lua:161>
	[C]: in function 'xpcall'
	...
	...te/pack/core/opt/noice.nvim/lua/noice/message/router.lua:214: in function <...te/pack/core/opt/noice.nvim/lua/noice/message/router.lua:147>
	[C]: in function 'xpcall'
	...im/site/pack/core/opt/noice.nvim/lua/noice/util/call.lua:149: in function 'try'
	...nvim/site/pack/core/opt/noice.nvim/lua/noice/ui/init.lua:88: in function 'ui_attach_cb'
	...nvim/site/pack/core/opt/noice.nvim/lua/noice/ui/init.lua:27: in function 'process_queue'
	...nvim/site/pack/core/opt/noice.nvim/lua/noice/ui/init.lua:138: in function <...nvim/site/pack/core/opt/noice.nvim/lua/noice/ui/init.lua:118>
	[C]: in function 'nvim_echo'
	.../nvim/site/pack/core/opt/blink.lib/lua/blink/lib/log.lua:187: in function <.../nvim/site/pack/core/opt/blink.lib/lua/blink/lib/log.lua:187>
	[C]: in function 'pcall'
	.../nvim/site/pack/core/opt/blink.lib/lua/blink/lib/log.lua:301: in function <.../nvim/site/pack/core/opt/blink.lib/lua/blink/lib/log.lua:299>
Lua callback: /usr/share/nvim/runtime/lua/vim/treesitter.lua:460: Parser could not be created for buffer 4283 and language "notify"
stack traceback:
	[C]: in function 'assert'
	/usr/share/nvim/runtime/lua/vim/treesitter.lua:460: in function 'start'
	...onfig/nvim/lua/config/ui/highlight/treesitter-config.lua:6: in function <...onfig/nvim/lua/config/ui/highlight/treesitter-config.lua:5>
	[C]: in function 'nvim_buf_set_option'
	.../core/opt/nvim-notify/lua/notify/service/buffer/init.lua:103: in function 'render'
	...te/pack/core/opt/nvim-notify/lua/notify/service/init.lua:53: in function 'push'
	...m/site/pack/core/opt/nvim-notify/lua/notify/instance.lua:132: in function <...m/site/pack/core/opt/nvim-notify/lua/notify/instance.lua:77>
	...ck/core/opt/noice.nvim/lua/noice/view/backend/notify.lua:168: in function '_notify'
	...ck/core/opt/noice.nvim/lua/noice/view/backend/notify.lua:198: in function 'show'
	...im/site/pack/core/opt/noice.nvim/lua/noice/view/init.lua:163: in function <...im/site/pack/core/opt/noice.nvim/lua/noice/view/init.lua:161>
	[C]: in function 'xpcall'
	...
	...te/pack/core/opt/noice.nvim/lua/noice/message/router.lua:214: in function <...te/pack/core/opt/noice.nvim/lua/noice/message/router.lua:147>
	[C]: in function 'xpcall'
	...im/site/pack/core/opt/noice.nvim/lua/noice/util/call.lua:149: in function 'try'
	...nvim/site/pack/core/opt/noice.nvim/lua/noice/ui/init.lua:88: in function 'ui_attach_cb'
	...nvim/site/pack/core/opt/noice.nvim/lua/noice/ui/init.lua:27: in function 'process_queue'
	...nvim/site/pack/core/opt/noice.nvim/lua/noice/ui/init.lua:138: in function <...nvim/site/pack/core/opt/noice.nvim/lua/noice/ui/init.lua:118>
	[C]: in function 'nvim_echo'
	.../nvim/site/pack/core/opt/blink.lib/lua/blink/lib/log.lua:187: in function <.../nvim/site/pack/core/opt/blink.lib/lua/blink/lib/log.lua:187>
	[C]: in function 'pcall'
	.../nvim/site/pack/core/opt/blink.lib/lua/blink/lib/log.lua:301: in function <.../nvim/site/pack/core/opt/blink.lib/lua/blink/lib/log.lua:299>
Lua callback: /usr/share/nvim/runtime/lua/vim/treesitter.lua:460: Parser could not be created for buffer 4284 and language "notify"
stack traceback:
	[C]: in function 'assert'
	/usr/share/nvim/runtime/lua/vim/treesitter.lua:460: in function 'start'
	...onfig/nvim/lua/config/ui/highlight/treesitter-config.lua:6: in function <...onfig/nvim/lua/config/ui/highlight/treesitter-config.lua:5>
	[C]: in function 'nvim_buf_set_option'
	.../core/opt/nvim-notify/lua/notify/service/buffer/init.lua:103: in function 'render'
	...te/pack/core/opt/nvim-notify/lua/notify/service/init.lua:53: in function 'push'
	...m/site/pack/core/opt/nvim-notify/lua/notify/instance.lua:132: in function <...m/site/pack/core/opt/nvim-notify/lua/notify/instance.lua:77>
	...ck/core/opt/noice.nvim/lua/noice/view/backend/notify.lua:168: in function '_notify'
	...ck/core/opt/noice.nvim/lua/noice/view/backend/notify.lua:198: in function 'show'
	...im/site/pack/core/opt/noice.nvim/lua/noice/view/init.lua:163: in function <...im/site/pack/core/opt/noice.nvim/lua/noice/view/init.lua:161>
	[C]: in function 'xpcall'
	...
	...te/pack/core/opt/noice.nvim/lua/noice/message/router.lua:214: in function <...te/pack/core/opt/noice.nvim/lua/noice/message/router.lua:147>
	[C]: in function 'xpcall'
	...im/site/pack/core/opt/noice.nvim/lua/noice/util/call.lua:149: in function 'try'
	...nvim/site/pack/core/opt/noice.nvim/lua/noice/ui/init.lua:88: in function 'ui_attach_cb'
	...nvim/site/pack/core/opt/noice.nvim/lua/noice/ui/init.lua:27: in function 'process_queue'
	...nvim/site/pack/core/opt/noice.nvim/lua/noice/ui/init.lua:138: in function <...nvim/site/pack/core/opt/noice.nvim/lua/noice/ui/init.lua:118>
	[C]: in function 'nvim_echo'
	.../nvim/site/pack/core/opt/blink.lib/lua/blink/lib/log.lua:187: in function <.../nvim/site/pack/core/opt/blink.lib/lua/blink/lib/log.lua:187>
	[C]: in function 'pcall'
	.../nvim/site/pack/core/opt/blink.lib/lua/blink/lib/log.lua:301: in function <.../nvim/site/pack/core/opt/blink.lib/lua/blink/lib/log.lua:299>
Lua callback: /usr/share/nvim/runtime/lua/vim/treesitter.lua:460: Parser could not be created for buffer 4285 and language "notify"
stack traceback:
	[C]: in function 'assert'
	/usr/share/nvim/runtime/lua/vim/treesitter.lua:460: in function 'start'
	...onfig/nvim/lua/config/ui/highlight/treesitter-config.lua:6: in function <...onfig/nvim/lua/config/ui/highlight/treesitter-config.lua:5>
	[C]: in function 'nvim_buf_set_option'
	.../core/opt/nvim-notify/lua/notify/service/buffer/init.lua:103: in function 'render'
	...te/pack/core/opt/nvim-notify/lua/notify/service/init.lua:53: in function 'push'
	...m/site/pack/core/opt/nvim-notify/lua/notify/instance.lua:132: in function <...m/site/pack/core/opt/nvim-notify/lua/notify/instance.lua:77>
	...ck/core/opt/noice.nvim/lua/noice/view/backend/notify.lua:168: in function '_notify'
	...ck/core/opt/noice.nvim/lua/noice/view/backend/notify.lua:198: in function 'show'
	...im/site/pack/core/opt/noice.nvim/lua/noice/view/init.lua:163: in function <...im/site/pack/core/opt/noice.nvim/lua/noice/view/init.lua:161>
	[C]: in function 'xpcall'
	...
	...te/pack/core/opt/noice.nvim/lua/noice/message/router.lua:214: in function <...te/pack/core/opt/noice.nvim/lua/noice/message/router.lua:147>
	[C]: in function 'xpcall'
	...im/site/pack/core/opt/noice.nvim/lua/noice/util/call.lua:149: in function 'try'
	...nvim/site/pack/core/opt/noice.nvim/lua/noice/ui/init.lua:88: in function 'ui_attach_cb'
	...nvim/site/pack/core/opt/noice.nvim/lua/noice/ui/init.lua:27: in function 'process_queue'
	...nvim/site/pack/core/opt/noice.nvim/lua/noice/ui/init.lua:138: in function <...nvim/site/pack/core/opt/noice.nvim/lua/noice/ui/init.lua:118>
	[C]: in function 'nvim_echo'
	.../nvim/site/pack/core/opt/blink.lib/lua/blink/lib/log.lua:187: in function <.../nvim/site/pack/core/opt/blink.lib/lua/blink/lib/log.lua:187>
	[C]: in function 'pcall'
	.../nvim/site/pack/core/opt/blink.lib/lua/blink/lib/log.lua:301: in function <.../nvim/site/pack/core/opt/blink.lib/lua/blink/lib/log.lua:299>
Lua callback: /usr/share/nvim/runtime/lua/vim/treesitter.lua:460: Parser could not be created for buffer 4286 and language "notify"
stack traceback:
	[C]: in function 'assert'
	/usr/share/nvim/runtime/lua/vim/treesitter.lua:460: in function 'start'
	...onfig/nvim/lua/config/ui/highlight/treesitter-config.lua:6: in function <...onfig/nvim/lua/config/ui/highlight/treesitter-config.lua:5>
	[C]: in function 'nvim_buf_set_option'
	.../core/opt/nvim-notify/lua/notify/service/buffer/init.lua:103: in function 'render'
	...te/pack/core/opt/nvim-notify/lua/notify/service/init.lua:53: in function 'push'
	...m/site/pack/core/opt/nvim-notify/lua/notify/instance.lua:132: in function <...m/site/pack/core/opt/nvim-notify/lua/notify/instance.lua:77>
	...ck/core/opt/noice.nvim/lua/noice/view/backend/notify.lua:168: in function '_notify'
	...ck/core/opt/noice.nvim/lua/noice/view/backend/notify.lua:198: in function 'show'
	...im/site/pack/core/opt/noice.nvim/lua/noice/view/init.lua:163: in function <...im/site/pack/core/opt/noice.nvim/lua/noice/view/init.lua:161>
	[C]: in function 'xpcall'
	...
	...te/pack/core/opt/noice.nvim/lua/noice/message/router.lua:214: in function <...te/pack/core/opt/noice.nvim/lua/noice/message/router.lua:147>
	[C]: in function 'xpcall'
	...im/site/pack/core/opt/noice.nvim/lua/noice/util/call.lua:149: in function 'try'
	...nvim/site/pack/core/opt/noice.nvim/lua/noice/ui/init.lua:88: in function 'ui_attach_cb'
	...nvim/site/pack/core/opt/noice.nvim/lua/noice/ui/init.lua:27: in function 'process_queue'
	...nvim/site/pack/core/opt/noice.nvim/lua/noice/ui/init.lua:138: in function <...nvim/site/pack/core/opt/noice.nvim/lua/noice/ui/init.lua:118>
	[C]: in function 'nvim_echo'
	.../nvim/site/pack/core/opt/blink.lib/lua/blink/lib/log.lua:187: in function <.../nvim/site/pack/core/opt/blink.lib/lua/blink/lib/log.lua:187>
	[C]: in function 'pcall'
	.../nvim/site/pack/core/opt/blink.lib/lua/blink/lib/log.lua:301: in function <.../nvim/site/pack/core/opt/blink.lib/lua/blink/lib/log.lua:299>
Lua callback: /usr/share/nvim/runtime/lua/vim/treesitter.lua:460: Parser could not be created for buffer 4287 and language "notify"
stack traceback:
	[C]: in function 'assert'
	/usr/share/nvim/runtime/lua/vim/treesitter.lua:460: in function 'start'
	...onfig/nvim/lua/config/ui/highlight/treesitter-config.lua:6: in function <...onfig/nvim/lua/config/ui/highlight/treesitter-config.lua:5>
	[C]: in function 'nvim_buf_set_option'
	.../core/opt/nvim-notify/lua/notify/service/buffer/init.lua:103: in function 'render'
	...te/pack/core/opt/nvim-notify/lua/notify/service/init.lua:53: in function 'push'
	...m/site/pack/core/opt/nvim-notify/lua/notify/instance.lua:132: in function <...m/site/pack/core/opt/nvim-notify/lua/notify/instance.lua:77>
	...ck/core/opt/noice.nvim/lua/noice/view/backend/notify.lua:168: in function '_notify'
	...ck/core/opt/noice.nvim/lua/noice/view/backend/notify.lua:198: in function 'show'
	...im/site/pack/core/opt/noice.nvim/lua/noice/view/init.lua:163: in function <...im/site/pack/core/opt/noice.nvim/lua/noice/view/init.lua:161>
	[C]: in function 'xpcall'
	...
	...te/pack/core/opt/noice.nvim/lua/noice/message/router.lua:214: in function <...te/pack/core/opt/noice.nvim/lua/noice/message/router.lua:147>
	[C]: in function 'xpcall'
	...im/site/pack/core/opt/noice.nvim/lua/noice/util/call.lua:149: in function 'try'
	...nvim/site/pack/core/opt/noice.nvim/lua/noice/ui/init.lua:88: in function 'ui_attach_cb'
	...nvim/site/pack/core/opt/noice.nvim/lua/noice/ui/init.lua:27: in function 'process_queue'
	...nvim/site/pack/core/opt/noice.nvim/lua/noice/ui/init.lua:138: in function <...nvim/site/pack/core/opt/noice.nvim/lua/noice/ui/init.lua:118>
	[C]: in function 'nvim_echo'
	.../nvim/site/pack/core/opt/blink.lib/lua/blink/lib/log.lua:187: in function <.../nvim/site/pack/core/opt/blink.lib/lua/blink/lib/log.lua:187>
	[C]: in function 'pcall'
	.../nvim/site/pack/core/opt/blink.lib/lua/blink/lib/log.lua:301: in function <.../nvim/site/pack/core/opt/blink.lib/lua/blink/lib/log.lua:299>
Lua callback: /usr/share/nvim/runtime/lua/vim/treesitter.lua:460: Parser could not be created for buffer 4288 and language "notify"
stack traceback:
	[C]: in function 'assert'
	/usr/share/nvim/runtime/lua/vim/treesitter.lua:460: in function 'start'
	...onfig/nvim/lua/config/ui/highlight/treesitter-config.lua:6: in function <...onfig/nvim/lua/config/ui/highlight/treesitter-config.lua:5>
	[C]: in function 'nvim_buf_set_option'
	.../core/opt/nvim-notify/lua/notify/service/buffer/init.lua:103: in function 'render'
	...te/pack/core/opt/nvim-notify/lua/notify/service/init.lua:53: in function 'push'
	...m/site/pack/core/opt/nvim-notify/lua/notify/instance.lua:132: in function <...m/site/pack/core/opt/nvim-notify/lua/notify/instance.lua:77>
	...ck/core/opt/noice.nvim/lua/noice/view/backend/notify.lua:168: in function '_notify'
	...ck/core/opt/noice.nvim/lua/noice/view/backend/notify.lua:198: in function 'show'
	...im/site/pack/core/opt/noice.nvim/lua/noice/view/init.lua:163: in function <...im/site/pack/core/opt/noice.nvim/lua/noice/view/init.lua:161>
	[C]: in function 'xpcall'
	...
	...te/pack/core/opt/noice.nvim/lua/noice/message/router.lua:214: in function <...te/pack/core/opt/noice.nvim/lua/noice/message/router.lua:147>
	[C]: in function 'xpcall'
	...im/site/pack/core/opt/noice.nvim/lua/noice/util/call.lua:149: in function 'try'
	...nvim/site/pack/core/opt/noice.nvim/lua/noice/ui/init.lua:88: in function 'ui_attach_cb'
	...nvim/site/pack/core/opt/noice.nvim/lua/noice/ui/init.lua:27: in function 'process_queue'
	...nvim/site/pack/core/opt/noice.nvim/lua/noice/ui/init.lua:138: in function <...nvim/site/pack/core/opt/noice.nvim/lua/noice/ui/init.lua:118>
	[C]: in function 'nvim_echo'
	.../nvim/site/pack/core/opt/blink.lib/lua/blink/lib/log.lua:187: in function <.../nvim/site/pack/core/opt/blink.lib/lua/blink/lib/log.lua:187>
	[C]: in function 'pcall'
	.../nvim/site/pack/core/opt/blink.lib/lua/blink/lib/log.lua:301: in function <.../nvim/site/pack/core/opt/blink.lib/lua/blink/lib/log.lua:299>
Lua callback: /usr/share/nvim/runtime/lua/vim/treesitter.lua:460: Parser could not be created for buffer 4289 and language "notify"
stack traceback:
	[C]: in function 'assert'
	/usr/share/nvim/runtime/lua/vim/treesitter.lua:460: in function 'start'
	...onfig/nvim/lua/config/ui/highlight/treesitter-config.lua:6: in function <...onfig/nvim/lua/config/ui/highlight/treesitter-config.lua:5>
	[C]: in function 'nvim_buf_set_option'
	.../core/opt/nvim-notify/lua/notify/service/buffer/init.lua:103: in function 'render'
	...te/pack/core/opt/nvim-notify/lua/notify/service/init.lua:53: in function 'push'
	...m/site/pack/core/opt/nvim-notify/lua/notify/instance.lua:132: in function <...m/site/pack/core/opt/nvim-notify/lua/notify/instance.lua:77>
	...ck/core/opt/noice.nvim/lua/noice/view/backend/notify.lua:168: in function '_notify'
	...ck/core/opt/noice.nvim/lua/noice/view/backend/notify.lua:198: in function 'show'
	...im/site/pack/core/opt/noice.nvim/lua/noice/view/init.lua:163: in function <...im/site/pack/core/opt/noice.nvim/lua/noice/view/init.lua:161>
	[C]: in function 'xpcall'
	...
	...te/pack/core/opt/noice.nvim/lua/noice/message/router.lua:214: in function <...te/pack/core/opt/noice.nvim/lua/noice/message/router.lua:147>
	[C]: in function 'xpcall'
	...im/site/pack/core/opt/noice.nvim/lua/noice/util/call.lua:149: in function 'try'
	...nvim/site/pack/core/opt/noice.nvim/lua/noice/ui/init.lua:88: in function 'ui_attach_cb'
	...nvim/site/pack/core/opt/noice.nvim/lua/noice/ui/init.lua:27: in function 'process_queue'
	...nvim/site/pack/core/opt/noice.nvim/lua/noice/ui/init.lua:138: in function <...nvim/site/pack/core/opt/noice.nvim/lua/noice/ui/init.lua:118>
	[C]: in function 'nvim_echo'
	.../nvim/site/pack/core/opt/blink.lib/lua/blink/lib/log.lua:187: in function <.../nvim/site/pack/core/opt/blink.lib/lua/blink/lib/log.lua:187>
	[C]: in function 'pcall'
	.../nvim/site/pack/core/opt/blink.lib/lua/blink/lib/log.lua:301: in function <.../nvim/site/pack/core/opt/blink.lib/lua/blink/lib/log.lua:299>
Lua callback: /usr/share/nvim/runtime/lua/vim/treesitter.lua:460: Parser could not be created for buffer 4290 and language "notify"
stack traceback:
	[C]: in function 'assert'
	/usr/share/nvim/runtime/lua/vim/treesitter.lua:460: in function 'start'
	...onfig/nvim/lua/config/ui/highlight/treesitter-config.lua:6: in function <...onfig/nvim/lua/config/ui/highlight/treesitter-config.lua:5>
	[C]: in function 'nvim_buf_set_option'
	.../core/opt/nvim-notify/lua/notify/service/buffer/init.lua:103: in function 'render'
	...te/pack/core/opt/nvim-notify/lua/notify/service/init.lua:53: in function 'push'
	...m/site/pack/core/opt/nvim-notify/lua/notify/instance.lua:132: in function <...m/site/pack/core/opt/nvim-notify/lua/notify/instance.lua:77>
	...ck/core/opt/noice.nvim/lua/noice/view/backend/notify.lua:168: in function '_notify'
	...ck/core/opt/noice.nvim/lua/noice/view/backend/notify.lua:198: in function 'show'
	...im/site/pack/core/opt/noice.nvim/lua/noice/view/init.lua:163: in function <...im/site/pack/core/opt/noice.nvim/lua/noice/view/init.lua:161>
	[C]: in function 'xpcall'
	...
	...te/pack/core/opt/noice.nvim/lua/noice/message/router.lua:214: in function <...te/pack/core/opt/noice.nvim/lua/noice/message/router.lua:147>
	[C]: in function 'xpcall'
	...im/site/pack/core/opt/noice.nvim/lua/noice/util/call.lua:149: in function 'try'
	...nvim/site/pack/core/opt/noice.nvim/lua/noice/ui/init.lua:88: in function 'ui_attach_cb'
	...nvim/site/pack/core/opt/noice.nvim/lua/noice/ui/init.lua:27: in function 'process_queue'
	...nvim/site/pack/core/opt/noice.nvim/lua/noice/ui/init.lua:138: in function <...nvim/site/pack/core/opt/noice.nvim/lua/noice/ui/init.lua:118>
	[C]: in function 'nvim_echo'
	.../nvim/site/pack/core/opt/blink.lib/lua/blink/lib/log.lua:187: in function <.../nvim/site/pack/core/opt/blink.lib/lua/blink/lib/log.lua:187>
	[C]: in function 'pcall'
	.../nvim/site/pack/core/opt/blink.lib/lua/blink/lib/log.lua:301: in function <.../nvim/site/pack/core/opt/blink.lib/lua/blink/lib/log.lua:299>
Lua callback: /usr/share/nvim/runtime/lua/vim/treesitter.lua:460: Parser could not be created for buffer 4291 and language "notify"
stack traceback:
	[C]: in function 'assert'
	/usr/share/nvim/runtime/lua/vim/treesitter.lua:460: in function 'start'
	...onfig/nvim/lua/config/ui/highlight/treesitter-config.lua:6: in function <...onfig/nvim/lua/config/ui/highlight/treesitter-config.lua:5>
	[C]: in function 'nvim_buf_set_option'
	.../core/opt/nvim-notify/lua/notify/service/buffer/init.lua:103: in function 'render'
	...te/pack/core/opt/nvim-notify/lua/notify/service/init.lua:53: in function 'push'
	...m/site/pack/core/opt/nvim-notify/lua/notify/instance.lua:132: in function <...m/site/pack/core/opt/nvim-notify/lua/notify/instance.lua:77>
	...ck/core/opt/noice.nvim/lua/noice/view/backend/notify.lua:168: in function '_notify'
	...ck/core/opt/noice.nvim/lua/noice/view/backend/notify.lua:198: in function 'show'
	...im/site/pack/core/opt/noice.nvim/lua/noice/view/init.lua:163: in function <...im/site/pack/core/opt/noice.nvim/lua/noice/view/init.lua:161>
	[C]: in function 'xpcall'
	...
	...te/pack/core/opt/noice.nvim/lua/noice/message/router.lua:214: in function <...te/pack/core/opt/noice.nvim/lua/noice/message/router.lua:147>
	[C]: in function 'xpcall'
	...im/site/pack/core/opt/noice.nvim/lua/noice/util/call.lua:149: in function 'try'
	...nvim/site/pack/core/opt/noice.nvim/lua/noice/ui/init.lua:88: in function 'ui_attach_cb'
	...nvim/site/pack/core/opt/noice.nvim/lua/noice/ui/init.lua:27: in function 'process_queue'
	...nvim/site/pack/core/opt/noice.nvim/lua/noice/ui/init.lua:138: in function <...nvim/site/pack/core/opt/noice.nvim/lua/noice/ui/init.lua:118>
	[C]: in function 'nvim_echo'
	.../nvim/site/pack/core/opt/blink.lib/lua/blink/lib/log.lua:187: in function <.../nvim/site/pack/core/opt/blink.lib/lua/blink/lib/log.lua:187>
	[C]: in function 'pcall'
	.../nvim/site/pack/core/opt/blink.lib/lua/blink/lib/log.lua:301: in function <.../nvim/site/pack/core/opt/blink.lib/lua/blink/lib/log.lua:299>
Lua callback: /usr/share/nvim/runtime/lua/vim/treesitter.lua:460: Parser could not be created for buffer 4292 and language "notify"
stack traceback:
	[C]: in function 'assert'
	/usr/share/nvim/runtime/lua/vim/treesitter.lua:460: in function 'start'
	...onfig/nvim/lua/config/ui/highlight/treesitter-config.lua:6: in function <...onfig/nvim/lua/config/ui/highlight/treesitter-config.lua:5>
	[C]: in function 'nvim_buf_set_option'
	.../core/opt/nvim-notify/lua/notify/service/buffer/init.lua:103: in function 'render'
	...te/pack/core/opt/nvim-notify/lua/notify/service/init.lua:53: in function 'push'
	...m/site/pack/core/opt/nvim-notify/lua/notify/instance.lua:132: in function <...m/site/pack/core/opt/nvim-notify/lua/notify/instance.lua:77>
	...ck/core/opt/noice.nvim/lua/noice/view/backend/notify.lua:168: in function '_notify'
	...ck/core/opt/noice.nvim/lua/noice/view/backend/notify.lua:198: in function 'show'
	...im/site/pack/core/opt/noice.nvim/lua/noice/view/init.lua:163: in function <...im/site/pack/core/opt/noice.nvim/lua/noice/view/init.lua:161>
	[C]: in function 'xpcall'
	...
	...te/pack/core/opt/noice.nvim/lua/noice/message/router.lua:214: in function <...te/pack/core/opt/noice.nvim/lua/noice/message/router.lua:147>
	[C]: in function 'xpcall'
	...im/site/pack/core/opt/noice.nvim/lua/noice/util/call.lua:149: in function 'try'
	...nvim/site/pack/core/opt/noice.nvim/lua/noice/ui/init.lua:88: in function 'ui_attach_cb'
	...nvim/site/pack/core/opt/noice.nvim/lua/noice/ui/init.lua:27: in function 'process_queue'
	...nvim/site/pack/core/opt/noice.nvim/lua/noice/ui/init.lua:138: in function <...nvim/site/pack/core/opt/noice.nvim/lua/noice/ui/init.lua:118>
	[C]: in function 'nvim_echo'
	.../nvim/site/pack/core/opt/blink.lib/lua/blink/lib/log.lua:187: in function <.../nvim/site/pack/core/opt/blink.lib/lua/blink/lib/log.lua:187>
	[C]: in function 'pcall'
	.../nvim/site/pack/core/opt/blink.lib/lua/blink/lib/log.lua:301: in function <.../nvim/site/pack/core/opt/blink.lib/lua/blink/lib/log.lua:299>
Lua callback: /usr/share/nvim/runtime/lua/vim/treesitter.lua:460: Parser could not be created for buffer 4293 and language "notify"
stack traceback:
	[C]: in function 'assert'
	/usr/share/nvim/runtime/lua/vim/treesitter.lua:460: in function 'start'
	...onfig/nvim/lua/config/ui/highlight/treesitter-config.lua:6: in function <...onfig/nvim/lua/config/ui/highlight/treesitter-config.lua:5>
	[C]: in function 'nvim_buf_set_option'
	.../core/opt/nvim-notify/lua/notify/service/buffer/init.lua:103: in function 'render'
	...te/pack/core/opt/nvim-notify/lua/notify/service/init.lua:53: in function 'push'
	...m/site/pack/core/opt/nvim-notify/lua/notify/instance.lua:132: in function <...m/site/pack/core/opt/nvim-notify/lua/notify/instance.lua:77>
	...ck/core/opt/noice.nvim/lua/noice/view/backend/notify.lua:168: in function '_notify'
	...ck/core/opt/noice.nvim/lua/noice/view/backend/notify.lua:198: in function 'show'
	...im/site/pack/core/opt/noice.nvim/lua/noice/view/init.lua:163: in function <...im/site/pack/core/opt/noice.nvim/lua/noice/view/init.lua:161>
	[C]: in function 'xpcall'
	...
	...te/pack/core/opt/noice.nvim/lua/noice/message/router.lua:214: in function <...te/pack/core/opt/noice.nvim/lua/noice/message/router.lua:147>
	[C]: in function 'xpcall'
	...im/site/pack/core/opt/noice.nvim/lua/noice/util/call.lua:149: in function 'try'
	...nvim/site/pack/core/opt/noice.nvim/lua/noice/ui/init.lua:88: in function 'ui_attach_cb'
	...nvim/site/pack/core/opt/noice.nvim/lua/noice/ui/init.lua:27: in function 'process_queue'
	...nvim/site/pack/core/opt/noice.nvim/lua/noice/ui/init.lua:138: in function <...nvim/site/pack/core/opt/noice.nvim/lua/noice/ui/init.lua:118>
	[C]: in function 'nvim_echo'
	.../nvim/site/pack/core/opt/blink.lib/lua/blink/lib/log.lua:187: in function <.../nvim/site/pack/core/opt/blink.lib/lua/blink/lib/log.lua:187>
	[C]: in function 'pcall'
	.../nvim/site/pack/core/opt/blink.lib/lua/blink/lib/log.lua:301: in function <.../nvim/site/pack/core/opt/blink.lib/lua/blink/lib/log.lua:299>
Lua callback: /usr/share/nvim/runtime/lua/vim/treesitter.lua:460: Parser could not be created for buffer 4294 and language "notify"
stack traceback:
	[C]: in function 'assert'
	/usr/share/nvim/runtime/lua/vim/treesitter.lua:460: in function 'start'
	...onfig/nvim/lua/config/ui/highlight/treesitter-config.lua:6: in function <...onfig/nvim/lua/config/ui/highlight/treesitter-config.lua:5>
	[C]: in function 'nvim_buf_set_option'
	.../core/opt/nvim-notify/lua/notify/service/buffer/init.lua:103: in function 'render'
	...te/pack/core/opt/nvim-notify/lua/notify/service/init.lua:53: in function 'push'
	...m/site/pack/core/opt/nvim-notify/lua/notify/instance.lua:132: in function <...m/site/pack/core/opt/nvim-notify/lua/notify/instance.lua:77>
	...ck/core/opt/noice.nvim/lua/noice/view/backend/notify.lua:168: in function '_notify'
	...ck/core/opt/noice.nvim/lua/noice/view/backend/notify.lua:198: in function 'show'
	...im/site/pack/core/opt/noice.nvim/lua/noice/view/init.lua:163: in function <...im/site/pack/core/opt/noice.nvim/lua/noice/view/init.lua:161>
	[C]: in function 'xpcall'
	...
	...te/pack/core/opt/noice.nvim/lua/noice/message/router.lua:214: in function <...te/pack/core/opt/noice.nvim/lua/noice/message/router.lua:147>
	[C]: in function 'xpcall'
	...im/site/pack/core/opt/noice.nvim/lua/noice/util/call.lua:149: in function 'try'
	...nvim/site/pack/core/opt/noice.nvim/lua/noice/ui/init.lua:88: in function 'ui_attach_cb'
	...nvim/site/pack/core/opt/noice.nvim/lua/noice/ui/init.lua:27: in function 'process_queue'
	...nvim/site/pack/core/opt/noice.nvim/lua/noice/ui/init.lua:138: in function <...nvim/site/pack/core/opt/noice.nvim/lua/noice/ui/init.lua:118>
	[C]: in function 'nvim_echo'
	.../nvim/site/pack/core/opt/blink.lib/lua/blink/lib/log.lua:187: in function <.../nvim/site/pack/core/opt/blink.lib/lua/blink/lib/log.lua:187>
	[C]: in function 'pcall'
	.../nvim/site/pack/core/opt/blink.lib/lua/blink/lib/log.lua:301: in function <.../nvim/site/pack/core/opt/blink.lib/lua/blink/lib/log.lua:299>
Lua callback: /usr/share/nvim/runtime/lua/vim/treesitter.lua:460: Parser could not be created for buffer 4295 and language "notify"
stack traceback:
	[C]: in function 'assert'
	/usr/share/nvim/runtime/lua/vim/treesitter.lua:460: in function 'start'
	...onfig/nvim/lua/config/ui/highlight/treesitter-config.lua:6: in function <...onfig/nvim/lua/config/ui/highlight/treesitter-config.lua:5>
	[C]: in function 'nvim_buf_set_option'
	.../core/opt/nvim-notify/lua/notify/service/buffer/init.lua:103: in function 'render'
	...te/pack/core/opt/nvim-notify/lua/notify/service/init.lua:53: in function 'push'
	...m/site/pack/core/opt/nvim-notify/lua/notify/instance.lua:132: in function <...m/site/pack/core/opt/nvim-notify/lua/notify/instance.lua:77>
	...ck/core/opt/noice.nvim/lua/noice/view/backend/notify.lua:168: in function '_notify'
	...ck/core/opt/noice.nvim/lua/noice/view/backend/notify.lua:198: in function 'show'
	...im/site/pack/core/opt/noice.nvim/lua/noice/view/init.lua:163: in function <...im/site/pack/core/opt/noice.nvim/lua/noice/view/init.lua:161>
	[C]: in function 'xpcall'
	...
	...te/pack/core/opt/noice.nvim/lua/noice/message/router.lua:214: in function <...te/pack/core/opt/noice.nvim/lua/noice/message/router.lua:147>
	[C]: in function 'xpcall'
	...im/site/pack/core/opt/noice.nvim/lua/noice/util/call.lua:149: in function 'try'
	...nvim/site/pack/core/opt/noice.nvim/lua/noice/ui/init.lua:88: in function 'ui_attach_cb'
	...nvim/site/pack/core/opt/noice.nvim/lua/noice/ui/init.lua:27: in function 'process_queue'
	...nvim/site/pack/core/opt/noice.nvim/lua/noice/ui/init.lua:138: in function <...nvim/site/pack/core/opt/noice.nvim/lua/noice/ui/init.lua:118>
	[C]: in function 'nvim_echo'
	.../nvim/site/pack/core/opt/blink.lib/lua/blink/lib/log.lua:187: in function <.../nvim/site/pack/core/opt/blink.lib/lua/blink/lib/log.lua:187>
	[C]: in function 'pcall'
	.../nvim/site/pack/core/opt/blink.lib/lua/blink/lib/log.lua:301: in function <.../nvim/site/pack/core/opt/blink.lib/lua/blink/lib/log.lua:299>
Lua callback: /usr/share/nvim/runtime/lua/vim/treesitter.lua:460: Parser could not be created for buffer 4296 and language "notify"
stack traceback:
	[C]: in function 'assert'
	/usr/share/nvim/runtime/lua/vim/treesitter.lua:460: in function 'start'
	...onfig/nvim/lua/config/ui/highlight/treesitter-config.lua:6: in function <...onfig/nvim/lua/config/ui/highlight/treesitter-config.lua:5>
	[C]: in function 'nvim_buf_set_option'
	.../core/opt/nvim-notify/lua/notify/service/buffer/init.lua:103: in function 'render'
	...te/pack/core/opt/nvim-notify/lua/notify/service/init.lua:53: in function 'push'
	...m/site/pack/core/opt/nvim-notify/lua/notify/instance.lua:132: in function <...m/site/pack/core/opt/nvim-notify/lua/notify/instance.lua:77>
	...ck/core/opt/noice.nvim/lua/noice/view/backend/notify.lua:168: in function '_notify'
	...ck/core/opt/noice.nvim/lua/noice/view/backend/notify.lua:198: in function 'show'
	...im/site/pack/core/opt/noice.nvim/lua/noice/view/init.lua:163: in function <...im/site/pack/core/opt/noice.nvim/lua/noice/view/init.lua:161>
	[C]: in function 'xpcall'
	...
	...te/pack/core/opt/noice.nvim/lua/noice/message/router.lua:214: in function <...te/pack/core/opt/noice.nvim/lua/noice/message/router.lua:147>
	[C]: in function 'xpcall'
	...im/site/pack/core/opt/noice.nvim/lua/noice/util/call.lua:149: in function 'try'
	...nvim/site/pack/core/opt/noice.nvim/lua/noice/ui/init.lua:88: in function 'ui_attach_cb'
	...nvim/site/pack/core/opt/noice.nvim/lua/noice/ui/init.lua:27: in function 'process_queue'
	...nvim/site/pack/core/opt/noice.nvim/lua/noice/ui/init.lua:138: in function <...nvim/site/pack/core/opt/noice.nvim/lua/noice/ui/init.lua:118>
	[C]: in function 'nvim_echo'
	.../nvim/site/pack/core/opt/blink.lib/lua/blink/lib/log.lua:187: in function <.../nvim/site/pack/core/opt/blink.lib/lua/blink/lib/log.lua:187>
	[C]: in function 'pcall'
	.../nvim/site/pack/core/opt/blink.lib/lua/blink/lib/log.lua:301: in function <.../nvim/site/pack/core/opt/blink.lib/lua/blink/lib/log.lua:299>
Lua callback: /usr/share/nvim/runtime/lua/vim/treesitter.lua:460: Parser could not be created for buffer 4297 and language "notify"
stack traceback:
	[C]: in function 'assert'
	/usr/share/nvim/runtime/lua/vim/treesitter.lua:460: in function 'start'
	...onfig/nvim/lua/config/ui/highlight/treesitter-config.lua:6: in function <...onfig/nvim/lua/config/ui/highlight/treesitter-config.lua:5>
	[C]: in function 'nvim_buf_set_option'
	.../core/opt/nvim-notify/lua/notify/service/buffer/init.lua:103: in function 'render'
	...te/pack/core/opt/nvim-notify/lua/notify/service/init.lua:53: in function 'push'
	...m/site/pack/core/opt/nvim-notify/lua/notify/instance.lua:132: in function <...m/site/pack/core/opt/nvim-notify/lua/notify/instance.lua:77>
	...ck/core/opt/noice.nvim/lua/noice/view/backend/notify.lua:168: in function '_notify'
	...ck/core/opt/noice.nvim/lua/noice/view/backend/notify.lua:198: in function 'show'
	...im/site/pack/core/opt/noice.nvim/lua/noice/view/init.lua:163: in function <...im/site/pack/core/opt/noice.nvim/lua/noice/view/init.lua:161>
	[C]: in function 'xpcall'
	...
	...te/pack/core/opt/noice.nvim/lua/noice/message/router.lua:214: in function <...te/pack/core/opt/noice.nvim/lua/noice/message/router.lua:147>
	[C]: in function 'xpcall'
	...im/site/pack/core/opt/noice.nvim/lua/noice/util/call.lua:149: in function 'try'
	...nvim/site/pack/core/opt/noice.nvim/lua/noice/ui/init.lua:88: in function 'ui_attach_cb'
	...nvim/site/pack/core/opt/noice.nvim/lua/noice/ui/init.lua:27: in function 'process_queue'
	...nvim/site/pack/core/opt/noice.nvim/lua/noice/ui/init.lua:138: in function <...nvim/site/pack/core/opt/noice.nvim/lua/noice/ui/init.lua:118>
	[C]: in function 'nvim_echo'
	.../nvim/site/pack/core/opt/blink.lib/lua/blink/lib/log.lua:187: in function <.../nvim/site/pack/core/opt/blink.lib/lua/blink/lib/log.lua:187>
	[C]: in function 'pcall'
	.../nvim/site/pack/core/opt/blink.lib/lua/blink/lib/log.lua:301: in function <.../nvim/site/pack/core/opt/blink.lib/lua/blink/lib/log.lua:299>
Lua callback: /usr/share/nvim/runtime/lua/vim/treesitter.lua:460: Parser could not be created for buffer 4298 and language "notify"
stack traceback:
	[C]: in function 'assert'
	/usr/share/nvim/runtime/lua/vim/treesitter.lua:460: in function 'start'
	...onfig/nvim/lua/config/ui/highlight/treesitter-config.lua:6: in function <...onfig/nvim/lua/config/ui/highlight/treesitter-config.lua:5>
	[C]: in function 'nvim_buf_set_option'
	.../core/opt/nvim-notify/lua/notify/service/buffer/init.lua:103: in function 'render'
	...te/pack/core/opt/nvim-notify/lua/notify/service/init.lua:53: in function 'push'
	...m/site/pack/core/opt/nvim-notify/lua/notify/instance.lua:132: in function <...m/site/pack/core/opt/nvim-notify/lua/notify/instance.lua:77>
	...ck/core/opt/noice.nvim/lua/noice/view/backend/notify.lua:168: in function '_notify'
	...ck/core/opt/noice.nvim/lua/noice/view/backend/notify.lua:198: in function 'show'
	...im/site/pack/core/opt/noice.nvim/lua/noice/view/init.lua:163: in function <...im/site/pack/core/opt/noice.nvim/lua/noice/view/init.lua:161>
	[C]: in function 'xpcall'
	...
	...te/pack/core/opt/noice.nvim/lua/noice/message/router.lua:214: in function <...te/pack/core/opt/noice.nvim/lua/noice/message/router.lua:147>
	[C]: in function 'xpcall'
	...im/site/pack/core/opt/noice.nvim/lua/noice/util/call.lua:149: in function 'try'
	...nvim/site/pack/core/opt/noice.nvim/lua/noice/ui/init.lua:88: in function 'ui_attach_cb'
	...nvim/site/pack/core/opt/noice.nvim/lua/noice/ui/init.lua:27: in function 'process_queue'
	...nvim/site/pack/core/opt/noice.nvim/lua/noice/ui/init.lua:138: in function <...nvim/site/pack/core/opt/noice.nvim/lua/noice/ui/init.lua:118>
	[C]: in function 'nvim_echo'
	.../nvim/site/pack/core/opt/blink.lib/lua/blink/lib/log.lua:187: in function <.../nvim/site/pack/core/opt/blink.lib/lua/blink/lib/log.lua:187>
	[C]: in function 'pcall'
	.../nvim/site/pack/core/opt/blink.lib/lua/blink/lib/log.lua:301: in function <.../nvim/site/pack/core/opt/blink.lib/lua/blink/lib/log.lua:299>
Lua callback: /usr/share/nvim/runtime/lua/vim/treesitter.lua:460: Parser could not be created for buffer 4299 and language "notify"
stack traceback:
	[C]: in function 'assert'
	/usr/share/nvim/runtime/lua/vim/treesitter.lua:460: in function 'start'
	...onfig/nvim/lua/config/ui/highlight/treesitter-config.lua:6: in function <...onfig/nvim/lua/config/ui/highlight/treesitter-config.lua:5>
	[C]: in function 'nvim_buf_set_option'
	.../core/opt/nvim-notify/lua/notify/service/buffer/init.lua:103: in function 'render'
	...te/pack/core/opt/nvim-notify/lua/notify/service/init.lua:53: in function 'push'
	...m/site/pack/core/opt/nvim-notify/lua/notify/instance.lua:132: in function <...m/site/pack/core/opt/nvim-notify/lua/notify/instance.lua:77>
	...ck/core/opt/noice.nvim/lua/noice/view/backend/notify.lua:168: in function '_notify'
	...ck/core/opt/noice.nvim/lua/noice/view/backend/notify.lua:198: in function 'show'
	...im/site/pack/core/opt/noice.nvim/lua/noice/view/init.lua:163: in function <...im/site/pack/core/opt/noice.nvim/lua/noice/view/init.lua:161>
	[C]: in function 'xpcall'
	...
	...te/pack/core/opt/noice.nvim/lua/noice/message/router.lua:214: in function <...te/pack/core/opt/noice.nvim/lua/noice/message/router.lua:147>
	[C]: in function 'xpcall'
	...im/site/pack/core/opt/noice.nvim/lua/noice/util/call.lua:149: in function 'try'
	...nvim/site/pack/core/opt/noice.nvim/lua/noice/ui/init.lua:88: in function 'ui_attach_cb'
	...nvim/site/pack/core/opt/noice.nvim/lua/noice/ui/init.lua:27: in function 'process_queue'
	...nvim/site/pack/core/opt/noice.nvim/lua/noice/ui/init.lua:138: in function <...nvim/site/pack/core/opt/noice.nvim/lua/noice/ui/init.lua:118>
	[C]: in function 'nvim_echo'
	.../nvim/site/pack/core/opt/blink.lib/lua/blink/lib/log.lua:187: in function <.../nvim/site/pack/core/opt/blink.lib/lua/blink/lib/log.lua:187>
	[C]: in function 'pcall'
	.../nvim/site/pack/core/opt/blink.lib/lua/blink/lib/log.lua:301: in function <.../nvim/site/pack/core/opt/blink.lib/lua/blink/lib/log.lua:299>
Lua callback: /usr/share/nvim/runtime/lua/vim/treesitter.lua:460: Parser could not be created for buffer 4300 and language "notify"
stack traceback:
	[C]: in function 'assert'
	/usr/share/nvim/runtime/lua/vim/treesitter.lua:460: in function 'start'
	...onfig/nvim/lua/config/ui/highlight/treesitter-config.lua:6: in function <...onfig/nvim/lua/config/ui/highlight/treesitter-config.lua:5>
	[C]: in function 'nvim_buf_set_option'
	.../core/opt/nvim-notify/lua/notify/service/buffer/init.lua:103: in function 'render'
	...te/pack/core/opt/nvim-notify/lua/notify/service/init.lua:53: in function 'push'
	...m/site/pack/core/opt/nvim-notify/lua/notify/instance.lua:132: in function <...m/site/pack/core/opt/nvim-notify/lua/notify/instance.lua:77>
	...ck/core/opt/noice.nvim/lua/noice/view/backend/notify.lua:168: in function '_notify'
	...ck/core/opt/noice.nvim/lua/noice/view/backend/notify.lua:198: in function 'show'
	...im/site/pack/core/opt/noice.nvim/lua/noice/view/init.lua:163: in function <...im/site/pack/core/opt/noice.nvim/lua/noice/view/init.lua:161>
	[C]: in function 'xpcall'
	...
	...te/pack/core/opt/noice.nvim/lua/noice/message/router.lua:214: in function <...te/pack/core/opt/noice.nvim/lua/noice/message/router.lua:147>
	[C]: in function 'xpcall'
	...im/site/pack/core/opt/noice.nvim/lua/noice/util/call.lua:149: in function 'try'
	...nvim/site/pack/core/opt/noice.nvim/lua/noice/ui/init.lua:88: in function 'ui_attach_cb'
	...nvim/site/pack/core/opt/noice.nvim/lua/noice/ui/init.lua:27: in function 'process_queue'
	...nvim/site/pack/core/opt/noice.nvim/lua/noice/ui/init.lua:138: in function <...nvim/site/pack/core/opt/noice.nvim/lua/noice/ui/init.lua:118>
	[C]: in function 'nvim_echo'
	.../nvim/site/pack/core/opt/blink.lib/lua/blink/lib/log.lua:187: in function <.../nvim/site/pack/core/opt/blink.lib/lua/blink/lib/log.lua:187>
	[C]: in function 'pcall'
	.../nvim/site/pack/core/opt/blink.lib/lua/blink/lib/log.lua:301: in function <.../nvim/site/pack/core/opt/blink.lib/lua/blink/lib/log.lua:299>
Lua callback: /usr/share/nvim/runtime/lua/vim/treesitter.lua:460: Parser could not be created for buffer 4301 and language "notify"
stack traceback:
	[C]: in function 'assert'
	/usr/share/nvim/runtime/lua/vim/treesitter.lua:460: in function 'start'
	...onfig/nvim/lua/config/ui/highlight/treesitter-config.lua:6: in function <...onfig/nvim/lua/config/ui/highlight/treesitter-config.lua:5>
	[C]: in function 'nvim_buf_set_option'
	.../core/opt/nvim-notify/lua/notify/service/buffer/init.lua:103: in function 'render'
	...te/pack/core/opt/nvim-notify/lua/notify/service/init.lua:53: in function 'push'
	...m/site/pack/core/opt/nvim-notify/lua/notify/instance.lua:132: in function <...m/site/pack/core/opt/nvim-notify/lua/notify/instance.lua:77>
	...ck/core/opt/noice.nvim/lua/noice/view/backend/notify.lua:168: in function '_notify'
	...ck/core/opt/noice.nvim/lua/noice/view/backend/notify.lua:198: in function 'show'
	...im/site/pack/core/opt/noice.nvim/lua/noice/view/init.lua:163: in function <...im/site/pack/core/opt/noice.nvim/lua/noice/view/init.lua:161>
	[C]: in function 'xpcall'
	...
	...te/pack/core/opt/noice.nvim/lua/noice/message/router.lua:214: in function <...te/pack/core/opt/noice.nvim/lua/noice/message/router.lua:147>
	[C]: in function 'xpcall'
	...im/site/pack/core/opt/noice.nvim/lua/noice/util/call.lua:149: in function 'try'
	...nvim/site/pack/core/opt/noice.nvim/lua/noice/ui/init.lua:88: in function 'ui_attach_cb'
	...nvim/site/pack/core/opt/noice.nvim/lua/noice/ui/init.lua:27: in function 'process_queue'
	...nvim/site/pack/core/opt/noice.nvim/lua/noice/ui/init.lua:138: in function <...nvim/site/pack/core/opt/noice.nvim/lua/noice/ui/init.lua:118>
	[C]: in function 'nvim_echo'
	.../nvim/site/pack/core/opt/blink.lib/lua/blink/lib/log.lua:187: in function <.../nvim/site/pack/core/opt/blink.lib/lua/blink/lib/log.lua:187>
	[C]: in function 'pcall'
	.../nvim/site/pack/core/opt/blink.lib/lua/blink/lib/log.lua:301: in function <.../nvim/site/pack/core/opt/blink.lib/lua/blink/lib/log.lua:299>
Lua callback: /usr/share/nvim/runtime/lua/vim/treesitter.lua:460: Parser could not be created for buffer 4302 and language "notify"
stack traceback:
	[C]: in function 'assert'
	/usr/share/nvim/runtime/lua/vim/treesitter.lua:460: in function 'start'
	...onfig/nvim/lua/config/ui/highlight/treesitter-config.lua:6: in function <...onfig/nvim/lua/config/ui/highlight/treesitter-config.lua:5>
	[C]: in function 'nvim_buf_set_option'
	.../core/opt/nvim-notify/lua/notify/service/buffer/init.lua:103: in function 'render'
	...te/pack/core/opt/nvim-notify/lua/notify/service/init.lua:53: in function 'push'
	...m/site/pack/core/opt/nvim-notify/lua/notify/instance.lua:132: in function <...m/site/pack/core/opt/nvim-notify/lua/notify/instance.lua:77>
	...ck/core/opt/noice.nvim/lua/noice/view/backend/notify.lua:168: in function '_notify'
	...ck/core/opt/noice.nvim/lua/noice/view/backend/notify.lua:198: in function 'show'
	...im/site/pack/core/opt/noice.nvim/lua/noice/view/init.lua:163: in function <...im/site/pack/core/opt/noice.nvim/lua/noice/view/init.lua:161>
	[C]: in function 'xpcall'
	...
	...te/pack/core/opt/noice.nvim/lua/noice/message/router.lua:214: in function <...te/pack/core/opt/noice.nvim/lua/noice/message/router.lua:147>
	[C]: in function 'xpcall'
	...im/site/pack/core/opt/noice.nvim/lua/noice/util/call.lua:149: in function 'try'
	...nvim/site/pack/core/opt/noice.nvim/lua/noice/ui/init.lua:88: in function 'ui_attach_cb'
	...nvim/site/pack/core/opt/noice.nvim/lua/noice/ui/init.lua:27: in function 'process_queue'
	...nvim/site/pack/core/opt/noice.nvim/lua/noice/ui/init.lua:138: in function <...nvim/site/pack/core/opt/noice.nvim/lua/noice/ui/init.lua:118>
	[C]: in function 'nvim_echo'
	.../nvim/site/pack/core/opt/blink.lib/lua/blink/lib/log.lua:187: in function <.../nvim/site/pack/core/opt/blink.lib/lua/blink/lib/log.lua:187>
	[C]: in function 'pcall'
	.../nvim/site/pack/core/opt/blink.lib/lua/blink/lib/log.lua:301: in function <.../nvim/site/pack/core/opt/blink.lib/lua/blink/lib/log.lua:299>
Lua callback: /usr/share/nvim/runtime/lua/vim/treesitter.lua:460: Parser could not be created for buffer 4303 and language "notify"
stack traceback:
	[C]: in function 'assert'
	/usr/share/nvim/runtime/lua/vim/treesitter.lua:460: in function 'start'
	...onfig/nvim/lua/config/ui/highlight/treesitter-config.lua:6: in function <...onfig/nvim/lua/config/ui/highlight/treesitter-config.lua:5>
	[C]: in function 'nvim_buf_set_option'
	.../core/opt/nvim-notify/lua/notify/service/buffer/init.lua:103: in function 'render'
	...te/pack/core/opt/nvim-notify/lua/notify/service/init.lua:53: in function 'push'
	...m/site/pack/core/opt/nvim-notify/lua/notify/instance.lua:132: in function <...m/site/pack/core/opt/nvim-notify/lua/notify/instance.lua:77>
	...ck/core/opt/noice.nvim/lua/noice/view/backend/notify.lua:168: in function '_notify'
	...ck/core/opt/noice.nvim/lua/noice/view/backend/notify.lua:198: in function 'show'
	...im/site/pack/core/opt/noice.nvim/lua/noice/view/init.lua:163: in function <...im/site/pack/core/opt/noice.nvim/lua/noice/view/init.lua:161>
	[C]: in function 'xpcall'
	...
	...te/pack/core/opt/noice.nvim/lua/noice/message/router.lua:214: in function <...te/pack/core/opt/noice.nvim/lua/noice/message/router.lua:147>
	[C]: in function 'xpcall'
	...im/site/pack/core/opt/noice.nvim/lua/noice/util/call.lua:149: in function 'try'
	...nvim/site/pack/core/opt/noice.nvim/lua/noice/ui/init.lua:88: in function 'ui_attach_cb'
	...nvim/site/pack/core/opt/noice.nvim/lua/noice/ui/init.lua:27: in function 'process_queue'
	...nvim/site/pack/core/opt/noice.nvim/lua/noice/ui/init.lua:138: in function <...nvim/site/pack/core/opt/noice.nvim/lua/noice/ui/init.lua:118>
	[C]: in function 'nvim_echo'
	.../nvim/site/pack/core/opt/blink.lib/lua/blink/lib/log.lua:187: in function <.../nvim/site/pack/core/opt/blink.lib/lua/blink/lib/log.lua:187>
	[C]: in function 'pcall'
	.../nvim/site/pack/core/opt/blink.lib/lua/blink/lib/log.lua:301: in function <.../nvim/site/pack/core/opt/blink.lib/lua/blink/lib/log.lua:299>
Lua callback: /usr/share/nvim/runtime/lua/vim/treesitter.lua:460: Parser could not be created for buffer 4304 and language "notify"
stack traceback:
	[C]: in function 'assert'
	/usr/share/nvim/runtime/lua/vim/treesitter.lua:460: in function 'start'
	...onfig/nvim/lua/config/ui/highlight/treesitter-config.lua:6: in function <...onfig/nvim/lua/config/ui/highlight/treesitter-config.lua:5>
	[C]: in function 'nvim_buf_set_option'
	.../core/opt/nvim-notify/lua/notify/service/buffer/init.lua:103: in function 'render'
	...te/pack/core/opt/nvim-notify/lua/notify/service/init.lua:53: in function 'push'
	...m/site/pack/core/opt/nvim-notify/lua/notify/instance.lua:132: in function <...m/site/pack/core/opt/nvim-notify/lua/notify/instance.lua:77>
	...ck/core/opt/noice.nvim/lua/noice/view/backend/notify.lua:168: in function '_notify'
	...ck/core/opt/noice.nvim/lua/noice/view/backend/notify.lua:198: in function 'show'
	...im/site/pack/core/opt/noice.nvim/lua/noice/view/init.lua:163: in function <...im/site/pack/core/opt/noice.nvim/lua/noice/view/init.lua:161>
	[C]: in function 'xpcall'
	...
	...te/pack/core/opt/noice.nvim/lua/noice/message/router.lua:214: in function <...te/pack/core/opt/noice.nvim/lua/noice/message/router.lua:147>
	[C]: in function 'xpcall'
	...im/site/pack/core/opt/noice.nvim/lua/noice/util/call.lua:149: in function 'try'
	...nvim/site/pack/core/opt/noice.nvim/lua/noice/ui/init.lua:88: in function 'ui_attach_cb'
	...nvim/site/pack/core/opt/noice.nvim/lua/noice/ui/init.lua:27: in function 'process_queue'
	...nvim/site/pack/core/opt/noice.nvim/lua/noice/ui/init.lua:138: in function <...nvim/site/pack/core/opt/noice.nvim/lua/noice/ui/init.lua:118>
	[C]: in function 'nvim_echo'
	.../nvim/site/pack/core/opt/blink.lib/lua/blink/lib/log.lua:187: in function <.../nvim/site/pack/core/opt/blink.lib/lua/blink/lib/log.lua:187>
	[C]: in function 'pcall'
	.../nvim/site/pack/core/opt/blink.lib/lua/blink/lib/log.lua:301: in function <.../nvim/site/pack/core/opt/blink.lib/lua/blink/lib/log.lua:299>
Lua callback: /usr/share/nvim/runtime/lua/vim/treesitter.lua:460: Parser could not be created for buffer 4305 and language "notify"
stack traceback:
	[C]: in function 'assert'
	/usr/share/nvim/runtime/lua/vim/treesitter.lua:460: in function 'start'
	...onfig/nvim/lua/config/ui/highlight/treesitter-config.lua:6: in function <...onfig/nvim/lua/config/ui/highlight/treesitter-config.lua:5>
	[C]: in function 'nvim_buf_set_option'
	.../core/opt/nvim-notify/lua/notify/service/buffer/init.lua:103: in function 'render'
	...te/pack/core/opt/nvim-notify/lua/notify/service/init.lua:53: in function 'push'
	...m/site/pack/core/opt/nvim-notify/lua/notify/instance.lua:132: in function <...m/site/pack/core/opt/nvim-notify/lua/notify/instance.lua:77>
	...ck/core/opt/noice.nvim/lua/noice/view/backend/notify.lua:168: in function '_notify'
	...ck/core/opt/noice.nvim/lua/noice/view/backend/notify.lua:198: in function 'show'
	...im/site/pack/core/opt/noice.nvim/lua/noice/view/init.lua:163: in function <...im/site/pack/core/opt/noice.nvim/lua/noice/view/init.lua:161>
	[C]: in function 'xpcall'
	...
	...te/pack/core/opt/noice.nvim/lua/noice/message/router.lua:214: in function <...te/pack/core/opt/noice.nvim/lua/noice/message/router.lua:147>
	[C]: in function 'xpcall'
	...im/site/pack/core/opt/noice.nvim/lua/noice/util/call.lua:149: in function 'try'
	...nvim/site/pack/core/opt/noice.nvim/lua/noice/ui/init.lua:88: in function 'ui_attach_cb'
	...nvim/site/pack/core/opt/noice.nvim/lua/noice/ui/init.lua:27: in function 'process_queue'
	...nvim/site/pack/core/opt/noice.nvim/lua/noice/ui/init.lua:138: in function <...nvim/site/pack/core/opt/noice.nvim/lua/noice/ui/init.lua:118>
	[C]: in function 'nvim_echo'
	.../nvim/site/pack/core/opt/blink.lib/lua/blink/lib/log.lua:187: in function <.../nvim/site/pack/core/opt/blink.lib/lua/blink/lib/log.lua:187>
	[C]: in function 'pcall'
	.../nvim/site/pack/core/opt/blink.lib/lua/blink/lib/log.lua:301: in function <.../nvim/site/pack/core/opt/blink.lib/lua/blink/lib/log.lua:299>
Lua callback: /usr/share/nvim/runtime/lua/vim/treesitter.lua:460: Parser could not be created for buffer 4306 and language "notify"
stack traceback:
	[C]: in function 'assert'
	/usr/share/nvim/runtime/lua/vim/treesitter.lua:460: in function 'start'
	...onfig/nvim/lua/config/ui/highlight/treesitter-config.lua:6: in function <...onfig/nvim/lua/config/ui/highlight/treesitter-config.lua:5>
	[C]: in function 'nvim_buf_set_option'
	.../core/opt/nvim-notify/lua/notify/service/buffer/init.lua:103: in function 'render'
	...te/pack/core/opt/nvim-notify/lua/notify/service/init.lua:53: in function 'push'
	...m/site/pack/core/opt/nvim-notify/lua/notify/instance.lua:132: in function <...m/site/pack/core/opt/nvim-notify/lua/notify/instance.lua:77>
	...ck/core/opt/noice.nvim/lua/noice/view/backend/notify.lua:168: in function '_notify'
	...ck/core/opt/noice.nvim/lua/noice/view/backend/notify.lua:198: in function 'show'
	...im/site/pack/core/opt/noice.nvim/lua/noice/view/init.lua:163: in function <...im/site/pack/core/opt/noice.nvim/lua/noice/view/init.lua:161>
	[C]: in function 'xpcall'
	...
	...te/pack/core/opt/noice.nvim/lua/noice/message/router.lua:214: in function <...te/pack/core/opt/noice.nvim/lua/noice/message/router.lua:147>
	[C]: in function 'xpcall'
	...im/site/pack/core/opt/noice.nvim/lua/noice/util/call.lua:149: in function 'try'
	...nvim/site/pack/core/opt/noice.nvim/lua/noice/ui/init.lua:88: in function 'ui_attach_cb'
	...nvim/site/pack/core/opt/noice.nvim/lua/noice/ui/init.lua:27: in function 'process_queue'
	...nvim/site/pack/core/opt/noice.nvim/lua/noice/ui/init.lua:138: in function <...nvim/site/pack/core/opt/noice.nvim/lua/noice/ui/init.lua:118>
	[C]: in function 'nvim_echo'
	.../nvim/site/pack/core/opt/blink.lib/lua/blink/lib/log.lua:187: in function <.../nvim/site/pack/core/opt/blink.lib/lua/blink/lib/log.lua:187>
	[C]: in function 'pcall'
	.../nvim/site/pack/core/opt/blink.lib/lua/blink/lib/log.lua:301: in function <.../nvim/site/pack/core/opt/blink.lib/lua/blink/lib/log.lua:299>
Lua callback: /usr/share/nvim/runtime/lua/vim/treesitter.lua:460: Parser could not be created for buffer 4307 and language "notify"
stack traceback:
	[C]: in function 'assert'
	/usr/share/nvim/runtime/lua/vim/treesitter.lua:460: in function 'start'
	...onfig/nvim/lua/config/ui/highlight/treesitter-config.lua:6: in function <...onfig/nvim/lua/config/ui/highlight/treesitter-config.lua:5>
	[C]: in function 'nvim_buf_set_option'
	.../core/opt/nvim-notify/lua/notify/service/buffer/init.lua:103: in function 'render'
	...te/pack/core/opt/nvim-notify/lua/notify/service/init.lua:53: in function 'push'
	...m/site/pack/core/opt/nvim-notify/lua/notify/instance.lua:132: in function <...m/site/pack/core/opt/nvim-notify/lua/notify/instance.lua:77>
	...ck/core/opt/noice.nvim/lua/noice/view/backend/notify.lua:168: in function '_notify'
	...ck/core/opt/noice.nvim/lua/noice/view/backend/notify.lua:198: in function 'show'
	...im/site/pack/core/opt/noice.nvim/lua/noice/view/init.lua:163: in function <...im/site/pack/core/opt/noice.nvim/lua/noice/view/init.lua:161>
	[C]: in function 'xpcall'
	...
	...te/pack/core/opt/noice.nvim/lua/noice/message/router.lua:214: in function <...te/pack/core/opt/noice.nvim/lua/noice/message/router.lua:147>
	[C]: in function 'xpcall'
	...im/site/pack/core/opt/noice.nvim/lua/noice/util/call.lua:149: in function 'try'
	...nvim/site/pack/core/opt/noice.nvim/lua/noice/ui/init.lua:88: in function 'ui_attach_cb'
	...nvim/site/pack/core/opt/noice.nvim/lua/noice/ui/init.lua:27: in function 'process_queue'
	...nvim/site/pack/core/opt/noice.nvim/lua/noice/ui/init.lua:138: in function <...nvim/site/pack/core/opt/noice.nvim/lua/noice/ui/init.lua:118>
	[C]: in function 'nvim_echo'
	.../nvim/site/pack/core/opt/blink.lib/lua/blink/lib/log.lua:187: in function <.../nvim/site/pack/core/opt/blink.lib/lua/blink/lib/log.lua:187>
	[C]: in function 'pcall'
	.../nvim/site/pack/core/opt/blink.lib/lua/blink/lib/log.lua:301: in function <.../nvim/site/pack/core/opt/blink.lib/lua/blink/lib/log.lua:299>
Lua callback: /usr/share/nvim/runtime/lua/vim/treesitter.lua:460: Parser could not be created for buffer 4308 and language "notify"
stack traceback:
	[C]: in function 'assert'
	/usr/share/nvim/runtime/lua/vim/treesitter.lua:460: in function 'start'
	...onfig/nvim/lua/config/ui/highlight/treesitter-config.lua:6: in function <...onfig/nvim/lua/config/ui/highlight/treesitter-config.lua:5>
	[C]: in function 'nvim_buf_set_option'
	.../core/opt/nvim-notify/lua/notify/service/buffer/init.lua:103: in function 'render'
	...te/pack/core/opt/nvim-notify/lua/notify/service/init.lua:53: in function 'push'
	...m/site/pack/core/opt/nvim-notify/lua/notify/instance.lua:132: in function <...m/site/pack/core/opt/nvim-notify/lua/notify/instance.lua:77>
	...ck/core/opt/noice.nvim/lua/noice/view/backend/notify.lua:168: in function '_notify'
	...ck/core/opt/noice.nvim/lua/noice/view/backend/notify.lua:198: in function 'show'
	...im/site/pack/core/opt/noice.nvim/lua/noice/view/init.lua:163: in function <...im/site/pack/core/opt/noice.nvim/lua/noice/view/init.lua:161>
	[C]: in function 'xpcall'
	...
	...te/pack/core/opt/noice.nvim/lua/noice/message/router.lua:214: in function <...te/pack/core/opt/noice.nvim/lua/noice/message/router.lua:147>
	[C]: in function 'xpcall'
	...im/site/pack/core/opt/noice.nvim/lua/noice/util/call.lua:149: in function 'try'
	...nvim/site/pack/core/opt/noice.nvim/lua/noice/ui/init.lua:88: in function 'ui_attach_cb'
	...nvim/site/pack/core/opt/noice.nvim/lua/noice/ui/init.lua:27: in function 'process_queue'
	...nvim/site/pack/core/opt/noice.nvim/lua/noice/ui/init.lua:138: in function <...nvim/site/pack/core/opt/noice.nvim/lua/noice/ui/init.lua:118>
	[C]: in function 'nvim_echo'
	.../nvim/site/pack/core/opt/blink.lib/lua/blink/lib/log.lua:187: in function <.../nvim/site/pack/core/opt/blink.lib/lua/blink/lib/log.lua:187>
	[C]: in function 'pcall'
	.../nvim/site/pack/core/opt/blink.lib/lua/blink/lib/log.lua:301: in function <.../nvim/site/pack/core/opt/blink.lib/lua/blink/lib/log.lua:299>
Lua callback: /usr/share/nvim/runtime/lua/vim/treesitter.lua:460: Parser could not be created for buffer 4309 and language "notify"
stack traceback:
	[C]: in function 'assert'
	/usr/share/nvim/runtime/lua/vim/treesitter.lua:460: in function 'start'
	...onfig/nvim/lua/config/ui/highlight/treesitter-config.lua:6: in function <...onfig/nvim/lua/config/ui/highlight/treesitter-config.lua:5>
	[C]: in function 'nvim_buf_set_option'
	.../core/opt/nvim-notify/lua/notify/service/buffer/init.lua:103: in function 'render'
	...te/pack/core/opt/nvim-notify/lua/notify/service/init.lua:53: in function 'push'
	...m/site/pack/core/opt/nvim-notify/lua/notify/instance.lua:132: in function <...m/site/pack/core/opt/nvim-notify/lua/notify/instance.lua:77>
	...ck/core/opt/noice.nvim/lua/noice/view/backend/notify.lua:168: in function '_notify'
	...ck/core/opt/noice.nvim/lua/noice/view/backend/notify.lua:198: in function 'show'
	...im/site/pack/core/opt/noice.nvim/lua/noice/view/init.lua:163: in function <...im/site/pack/core/opt/noice.nvim/lua/noice/view/init.lua:161>
	[C]: in function 'xpcall'
	...
	...te/pack/core/opt/noice.nvim/lua/noice/message/router.lua:214: in function <...te/pack/core/opt/noice.nvim/lua/noice/message/router.lua:147>
	[C]: in function 'xpcall'
	...im/site/pack/core/opt/noice.nvim/lua/noice/util/call.lua:149: in function 'try'
	...nvim/site/pack/core/opt/noice.nvim/lua/noice/ui/init.lua:88: in function 'ui_attach_cb'
	...nvim/site/pack/core/opt/noice.nvim/lua/noice/ui/init.lua:27: in function 'process_queue'
	...nvim/site/pack/core/opt/noice.nvim/lua/noice/ui/init.lua:138: in function <...nvim/site/pack/core/opt/noice.nvim/lua/noice/ui/init.lua:118>
	[C]: in function 'nvim_echo'
	.../nvim/site/pack/core/opt/blink.lib/lua/blink/lib/log.lua:187: in function <.../nvim/site/pack/core/opt/blink.lib/lua/blink/lib/log.lua:187>
	[C]: in function 'pcall'
	.../nvim/site/pack/core/opt/blink.lib/lua/blink/lib/log.lua:301: in function <.../nvim/site/pack/core/opt/blink.lib/lua/blink/lib/log.lua:299>
Lua callback: /usr/share/nvim/runtime/lua/vim/treesitter.lua:460: Parser could not be created for buffer 4310 and language "notify"
stack traceback:
	[C]: in function 'assert'
	/usr/share/nvim/runtime/lua/vim/treesitter.lua:460: in function 'start'
	...onfig/nvim/lua/config/ui/highlight/treesitter-config.lua:6: in function <...onfig/nvim/lua/config/ui/highlight/treesitter-config.lua:5>
	[C]: in function 'nvim_buf_set_option'
	.../core/opt/nvim-notify/lua/notify/service/buffer/init.lua:103: in function 'render'
	...te/pack/core/opt/nvim-notify/lua/notify/service/init.lua:53: in function 'push'
	...m/site/pack/core/opt/nvim-notify/lua/notify/instance.lua:132: in function <...m/site/pack/core/opt/nvim-notify/lua/notify/instance.lua:77>
	...ck/core/opt/noice.nvim/lua/noice/view/backend/notify.lua:168: in function '_notify'
	...ck/core/opt/noice.nvim/lua/noice/view/backend/notify.lua:198: in function 'show'
	...im/site/pack/core/opt/noice.nvim/lua/noice/view/init.lua:163: in function <...im/site/pack/core/opt/noice.nvim/lua/noice/view/init.lua:161>
	[C]: in function 'xpcall'
	...
	...te/pack/core/opt/noice.nvim/lua/noice/message/router.lua:214: in function <...te/pack/core/opt/noice.nvim/lua/noice/message/router.lua:147>
	[C]: in function 'xpcall'
	...im/site/pack/core/opt/noice.nvim/lua/noice/util/call.lua:149: in function 'try'
	...nvim/site/pack/core/opt/noice.nvim/lua/noice/ui/init.lua:88: in function 'ui_attach_cb'
	...nvim/site/pack/core/opt/noice.nvim/lua/noice/ui/init.lua:27: in function 'process_queue'
	...nvim/site/pack/core/opt/noice.nvim/lua/noice/ui/init.lua:138: in function <...nvim/site/pack/core/opt/noice.nvim/lua/noice/ui/init.lua:118>
	[C]: in function 'nvim_echo'
	.../nvim/site/pack/core/opt/blink.lib/lua/blink/lib/log.lua:187: in function <.../nvim/site/pack/core/opt/blink.lib/lua/blink/lib/log.lua:187>
	[C]: in function 'pcall'
	.../nvim/site/pack/core/opt/blink.lib/lua/blink/lib/log.lua:301: in function <.../nvim/site/pack/core/opt/blink.lib/lua/blink/lib/log.lua:299>
Lua callback: /usr/share/nvim/runtime/lua/vim/treesitter.lua:460: Parser could not be created for buffer 4311 and language "notify"
stack traceback:
	[C]: in function 'assert'
	/usr/share/nvim/runtime/lua/vim/treesitter.lua:460: in function 'start'
	...onfig/nvim/lua/config/ui/highlight/treesitter-config.lua:6: in function <...onfig/nvim/lua/config/ui/highlight/treesitter-config.lua:5>
	[C]: in function 'nvim_buf_set_option'
	.../core/opt/nvim-notify/lua/notify/service/buffer/init.lua:103: in function 'render'
	...te/pack/core/opt/nvim-notify/lua/notify/service/init.lua:53: in function 'push'
	...m/site/pack/core/opt/nvim-notify/lua/notify/instance.lua:132: in function <...m/site/pack/core/opt/nvim-notify/lua/notify/instance.lua:77>
	...ck/core/opt/noice.nvim/lua/noice/view/backend/notify.lua:168: in function '_notify'
	...ck/core/opt/noice.nvim/lua/noice/view/backend/notify.lua:198: in function 'show'
	...im/site/pack/core/opt/noice.nvim/lua/noice/view/init.lua:163: in function <...im/site/pack/core/opt/noice.nvim/lua/noice/view/init.lua:161>
	[C]: in function 'xpcall'
	...
	...te/pack/core/opt/noice.nvim/lua/noice/message/router.lua:214: in function <...te/pack/core/opt/noice.nvim/lua/noice/message/router.lua:147>
	[C]: in function 'xpcall'
	...im/site/pack/core/opt/noice.nvim/lua/noice/util/call.lua:149: in function 'try'
	...nvim/site/pack/core/opt/noice.nvim/lua/noice/ui/init.lua:88: in function 'ui_attach_cb'
	...nvim/site/pack/core/opt/noice.nvim/lua/noice/ui/init.lua:27: in function 'process_queue'
	...nvim/site/pack/core/opt/noice.nvim/lua/noice/ui/init.lua:138: in function <...nvim/site/pack/core/opt/noice.nvim/lua/noice/ui/init.lua:118>
	[C]: in function 'nvim_echo'
	.../nvim/site/pack/core/opt/blink.lib/lua/blink/lib/log.lua:187: in function <.../nvim/site/pack/core/opt/blink.lib/lua/blink/lib/log.lua:187>
	[C]: in function 'pcall'
	.../nvim/site/pack/core/opt/blink.lib/lua/blink/lib/log.lua:301: in function <.../nvim/site/pack/core/opt/blink.lib/lua/blink/lib/log.lua:299>
Lua callback: /usr/share/nvim/runtime/lua/vim/treesitter.lua:460: Parser could not be created for buffer 4312 and language "notify"
stack traceback:
	[C]: in function 'assert'
	/usr/share/nvim/runtime/lua/vim/treesitter.lua:460: in function 'start'
	...onfig/nvim/lua/config/ui/highlight/treesitter-config.lua:6: in function <...onfig/nvim/lua/config/ui/highlight/treesitter-config.lua:5>
	[C]: in function 'nvim_buf_set_option'
	.../core/opt/nvim-notify/lua/notify/service/buffer/init.lua:103: in function 'render'
	...te/pack/core/opt/nvim-notify/lua/notify/service/init.lua:53: in function 'push'
	...m/site/pack/core/opt/nvim-notify/lua/notify/instance.lua:132: in function <...m/site/pack/core/opt/nvim-notify/lua/notify/instance.lua:77>
	...ck/core/opt/noice.nvim/lua/noice/view/backend/notify.lua:168: in function '_notify'
	...ck/core/opt/noice.nvim/lua/noice/view/backend/notify.lua:198: in function 'show'
	...im/site/pack/core/opt/noice.nvim/lua/noice/view/init.lua:163: in function <...im/site/pack/core/opt/noice.nvim/lua/noice/view/init.lua:161>
	[C]: in function 'xpcall'
	...
	...te/pack/core/opt/noice.nvim/lua/noice/message/router.lua:214: in function <...te/pack/core/opt/noice.nvim/lua/noice/message/router.lua:147>
	[C]: in function 'xpcall'
	...im/site/pack/core/opt/noice.nvim/lua/noice/util/call.lua:149: in function 'try'
	...nvim/site/pack/core/opt/noice.nvim/lua/noice/ui/init.lua:88: in function 'ui_attach_cb'
	...nvim/site/pack/core/opt/noice.nvim/lua/noice/ui/init.lua:27: in function 'process_queue'
	...nvim/site/pack/core/opt/noice.nvim/lua/noice/ui/init.lua:138: in function <...nvim/site/pack/core/opt/noice.nvim/lua/noice/ui/init.lua:118>
	[C]: in function 'nvim_echo'
	.../nvim/site/pack/core/opt/blink.lib/lua/blink/lib/log.lua:187: in function <.../nvim/site/pack/core/opt/blink.lib/lua/blink/lib/log.lua:187>
	[C]: in function 'pcall'
	.../nvim/site/pack/core/opt/blink.lib/lua/blink/lib/log.lua:301: in function <.../nvim/site/pack/core/opt/blink.lib/lua/blink/lib/log.lua:299>
Lua callback: /usr/share/nvim/runtime/lua/vim/treesitter.lua:460: Parser could not be created for buffer 4313 and language "notify"
stack traceback:
	[C]: in function 'assert'
	/usr/share/nvim/runtime/lua/vim/treesitter.lua:460: in function 'start'
	...onfig/nvim/lua/config/ui/highlight/treesitter-config.lua:6: in function <...onfig/nvim/lua/config/ui/highlight/treesitter-config.lua:5>
	[C]: in function 'nvim_buf_set_option'
	.../core/opt/nvim-notify/lua/notify/service/buffer/init.lua:103: in function 'render'
	...te/pack/core/opt/nvim-notify/lua/notify/service/init.lua:53: in function 'push'
	...m/site/pack/core/opt/nvim-notify/lua/notify/instance.lua:132: in function <...m/site/pack/core/opt/nvim-notify/lua/notify/instance.lua:77>
	...ck/core/opt/noice.nvim/lua/noice/view/backend/notify.lua:168: in function '_notify'
	...ck/core/opt/noice.nvim/lua/noice/view/backend/notify.lua:198: in function 'show'
	...im/site/pack/core/opt/noice.nvim/lua/noice/view/init.lua:163: in function <...im/site/pack/core/opt/noice.nvim/lua/noice/view/init.lua:161>
	[C]: in function 'xpcall'
	...
	...te/pack/core/opt/noice.nvim/lua/noice/message/router.lua:214: in function <...te/pack/core/opt/noice.nvim/lua/noice/message/router.lua:147>
	[C]: in function 'xpcall'
	...im/site/pack/core/opt/noice.nvim/lua/noice/util/call.lua:149: in function 'try'
	...nvim/site/pack/core/opt/noice.nvim/lua/noice/ui/init.lua:88: in function 'ui_attach_cb'
	...nvim/site/pack/core/opt/noice.nvim/lua/noice/ui/init.lua:27: in function 'process_queue'
	...nvim/site/pack/core/opt/noice.nvim/lua/noice/ui/init.lua:138: in function <...nvim/site/pack/core/opt/noice.nvim/lua/noice/ui/init.lua:118>
	[C]: in function 'nvim_echo'
	.../nvim/site/pack/core/opt/blink.lib/lua/blink/lib/log.lua:187: in function <.../nvim/site/pack/core/opt/blink.lib/lua/blink/lib/log.lua:187>
	[C]: in function 'pcall'
	.../nvim/site/pack/core/opt/blink.lib/lua/blink/lib/log.lua:301: in function <.../nvim/site/pack/core/opt/blink.lib/lua/blink/lib/log.lua:299>
Lua callback: /usr/share/nvim/runtime/lua/vim/treesitter.lua:460: Parser could not be created for buffer 4314 and language "notify"
stack traceback:
	[C]: in function 'assert'
	/usr/share/nvim/runtime/lua/vim/treesitter.lua:460: in function 'start'
	...onfig/nvim/lua/config/ui/highlight/treesitter-config.lua:6: in function <...onfig/nvim/lua/config/ui/highlight/treesitter-config.lua:5>
	[C]: in function 'nvim_buf_set_option'
	.../core/opt/nvim-notify/lua/notify/service/buffer/init.lua:103: in function 'render'
	...te/pack/core/opt/nvim-notify/lua/notify/service/init.lua:53: in function 'push'
	...m/site/pack/core/opt/nvim-notify/lua/notify/instance.lua:132: in function <...m/site/pack/core/opt/nvim-notify/lua/notify/instance.lua:77>
	...ck/core/opt/noice.nvim/lua/noice/view/backend/notify.lua:168: in function '_notify'
	...ck/core/opt/noice.nvim/lua/noice/view/backend/notify.lua:198: in function 'show'
	...im/site/pack/core/opt/noice.nvim/lua/noice/view/init.lua:163: in function <...im/site/pack/core/opt/noice.nvim/lua/noice/view/init.lua:161>
	[C]: in function 'xpcall'
	...
	...te/pack/core/opt/noice.nvim/lua/noice/message/router.lua:214: in function <...te/pack/core/opt/noice.nvim/lua/noice/message/router.lua:147>
	[C]: in function 'xpcall'
	...im/site/pack/core/opt/noice.nvim/lua/noice/util/call.lua:149: in function 'try'
	...nvim/site/pack/core/opt/noice.nvim/lua/noice/ui/init.lua:88: in function 'ui_attach_cb'
	...nvim/site/pack/core/opt/noice.nvim/lua/noice/ui/init.lua:27: in function 'process_queue'
	...nvim/site/pack/core/opt/noice.nvim/lua/noice/ui/init.lua:138: in function <...nvim/site/pack/core/opt/noice.nvim/lua/noice/ui/init.lua:118>
	[C]: in function 'nvim_echo'
	.../nvim/site/pack/core/opt/blink.lib/lua/blink/lib/log.lua:187: in function <.../nvim/site/pack/core/opt/blink.lib/lua/blink/lib/log.lua:187>
	[C]: in function 'pcall'
	.../nvim/site/pack/core/opt/blink.lib/lua/blink/lib/log.lua:301: in function <.../nvim/site/pack/core/opt/blink.lib/lua/blink/lib/log.lua:299>
Lua callback: /usr/share/nvim/runtime/lua/vim/treesitter.lua:460: Parser could not be created for buffer 4315 and language "notify"
stack traceback:
	[C]: in function 'assert'
	/usr/share/nvim/runtime/lua/vim/treesitter.lua:460: in function 'start'
	...onfig/nvim/lua/config/ui/highlight/treesitter-config.lua:6: in function <...onfig/nvim/lua/config/ui/highlight/treesitter-config.lua:5>
	[C]: in function 'nvim_buf_set_option'
	.../core/opt/nvim-notify/lua/notify/service/buffer/init.lua:103: in function 'render'
	...te/pack/core/opt/nvim-notify/lua/notify/service/init.lua:53: in function 'push'
	...m/site/pack/core/opt/nvim-notify/lua/notify/instance.lua:132: in function <...m/site/pack/core/opt/nvim-notify/lua/notify/instance.lua:77>
	...ck/core/opt/noice.nvim/lua/noice/view/backend/notify.lua:168: in function '_notify'
	...ck/core/opt/noice.nvim/lua/noice/view/backend/notify.lua:198: in function 'show'
	...im/site/pack/core/opt/noice.nvim/lua/noice/view/init.lua:163: in function <...im/site/pack/core/opt/noice.nvim/lua/noice/view/init.lua:161>
	[C]: in function 'xpcall'
	...
	...te/pack/core/opt/noice.nvim/lua/noice/message/router.lua:214: in function <...te/pack/core/opt/noice.nvim/lua/noice/message/router.lua:147>
	[C]: in function 'xpcall'
	...im/site/pack/core/opt/noice.nvim/lua/noice/util/call.lua:149: in function 'try'
	...nvim/site/pack/core/opt/noice.nvim/lua/noice/ui/init.lua:88: in function 'ui_attach_cb'
	...nvim/site/pack/core/opt/noice.nvim/lua/noice/ui/init.lua:27: in function 'process_queue'
	...nvim/site/pack/core/opt/noice.nvim/lua/noice/ui/init.lua:138: in function <...nvim/site/pack/core/opt/noice.nvim/lua/noice/ui/init.lua:118>
	[C]: in function 'nvim_echo'
	.../nvim/site/pack/core/opt/blink.lib/lua/blink/lib/log.lua:187: in function <.../nvim/site/pack/core/opt/blink.lib/lua/blink/lib/log.lua:187>
	[C]: in function 'pcall'
	.../nvim/site/pack/core/opt/blink.lib/lua/blink/lib/log.lua:301: in function <.../nvim/site/pack/core/opt/blink.lib/lua/blink/lib/log.lua:299>
Lua callback: /usr/share/nvim/runtime/lua/vim/treesitter.lua:460: Parser could not be created for buffer 4316 and language "notify"
stack traceback:
	[C]: in function 'assert'
	/usr/share/nvim/runtime/lua/vim/treesitter.lua:460: in function 'start'
	...onfig/nvim/lua/config/ui/highlight/treesitter-config.lua:6: in function <...onfig/nvim/lua/config/ui/highlight/treesitter-config.lua:5>
	[C]: in function 'nvim_buf_set_option'
	.../core/opt/nvim-notify/lua/notify/service/buffer/init.lua:103: in function 'render'
	...te/pack/core/opt/nvim-notify/lua/notify/service/init.lua:53: in function 'push'
	...m/site/pack/core/opt/nvim-notify/lua/notify/instance.lua:132: in function <...m/site/pack/core/opt/nvim-notify/lua/notify/instance.lua:77>
	...ck/core/opt/noice.nvim/lua/noice/view/backend/notify.lua:168: in function '_notify'
	...ck/core/opt/noice.nvim/lua/noice/view/backend/notify.lua:198: in function 'show'
	...im/site/pack/core/opt/noice.nvim/lua/noice/view/init.lua:163: in function <...im/site/pack/core/opt/noice.nvim/lua/noice/view/init.lua:161>
	[C]: in function 'xpcall'
	...
	...te/pack/core/opt/noice.nvim/lua/noice/message/router.lua:214: in function <...te/pack/core/opt/noice.nvim/lua/noice/message/router.lua:147>
	[C]: in function 'xpcall'
	...im/site/pack/core/opt/noice.nvim/lua/noice/util/call.lua:149: in function 'try'
	...nvim/site/pack/core/opt/noice.nvim/lua/noice/ui/init.lua:88: in function 'ui_attach_cb'
	...nvim/site/pack/core/opt/noice.nvim/lua/noice/ui/init.lua:27: in function 'process_queue'
	...nvim/site/pack/core/opt/noice.nvim/lua/noice/ui/init.lua:138: in function <...nvim/site/pack/core/opt/noice.nvim/lua/noice/ui/init.lua:118>
	[C]: in function 'nvim_echo'
	.../nvim/site/pack/core/opt/blink.lib/lua/blink/lib/log.lua:187: in function <.../nvim/site/pack/core/opt/blink.lib/lua/blink/lib/log.lua:187>
	[C]: in function 'pcall'
	.../nvim/site/pack/core/opt/blink.lib/lua/blink/lib/log.lua:301: in function <.../nvim/site/pack/core/opt/blink.lib/lua/blink/lib/log.lua:299>
Lua callback: /usr/share/nvim/runtime/lua/vim/treesitter.lua:460: Parser could not be created for buffer 4317 and language "notify"
stack traceback:
	[C]: in function 'assert'
	/usr/share/nvim/runtime/lua/vim/treesitter.lua:460: in function 'start'
	...onfig/nvim/lua/config/ui/highlight/treesitter-config.lua:6: in function <...onfig/nvim/lua/config/ui/highlight/treesitter-config.lua:5>
	[C]: in function 'nvim_buf_set_option'
	.../core/opt/nvim-notify/lua/notify/service/buffer/init.lua:103: in function 'render'
	...te/pack/core/opt/nvim-notify/lua/notify/service/init.lua:53: in function 'push'
	...m/site/pack/core/opt/nvim-notify/lua/notify/instance.lua:132: in function <...m/site/pack/core/opt/nvim-notify/lua/notify/instance.lua:77>
	...ck/core/opt/noice.nvim/lua/noice/view/backend/notify.lua:168: in function '_notify'
	...ck/core/opt/noice.nvim/lua/noice/view/backend/notify.lua:198: in function 'show'
	...im/site/pack/core/opt/noice.nvim/lua/noice/view/init.lua:163: in function <...im/site/pack/core/opt/noice.nvim/lua/noice/view/init.lua:161>
	[C]: in function 'xpcall'
	...
	...te/pack/core/opt/noice.nvim/lua/noice/message/router.lua:214: in function <...te/pack/core/opt/noice.nvim/lua/noice/message/router.lua:147>
	[C]: in function 'xpcall'
	...im/site/pack/core/opt/noice.nvim/lua/noice/util/call.lua:149: in function 'try'
	...nvim/site/pack/core/opt/noice.nvim/lua/noice/ui/init.lua:88: in function 'ui_attach_cb'
	...nvim/site/pack/core/opt/noice.nvim/lua/noice/ui/init.lua:27: in function 'process_queue'
	...nvim/site/pack/core/opt/noice.nvim/lua/noice/ui/init.lua:138: in function <...nvim/site/pack/core/opt/noice.nvim/lua/noice/ui/init.lua:118>
	[C]: in function 'nvim_echo'
	.../nvim/site/pack/core/opt/blink.lib/lua/blink/lib/log.lua:187: in function <.../nvim/site/pack/core/opt/blink.lib/lua/blink/lib/log.lua:187>
	[C]: in function 'pcall'
	.../nvim/site/pack/core/opt/blink.lib/lua/blink/lib/log.lua:301: in function <.../nvim/site/pack/core/opt/blink.lib/lua/blink/lib/log.lua:299>
Lua callback: /usr/share/nvim/runtime/lua/vim/treesitter.lua:460: Parser could not be created for buffer 4318 and language "notify"
stack traceback:
	[C]: in function 'assert'
	/usr/share/nvim/runtime/lua/vim/treesitter.lua:460: in function 'start'
	...onfig/nvim/lua/config/ui/highlight/treesitter-config.lua:6: in function <...onfig/nvim/lua/config/ui/highlight/treesitter-config.lua:5>
	[C]: in function 'nvim_buf_set_option'
	.../core/opt/nvim-notify/lua/notify/service/buffer/init.lua:103: in function 'render'
	...te/pack/core/opt/nvim-notify/lua/notify/service/init.lua:53: in function 'push'
	...m/site/pack/core/opt/nvim-notify/lua/notify/instance.lua:132: in function <...m/site/pack/core/opt/nvim-notify/lua/notify/instance.lua:77>
	...ck/core/opt/noice.nvim/lua/noice/view/backend/notify.lua:168: in function '_notify'
	...ck/core/opt/noice.nvim/lua/noice/view/backend/notify.lua:198: in function 'show'
	...im/site/pack/core/opt/noice.nvim/lua/noice/view/init.lua:163: in function <...im/site/pack/core/opt/noice.nvim/lua/noice/view/init.lua:161>
	[C]: in function 'xpcall'
	...
	...te/pack/core/opt/noice.nvim/lua/noice/message/router.lua:214: in function <...te/pack/core/opt/noice.nvim/lua/noice/message/router.lua:147>
	[C]: in function 'xpcall'
	...im/site/pack/core/opt/noice.nvim/lua/noice/util/call.lua:149: in function 'try'
	...nvim/site/pack/core/opt/noice.nvim/lua/noice/ui/init.lua:88: in function 'ui_attach_cb'
	...nvim/site/pack/core/opt/noice.nvim/lua/noice/ui/init.lua:27: in function 'process_queue'
	...nvim/site/pack/core/opt/noice.nvim/lua/noice/ui/init.lua:138: in function <...nvim/site/pack/core/opt/noice.nvim/lua/noice/ui/init.lua:118>
	[C]: in function 'nvim_echo'
	.../nvim/site/pack/core/opt/blink.lib/lua/blink/lib/log.lua:187: in function <.../nvim/site/pack/core/opt/blink.lib/lua/blink/lib/log.lua:187>
	[C]: in function 'pcall'
	.../nvim/site/pack/core/opt/blink.lib/lua/blink/lib/log.lua:301: in function <.../nvim/site/pack/core/opt/blink.lib/lua/blink/lib/log.lua:299>
Lua callback: /usr/share/nvim/runtime/lua/vim/treesitter.lua:460: Parser could not be created for buffer 4319 and language "notify"
stack traceback:
	[C]: in function 'assert'
	/usr/share/nvim/runtime/lua/vim/treesitter.lua:460: in function 'start'
	...onfig/nvim/lua/config/ui/highlight/treesitter-config.lua:6: in function <...onfig/nvim/lua/config/ui/highlight/treesitter-config.lua:5>
	[C]: in function 'nvim_buf_set_option'
	.../core/opt/nvim-notify/lua/notify/service/buffer/init.lua:103: in function 'render'
	...te/pack/core/opt/nvim-notify/lua/notify/service/init.lua:53: in function 'push'
	...m/site/pack/core/opt/nvim-notify/lua/notify/instance.lua:132: in function <...m/site/pack/core/opt/nvim-notify/lua/notify/instance.lua:77>
	...ck/core/opt/noice.nvim/lua/noice/view/backend/notify.lua:168: in function '_notify'
	...ck/core/opt/noice.nvim/lua/noice/view/backend/notify.lua:198: in function 'show'
	...im/site/pack/core/opt/noice.nvim/lua/noice/view/init.lua:163: in function <...im/site/pack/core/opt/noice.nvim/lua/noice/view/init.lua:161>
	[C]: in function 'xpcall'
	...
	...te/pack/core/opt/noice.nvim/lua/noice/message/router.lua:214: in function <...te/pack/core/opt/noice.nvim/lua/noice/message/router.lua:147>
	[C]: in function 'xpcall'
	...im/site/pack/core/opt/noice.nvim/lua/noice/util/call.lua:149: in function 'try'
	...nvim/site/pack/core/opt/noice.nvim/lua/noice/ui/init.lua:88: in function 'ui_attach_cb'
	...nvim/site/pack/core/opt/noice.nvim/lua/noice/ui/init.lua:27: in function 'process_queue'
	...nvim/site/pack/core/opt/noice.nvim/lua/noice/ui/init.lua:138: in function <...nvim/site/pack/core/opt/noice.nvim/lua/noice/ui/init.lua:118>
	[C]: in function 'nvim_echo'
	.../nvim/site/pack/core/opt/blink.lib/lua/blink/lib/log.lua:187: in function <.../nvim/site/pack/core/opt/blink.lib/lua/blink/lib/log.lua:187>
	[C]: in function 'pcall'
	.../nvim/site/pack/core/opt/blink.lib/lua/blink/lib/log.lua:301: in function <.../nvim/site/pack/core/opt/blink.lib/lua/blink/lib/log.lua:299>
Lua callback: /usr/share/nvim/runtime/lua/vim/treesitter.lua:460: Parser could not be created for buffer 4320 and language "notify"
stack traceback:
	[C]: in function 'assert'
	/usr/share/nvim/runtime/lua/vim/treesitter.lua:460: in function 'start'
	...onfig/nvim/lua/config/ui/highlight/treesitter-config.lua:6: in function <...onfig/nvim/lua/config/ui/highlight/treesitter-config.lua:5>
	[C]: in function 'nvim_buf_set_option'
	.../core/opt/nvim-notify/lua/notify/service/buffer/init.lua:103: in function 'render'
	...te/pack/core/opt/nvim-notify/lua/notify/service/init.lua:53: in function 'push'
	...m/site/pack/core/opt/nvim-notify/lua/notify/instance.lua:132: in function <...m/site/pack/core/opt/nvim-notify/lua/notify/instance.lua:77>
	...ck/core/opt/noice.nvim/lua/noice/view/backend/notify.lua:168: in function '_notify'
	...ck/core/opt/noice.nvim/lua/noice/view/backend/notify.lua:198: in function 'show'
	...im/site/pack/core/opt/noice.nvim/lua/noice/view/init.lua:163: in function <...im/site/pack/core/opt/noice.nvim/lua/noice/view/init.lua:161>
	[C]: in function 'xpcall'
	...
	...te/pack/core/opt/noice.nvim/lua/noice/message/router.lua:214: in function <...te/pack/core/opt/noice.nvim/lua/noice/message/router.lua:147>
	[C]: in function 'xpcall'
	...im/site/pack/core/opt/noice.nvim/lua/noice/util/call.lua:149: in function 'try'
	...nvim/site/pack/core/opt/noice.nvim/lua/noice/ui/init.lua:88: in function 'ui_attach_cb'
	...nvim/site/pack/core/opt/noice.nvim/lua/noice/ui/init.lua:27: in function 'process_queue'
	...nvim/site/pack/core/opt/noice.nvim/lua/noice/ui/init.lua:138: in function <...nvim/site/pack/core/opt/noice.nvim/lua/noice/ui/init.lua:118>
	[C]: in function 'nvim_echo'
	.../nvim/site/pack/core/opt/blink.lib/lua/blink/lib/log.lua:187: in function <.../nvim/site/pack/core/opt/blink.lib/lua/blink/lib/log.lua:187>
	[C]: in function 'pcall'
	.../nvim/site/pack/core/opt/blink.lib/lua/blink/lib/log.lua:301: in function <.../nvim/site/pack/core/opt/blink.lib/lua/blink/lib/log.lua:299>
Lua callback: /usr/share/nvim/runtime/lua/vim/treesitter.lua:460: Parser could not be created for buffer 4321 and language "notify"
stack traceback:
	[C]: in function 'assert'
	/usr/share/nvim/runtime/lua/vim/treesitter.lua:460: in function 'start'
	...onfig/nvim/lua/config/ui/highlight/treesitter-config.lua:6: in function <...onfig/nvim/lua/config/ui/highlight/treesitter-config.lua:5>
	[C]: in function 'nvim_buf_set_option'
	.../core/opt/nvim-notify/lua/notify/service/buffer/init.lua:103: in function 'render'
	...te/pack/core/opt/nvim-notify/lua/notify/service/init.lua:53: in function 'push'
	...m/site/pack/core/opt/nvim-notify/lua/notify/instance.lua:132: in function <...m/site/pack/core/opt/nvim-notify/lua/notify/instance.lua:77>
	...ck/core/opt/noice.nvim/lua/noice/view/backend/notify.lua:168: in function '_notify'
	...ck/core/opt/noice.nvim/lua/noice/view/backend/notify.lua:198: in function 'show'
	...im/site/pack/core/opt/noice.nvim/lua/noice/view/init.lua:163: in function <...im/site/pack/core/opt/noice.nvim/lua/noice/view/init.lua:161>
	[C]: in function 'xpcall'
	...
	...te/pack/core/opt/noice.nvim/lua/noice/message/router.lua:214: in function <...te/pack/core/opt/noice.nvim/lua/noice/message/router.lua:147>
	[C]: in function 'xpcall'
	...im/site/pack/core/opt/noice.nvim/lua/noice/util/call.lua:149: in function 'try'
	...nvim/site/pack/core/opt/noice.nvim/lua/noice/ui/init.lua:88: in function 'ui_attach_cb'
	...nvim/site/pack/core/opt/noice.nvim/lua/noice/ui/init.lua:27: in function 'process_queue'
	...nvim/site/pack/core/opt/noice.nvim/lua/noice/ui/init.lua:138: in function <...nvim/site/pack/core/opt/noice.nvim/lua/noice/ui/init.lua:118>
	[C]: in function 'nvim_echo'
	.../nvim/site/pack/core/opt/blink.lib/lua/blink/lib/log.lua:187: in function <.../nvim/site/pack/core/opt/blink.lib/lua/blink/lib/log.lua:187>
	[C]: in function 'pcall'
	.../nvim/site/pack/core/opt/blink.lib/lua/blink/lib/log.lua:301: in function <.../nvim/site/pack/core/opt/blink.lib/lua/blink/lib/log.lua:299>
Lua callback: /usr/share/nvim/runtime/lua/vim/treesitter.lua:460: Parser could not be created for buffer 4322 and language "notify"
stack traceback:
	[C]: in function 'assert'
	/usr/share/nvim/runtime/lua/vim/treesitter.lua:460: in function 'start'
	...onfig/nvim/lua/config/ui/highlight/treesitter-config.lua:6: in function <...onfig/nvim/lua/config/ui/highlight/treesitter-config.lua:5>
	[C]: in function 'nvim_buf_set_option'
	.../core/opt/nvim-notify/lua/notify/service/buffer/init.lua:103: in function 'render'
	...te/pack/core/opt/nvim-notify/lua/notify/service/init.lua:53: in function 'push'
	...m/site/pack/core/opt/nvim-notify/lua/notify/instance.lua:132: in function <...m/site/pack/core/opt/nvim-notify/lua/notify/instance.lua:77>
	...ck/core/opt/noice.nvim/lua/noice/view/backend/notify.lua:168: in function '_notify'
	...ck/core/opt/noice.nvim/lua/noice/view/backend/notify.lua:198: in function 'show'
	...im/site/pack/core/opt/noice.nvim/lua/noice/view/init.lua:163: in function <...im/site/pack/core/opt/noice.nvim/lua/noice/view/init.lua:161>
	[C]: in function 'xpcall'
	...
	...te/pack/core/opt/noice.nvim/lua/noice/message/router.lua:214: in function <...te/pack/core/opt/noice.nvim/lua/noice/message/router.lua:147>
	[C]: in function 'xpcall'
	...im/site/pack/core/opt/noice.nvim/lua/noice/util/call.lua:149: in function 'try'
	...nvim/site/pack/core/opt/noice.nvim/lua/noice/ui/init.lua:88: in function 'ui_attach_cb'
	...nvim/site/pack/core/opt/noice.nvim/lua/noice/ui/init.lua:27: in function 'process_queue'
	...nvim/site/pack/core/opt/noice.nvim/lua/noice/ui/init.lua:138: in function <...nvim/site/pack/core/opt/noice.nvim/lua/noice/ui/init.lua:118>
	[C]: in function 'nvim_echo'
	.../nvim/site/pack/core/opt/blink.lib/lua/blink/lib/log.lua:187: in function <.../nvim/site/pack/core/opt/blink.lib/lua/blink/lib/log.lua:187>
	[C]: in function 'pcall'
	.../nvim/site/pack/core/opt/blink.lib/lua/blink/lib/log.lua:301: in function <.../nvim/site/pack/core/opt/blink.lib/lua/blink/lib/log.lua:299>
Lua callback: /usr/share/nvim/runtime/lua/vim/treesitter.lua:460: Parser could not be created for buffer 4323 and language "notify"
stack traceback:
	[C]: in function 'assert'
	/usr/share/nvim/runtime/lua/vim/treesitter.lua:460: in function 'start'
	...onfig/nvim/lua/config/ui/highlight/treesitter-config.lua:6: in function <...onfig/nvim/lua/config/ui/highlight/treesitter-config.lua:5>
	[C]: in function 'nvim_buf_set_option'
	.../core/opt/nvim-notify/lua/notify/service/buffer/init.lua:103: in function 'render'
	...te/pack/core/opt/nvim-notify/lua/notify/service/init.lua:53: in function 'push'
	...m/site/pack/core/opt/nvim-notify/lua/notify/instance.lua:132: in function <...m/site/pack/core/opt/nvim-notify/lua/notify/instance.lua:77>
	...ck/core/opt/noice.nvim/lua/noice/view/backend/notify.lua:168: in function '_notify'
	...ck/core/opt/noice.nvim/lua/noice/view/backend/notify.lua:198: in function 'show'
	...im/site/pack/core/opt/noice.nvim/lua/noice/view/init.lua:163: in function <...im/site/pack/core/opt/noice.nvim/lua/noice/view/init.lua:161>
	[C]: in function 'xpcall'
	...
	...te/pack/core/opt/noice.nvim/lua/noice/message/router.lua:214: in function <...te/pack/core/opt/noice.nvim/lua/noice/message/router.lua:147>
	[C]: in function 'xpcall'
	...im/site/pack/core/opt/noice.nvim/lua/noice/util/call.lua:149: in function 'try'
	...nvim/site/pack/core/opt/noice.nvim/lua/noice/ui/init.lua:88: in function 'ui_attach_cb'
	...nvim/site/pack/core/opt/noice.nvim/lua/noice/ui/init.lua:27: in function 'process_queue'
	...nvim/site/pack/core/opt/noice.nvim/lua/noice/ui/init.lua:138: in function <...nvim/site/pack/core/opt/noice.nvim/lua/noice/ui/init.lua:118>
	[C]: in function 'nvim_echo'
	.../nvim/site/pack/core/opt/blink.lib/lua/blink/lib/log.lua:187: in function <.../nvim/site/pack/core/opt/blink.lib/lua/blink/lib/log.lua:187>
	[C]: in function 'pcall'
	.../nvim/site/pack/core/opt/blink.lib/lua/blink/lib/log.lua:301: in function <.../nvim/site/pack/core/opt/blink.lib/lua/blink/lib/log.lua:299>
Lua callback: /usr/share/nvim/runtime/lua/vim/treesitter.lua:460: Parser could not be created for buffer 4324 and language "notify"
stack traceback:
	[C]: in function 'assert'
	/usr/share/nvim/runtime/lua/vim/treesitter.lua:460: in function 'start'
	...onfig/nvim/lua/config/ui/highlight/treesitter-config.lua:6: in function <...onfig/nvim/lua/config/ui/highlight/treesitter-config.lua:5>
	[C]: in function 'nvim_buf_set_option'
	.../core/opt/nvim-notify/lua/notify/service/buffer/init.lua:103: in function 'render'
	...te/pack/core/opt/nvim-notify/lua/notify/service/init.lua:53: in function 'push'
	...m/site/pack/core/opt/nvim-notify/lua/notify/instance.lua:132: in function <...m/site/pack/core/opt/nvim-notify/lua/notify/instance.lua:77>
	...ck/core/opt/noice.nvim/lua/noice/view/backend/notify.lua:168: in function '_notify'
	...ck/core/opt/noice.nvim/lua/noice/view/backend/notify.lua:198: in function 'show'
	...im/site/pack/core/opt/noice.nvim/lua/noice/view/init.lua:163: in function <...im/site/pack/core/opt/noice.nvim/lua/noice/view/init.lua:161>
	[C]: in function 'xpcall'
	...
	...te/pack/core/opt/noice.nvim/lua/noice/message/router.lua:214: in function <...te/pack/core/opt/noice.nvim/lua/noice/message/router.lua:147>
	[C]: in function 'xpcall'
	...im/site/pack/core/opt/noice.nvim/lua/noice/util/call.lua:149: in function 'try'
	...nvim/site/pack/core/opt/noice.nvim/lua/noice/ui/init.lua:88: in function 'ui_attach_cb'
	...nvim/site/pack/core/opt/noice.nvim/lua/noice/ui/init.lua:27: in function 'process_queue'
	...nvim/site/pack/core/opt/noice.nvim/lua/noice/ui/init.lua:138: in function <...nvim/site/pack/core/opt/noice.nvim/lua/noice/ui/init.lua:118>
	[C]: in function 'nvim_echo'
	.../nvim/site/pack/core/opt/blink.lib/lua/blink/lib/log.lua:187: in function <.../nvim/site/pack/core/opt/blink.lib/lua/blink/lib/log.lua:187>
	[C]: in function 'pcall'
	.../nvim/site/pack/core/opt/blink.lib/lua/blink/lib/log.lua:301: in function <.../nvim/site/pack/core/opt/blink.lib/lua/blink/lib/log.lua:299>
Lua callback: /usr/share/nvim/runtime/lua/vim/treesitter.lua:460: Parser could not be created for buffer 4325 and language "notify"
stack traceback:
	[C]: in function 'assert'
	/usr/share/nvim/runtime/lua/vim/treesitter.lua:460: in function 'start'
	...onfig/nvim/lua/config/ui/highlight/treesitter-config.lua:6: in function <...onfig/nvim/lua/config/ui/highlight/treesitter-config.lua:5>
	[C]: in function 'nvim_buf_set_option'
	.../core/opt/nvim-notify/lua/notify/service/buffer/init.lua:103: in function 'render'
	...te/pack/core/opt/nvim-notify/lua/notify/service/init.lua:53: in function 'push'
	...m/site/pack/core/opt/nvim-notify/lua/notify/instance.lua:132: in function <...m/site/pack/core/opt/nvim-notify/lua/notify/instance.lua:77>
	...ck/core/opt/noice.nvim/lua/noice/view/backend/notify.lua:168: in function '_notify'
	...ck/core/opt/noice.nvim/lua/noice/view/backend/notify.lua:198: in function 'show'
	...im/site/pack/core/opt/noice.nvim/lua/noice/view/init.lua:163: in function <...im/site/pack/core/opt/noice.nvim/lua/noice/view/init.lua:161>
	[C]: in function 'xpcall'
	...
	...te/pack/core/opt/noice.nvim/lua/noice/message/router.lua:214: in function <...te/pack/core/opt/noice.nvim/lua/noice/message/router.lua:147>
	[C]: in function 'xpcall'
	...im/site/pack/core/opt/noice.nvim/lua/noice/util/call.lua:149: in function 'try'
	...nvim/site/pack/core/opt/noice.nvim/lua/noice/ui/init.lua:88: in function 'ui_attach_cb'
	...nvim/site/pack/core/opt/noice.nvim/lua/noice/ui/init.lua:27: in function 'process_queue'
	...nvim/site/pack/core/opt/noice.nvim/lua/noice/ui/init.lua:138: in function <...nvim/site/pack/core/opt/noice.nvim/lua/noice/ui/init.lua:118>
	[C]: in function 'nvim_echo'
	.../nvim/site/pack/core/opt/blink.lib/lua/blink/lib/log.lua:187: in function <.../nvim/site/pack/core/opt/blink.lib/lua/blink/lib/log.lua:187>
	[C]: in function 'pcall'
	.../nvim/site/pack/core/opt/blink.lib/lua/blink/lib/log.lua:301: in function <.../nvim/site/pack/core/opt/blink.lib/lua/blink/lib/log.lua:299>
Lua callback: /usr/share/nvim/runtime/lua/vim/treesitter.lua:460: Parser could not be created for buffer 4326 and language "notify"
stack traceback:
	[C]: in function 'assert'
	/usr/share/nvim/runtime/lua/vim/treesitter.lua:460: in function 'start'
	...onfig/nvim/lua/config/ui/highlight/treesitter-config.lua:6: in function <...onfig/nvim/lua/config/ui/highlight/treesitter-config.lua:5>
	[C]: in function 'nvim_buf_set_option'
	.../core/opt/nvim-notify/lua/notify/service/buffer/init.lua:103: in function 'render'
	...te/pack/core/opt/nvim-notify/lua/notify/service/init.lua:53: in function 'push'
	...m/site/pack/core/opt/nvim-notify/lua/notify/instance.lua:132: in function <...m/site/pack/core/opt/nvim-notify/lua/notify/instance.lua:77>
	...ck/core/opt/noice.nvim/lua/noice/view/backend/notify.lua:168: in function '_notify'
	...ck/core/opt/noice.nvim/lua/noice/view/backend/notify.lua:198: in function 'show'
	...im/site/pack/core/opt/noice.nvim/lua/noice/view/init.lua:163: in function <...im/site/pack/core/opt/noice.nvim/lua/noice/view/init.lua:161>
	[C]: in function 'xpcall'
	...
	...te/pack/core/opt/noice.nvim/lua/noice/message/router.lua:214: in function <...te/pack/core/opt/noice.nvim/lua/noice/message/router.lua:147>
	[C]: in function 'xpcall'
	...im/site/pack/core/opt/noice.nvim/lua/noice/util/call.lua:149: in function 'try'
	...nvim/site/pack/core/opt/noice.nvim/lua/noice/ui/init.lua:88: in function 'ui_attach_cb'
	...nvim/site/pack/core/opt/noice.nvim/lua/noice/ui/init.lua:27: in function 'process_queue'
	...nvim/site/pack/core/opt/noice.nvim/lua/noice/ui/init.lua:138: in function <...nvim/site/pack/core/opt/noice.nvim/lua/noice/ui/init.lua:118>
	[C]: in function 'nvim_echo'
	.../nvim/site/pack/core/opt/blink.lib/lua/blink/lib/log.lua:187: in function <.../nvim/site/pack/core/opt/blink.lib/lua/blink/lib/log.lua:187>
	[C]: in function 'pcall'
	.../nvim/site/pack/core/opt/blink.lib/lua/blink/lib/log.lua:301: in function <.../nvim/site/pack/core/opt/blink.lib/lua/blink/lib/log.lua:299>
Lua callback: /usr/share/nvim/runtime/lua/vim/treesitter.lua:460: Parser could not be created for buffer 4327 and language "notify"
stack traceback:
	[C]: in function 'assert'
	/usr/share/nvim/runtime/lua/vim/treesitter.lua:460: in function 'start'
	...onfig/nvim/lua/config/ui/highlight/treesitter-config.lua:6: in function <...onfig/nvim/lua/config/ui/highlight/treesitter-config.lua:5>
	[C]: in function 'nvim_buf_set_option'
	.../core/opt/nvim-notify/lua/notify/service/buffer/init.lua:103: in function 'render'
	...te/pack/core/opt/nvim-notify/lua/notify/service/init.lua:53: in function 'push'
	...m/site/pack/core/opt/nvim-notify/lua/notify/instance.lua:132: in function <...m/site/pack/core/opt/nvim-notify/lua/notify/instance.lua:77>
	...ck/core/opt/noice.nvim/lua/noice/view/backend/notify.lua:168: in function '_notify'
	...ck/core/opt/noice.nvim/lua/noice/view/backend/notify.lua:198: in function 'show'
	...im/site/pack/core/opt/noice.nvim/lua/noice/view/init.lua:163: in function <...im/site/pack/core/opt/noice.nvim/lua/noice/view/init.lua:161>
	[C]: in function 'xpcall'
	...
	...te/pack/core/opt/noice.nvim/lua/noice/message/router.lua:214: in function <...te/pack/core/opt/noice.nvim/lua/noice/message/router.lua:147>
	[C]: in function 'xpcall'
	...im/site/pack/core/opt/noice.nvim/lua/noice/util/call.lua:149: in function 'try'
	...nvim/site/pack/core/opt/noice.nvim/lua/noice/ui/init.lua:88: in function 'ui_attach_cb'
	...nvim/site/pack/core/opt/noice.nvim/lua/noice/ui/init.lua:27: in function 'process_queue'
	...nvim/site/pack/core/opt/noice.nvim/lua/noice/ui/init.lua:138: in function <...nvim/site/pack/core/opt/noice.nvim/lua/noice/ui/init.lua:118>
	[C]: in function 'nvim_echo'
	.../nvim/site/pack/core/opt/blink.lib/lua/blink/lib/log.lua:187: in function <.../nvim/site/pack/core/opt/blink.lib/lua/blink/lib/log.lua:187>
	[C]: in function 'pcall'
	.../nvim/site/pack/core/opt/blink.lib/lua/blink/lib/log.lua:301: in function <.../nvim/site/pack/core/opt/blink.lib/lua/blink/lib/log.lua:299>
Lua callback: /usr/share/nvim/runtime/lua/vim/treesitter.lua:460: Parser could not be created for buffer 4328 and language "notify"
stack traceback:
	[C]: in function 'assert'
	/usr/share/nvim/runtime/lua/vim/treesitter.lua:460: in function 'start'
	...onfig/nvim/lua/config/ui/highlight/treesitter-config.lua:6: in function <...onfig/nvim/lua/config/ui/highlight/treesitter-config.lua:5>
	[C]: in function 'nvim_buf_set_option'
	.../core/opt/nvim-notify/lua/notify/service/buffer/init.lua:103: in function 'render'
	...te/pack/core/opt/nvim-notify/lua/notify/service/init.lua:53: in function 'push'
	...m/site/pack/core/opt/nvim-notify/lua/notify/instance.lua:132: in function <...m/site/pack/core/opt/nvim-notify/lua/notify/instance.lua:77>
	...ck/core/opt/noice.nvim/lua/noice/view/backend/notify.lua:168: in function '_notify'
	...ck/core/opt/noice.nvim/lua/noice/view/backend/notify.lua:198: in function 'show'
	...im/site/pack/core/opt/noice.nvim/lua/noice/view/init.lua:163: in function <...im/site/pack/core/opt/noice.nvim/lua/noice/view/init.lua:161>
	[C]: in function 'xpcall'
	...
	...te/pack/core/opt/noice.nvim/lua/noice/message/router.lua:214: in function <...te/pack/core/opt/noice.nvim/lua/noice/message/router.lua:147>
	[C]: in function 'xpcall'
	...im/site/pack/core/opt/noice.nvim/lua/noice/util/call.lua:149: in function 'try'
	...nvim/site/pack/core/opt/noice.nvim/lua/noice/ui/init.lua:88: in function 'ui_attach_cb'
	...nvim/site/pack/core/opt/noice.nvim/lua/noice/ui/init.lua:27: in function 'process_queue'
	...nvim/site/pack/core/opt/noice.nvim/lua/noice/ui/init.lua:138: in function <...nvim/site/pack/core/opt/noice.nvim/lua/noice/ui/init.lua:118>
	[C]: in function 'nvim_echo'
	.../nvim/site/pack/core/opt/blink.lib/lua/blink/lib/log.lua:187: in function <.../nvim/site/pack/core/opt/blink.lib/lua/blink/lib/log.lua:187>
	[C]: in function 'pcall'
	.../nvim/site/pack/core/opt/blink.lib/lua/blink/lib/log.lua:301: in function <.../nvim/site/pack/core/opt/blink.lib/lua/blink/lib/log.lua:299>
Lua callback: /usr/share/nvim/runtime/lua/vim/treesitter.lua:460: Parser could not be created for buffer 4329 and language "notify"
stack traceback:
	[C]: in function 'assert'
	/usr/share/nvim/runtime/lua/vim/treesitter.lua:460: in function 'start'
	...onfig/nvim/lua/config/ui/highlight/treesitter-config.lua:6: in function <...onfig/nvim/lua/config/ui/highlight/treesitter-config.lua:5>
	[C]: in function 'nvim_buf_set_option'
	.../core/opt/nvim-notify/lua/notify/service/buffer/init.lua:103: in function 'render'
	...te/pack/core/opt/nvim-notify/lua/notify/service/init.lua:53: in function 'push'
	...m/site/pack/core/opt/nvim-notify/lua/notify/instance.lua:132: in function <...m/site/pack/core/opt/nvim-notify/lua/notify/instance.lua:77>
	...ck/core/opt/noice.nvim/lua/noice/view/backend/notify.lua:168: in function '_notify'
	...ck/core/opt/noice.nvim/lua/noice/view/backend/notify.lua:198: in function 'show'
	...im/site/pack/core/opt/noice.nvim/lua/noice/view/init.lua:163: in function <...im/site/pack/core/opt/noice.nvim/lua/noice/view/init.lua:161>
	[C]: in function 'xpcall'
	...
	...te/pack/core/opt/noice.nvim/lua/noice/message/router.lua:214: in function <...te/pack/core/opt/noice.nvim/lua/noice/message/router.lua:147>
	[C]: in function 'xpcall'
	...im/site/pack/core/opt/noice.nvim/lua/noice/util/call.lua:149: in function 'try'
	...nvim/site/pack/core/opt/noice.nvim/lua/noice/ui/init.lua:88: in function 'ui_attach_cb'
	...nvim/site/pack/core/opt/noice.nvim/lua/noice/ui/init.lua:27: in function 'process_queue'
	...nvim/site/pack/core/opt/noice.nvim/lua/noice/ui/init.lua:138: in function <...nvim/site/pack/core/opt/noice.nvim/lua/noice/ui/init.lua:118>
	[C]: in function 'nvim_echo'
	.../nvim/site/pack/core/opt/blink.lib/lua/blink/lib/log.lua:187: in function <.../nvim/site/pack/core/opt/blink.lib/lua/blink/lib/log.lua:187>
	[C]: in function 'pcall'
	.../nvim/site/pack/core/opt/blink.lib/lua/blink/lib/log.lua:301: in function <.../nvim/site/pack/core/opt/blink.lib/lua/blink/lib/log.lua:299>
Lua callback: /usr/share/nvim/runtime/lua/vim/treesitter.lua:460: Parser could not be created for buffer 4330 and language "notify"
stack traceback:
	[C]: in function 'assert'
	/usr/share/nvim/runtime/lua/vim/treesitter.lua:460: in function 'start'
	...onfig/nvim/lua/config/ui/highlight/treesitter-config.lua:6: in function <...onfig/nvim/lua/config/ui/highlight/treesitter-config.lua:5>
	[C]: in function 'nvim_buf_set_option'
	.../core/opt/nvim-notify/lua/notify/service/buffer/init.lua:103: in function 'render'
	...te/pack/core/opt/nvim-notify/lua/notify/service/init.lua:53: in function 'push'
	...m/site/pack/core/opt/nvim-notify/lua/notify/instance.lua:132: in function <...m/site/pack/core/opt/nvim-notify/lua/notify/instance.lua:77>
	...ck/core/opt/noice.nvim/lua/noice/view/backend/notify.lua:168: in function '_notify'
	...ck/core/opt/noice.nvim/lua/noice/view/backend/notify.lua:198: in function 'show'
	...im/site/pack/core/opt/noice.nvim/lua/noice/view/init.lua:163: in function <...im/site/pack/core/opt/noice.nvim/lua/noice/view/init.lua:161>
	[C]: in function 'xpcall'
	...
	...te/pack/core/opt/noice.nvim/lua/noice/message/router.lua:214: in function <...te/pack/core/opt/noice.nvim/lua/noice/message/router.lua:147>
	[C]: in function 'xpcall'
	...im/site/pack/core/opt/noice.nvim/lua/noice/util/call.lua:149: in function 'try'
	...nvim/site/pack/core/opt/noice.nvim/lua/noice/ui/init.lua:88: in function 'ui_attach_cb'
	...nvim/site/pack/core/opt/noice.nvim/lua/noice/ui/init.lua:27: in function 'process_queue'
	...nvim/site/pack/core/opt/noice.nvim/lua/noice/ui/init.lua:138: in function <...nvim/site/pack/core/opt/noice.nvim/lua/noice/ui/init.lua:118>
	[C]: in function 'nvim_echo'
	.../nvim/site/pack/core/opt/blink.lib/lua/blink/lib/log.lua:187: in function <.../nvim/site/pack/core/opt/blink.lib/lua/blink/lib/log.lua:187>
	[C]: in function 'pcall'
	.../nvim/site/pack/core/opt/blink.lib/lua/blink/lib/log.lua:301: in function <.../nvim/site/pack/core/opt/blink.lib/lua/blink/lib/log.lua:299>
Lua callback: /usr/share/nvim/runtime/lua/vim/treesitter.lua:460: Parser could not be created for buffer 4331 and language "notify"
stack traceback:
	[C]: in function 'assert'
	/usr/share/nvim/runtime/lua/vim/treesitter.lua:460: in function 'start'
	...onfig/nvim/lua/config/ui/highlight/treesitter-config.lua:6: in function <...onfig/nvim/lua/config/ui/highlight/treesitter-config.lua:5>
	[C]: in function 'nvim_buf_set_option'
	.../core/opt/nvim-notify/lua/notify/service/buffer/init.lua:103: in function 'render'
	...te/pack/core/opt/nvim-notify/lua/notify/service/init.lua:53: in function 'push'
	...m/site/pack/core/opt/nvim-notify/lua/notify/instance.lua:132: in function <...m/site/pack/core/opt/nvim-notify/lua/notify/instance.lua:77>
	...ck/core/opt/noice.nvim/lua/noice/view/backend/notify.lua:168: in function '_notify'
	...ck/core/opt/noice.nvim/lua/noice/view/backend/notify.lua:198: in function 'show'
	...im/site/pack/core/opt/noice.nvim/lua/noice/view/init.lua:163: in function <...im/site/pack/core/opt/noice.nvim/lua/noice/view/init.lua:161>
	[C]: in function 'xpcall'
	...
	...te/pack/core/opt/noice.nvim/lua/noice/message/router.lua:214: in function <...te/pack/core/opt/noice.nvim/lua/noice/message/router.lua:147>
	[C]: in function 'xpcall'
	...im/site/pack/core/opt/noice.nvim/lua/noice/util/call.lua:149: in function 'try'
	...nvim/site/pack/core/opt/noice.nvim/lua/noice/ui/init.lua:88: in function 'ui_attach_cb'
	...nvim/site/pack/core/opt/noice.nvim/lua/noice/ui/init.lua:27: in function 'process_queue'
	...nvim/site/pack/core/opt/noice.nvim/lua/noice/ui/init.lua:138: in function <...nvim/site/pack/core/opt/noice.nvim/lua/noice/ui/init.lua:118>
	[C]: in function 'nvim_echo'
	.../nvim/site/pack/core/opt/blink.lib/lua/blink/lib/log.lua:187: in function <.../nvim/site/pack/core/opt/blink.lib/lua/blink/lib/log.lua:187>
	[C]: in function 'pcall'
	.../nvim/site/pack/core/opt/blink.lib/lua/blink/lib/log.lua:301: in function <.../nvim/site/pack/core/opt/blink.lib/lua/blink/lib/log.lua:299>
Lua callback: /usr/share/nvim/runtime/lua/vim/treesitter.lua:460: Parser could not be created for buffer 4332 and language "notify"
stack traceback:
	[C]: in function 'assert'
	/usr/share/nvim/runtime/lua/vim/treesitter.lua:460: in function 'start'
	...onfig/nvim/lua/config/ui/highlight/treesitter-config.lua:6: in function <...onfig/nvim/lua/config/ui/highlight/treesitter-config.lua:5>
	[C]: in function 'nvim_buf_set_option'
	.../core/opt/nvim-notify/lua/notify/service/buffer/init.lua:103: in function 'render'
	...te/pack/core/opt/nvim-notify/lua/notify/service/init.lua:53: in function 'push'
	...m/site/pack/core/opt/nvim-notify/lua/notify/instance.lua:132: in function <...m/site/pack/core/opt/nvim-notify/lua/notify/instance.lua:77>
	...ck/core/opt/noice.nvim/lua/noice/view/backend/notify.lua:168: in function '_notify'
	...ck/core/opt/noice.nvim/lua/noice/view/backend/notify.lua:198: in function 'show'
	...im/site/pack/core/opt/noice.nvim/lua/noice/view/init.lua:163: in function <...im/site/pack/core/opt/noice.nvim/lua/noice/view/init.lua:161>
	[C]: in function 'xpcall'
	...
	...te/pack/core/opt/noice.nvim/lua/noice/message/router.lua:214: in function <...te/pack/core/opt/noice.nvim/lua/noice/message/router.lua:147>
	[C]: in function 'xpcall'
	...im/site/pack/core/opt/noice.nvim/lua/noice/util/call.lua:149: in function 'try'
	...nvim/site/pack/core/opt/noice.nvim/lua/noice/ui/init.lua:88: in function 'ui_attach_cb'
	...nvim/site/pack/core/opt/noice.nvim/lua/noice/ui/init.lua:27: in function 'process_queue'
	...nvim/site/pack/core/opt/noice.nvim/lua/noice/ui/init.lua:138: in function <...nvim/site/pack/core/opt/noice.nvim/lua/noice/ui/init.lua:118>
	[C]: in function 'nvim_echo'
	.../nvim/site/pack/core/opt/blink.lib/lua/blink/lib/log.lua:187: in function <.../nvim/site/pack/core/opt/blink.lib/lua/blink/lib/log.lua:187>
	[C]: in function 'pcall'
	.../nvim/site/pack/core/opt/blink.lib/lua/blink/lib/log.lua:301: in function <.../nvim/site/pack/core/opt/blink.lib/lua/blink/lib/log.lua:299>
Lua callback: /usr/share/nvim/runtime/lua/vim/treesitter.lua:460: Parser could not be created for buffer 4333 and language "notify"
stack traceback:
	[C]: in function 'assert'
	/usr/share/nvim/runtime/lua/vim/treesitter.lua:460: in function 'start'
	...onfig/nvim/lua/config/ui/highlight/treesitter-config.lua:6: in function <...onfig/nvim/lua/config/ui/highlight/treesitter-config.lua:5>
	[C]: in function 'nvim_buf_set_option'
	.../core/opt/nvim-notify/lua/notify/service/buffer/init.lua:103: in function 'render'
	...te/pack/core/opt/nvim-notify/lua/notify/service/init.lua:53: in function 'push'
	...m/site/pack/core/opt/nvim-notify/lua/notify/instance.lua:132: in function <...m/site/pack/core/opt/nvim-notify/lua/notify/instance.lua:77>
	...ck/core/opt/noice.nvim/lua/noice/view/backend/notify.lua:168: in function '_notify'
	...ck/core/opt/noice.nvim/lua/noice/view/backend/notify.lua:198: in function 'show'
	...im/site/pack/core/opt/noice.nvim/lua/noice/view/init.lua:163: in function <...im/site/pack/core/opt/noice.nvim/lua/noice/view/init.lua:161>
	[C]: in function 'xpcall'
	...
	...te/pack/core/opt/noice.nvim/lua/noice/message/router.lua:214: in function <...te/pack/core/opt/noice.nvim/lua/noice/message/router.lua:147>
	[C]: in function 'xpcall'
	...im/site/pack/core/opt/noice.nvim/lua/noice/util/call.lua:149: in function 'try'
	...nvim/site/pack/core/opt/noice.nvim/lua/noice/ui/init.lua:88: in function 'ui_attach_cb'
	...nvim/site/pack/core/opt/noice.nvim/lua/noice/ui/init.lua:27: in function 'process_queue'
	...nvim/site/pack/core/opt/noice.nvim/lua/noice/ui/init.lua:138: in function <...nvim/site/pack/core/opt/noice.nvim/lua/noice/ui/init.lua:118>
	[C]: in function 'nvim_echo'
	.../nvim/site/pack/core/opt/blink.lib/lua/blink/lib/log.lua:187: in function <.../nvim/site/pack/core/opt/blink.lib/lua/blink/lib/log.lua:187>
	[C]: in function 'pcall'
	.../nvim/site/pack/core/opt/blink.lib/lua/blink/lib/log.lua:301: in function <.../nvim/site/pack/core/opt/blink.lib/lua/blink/lib/log.lua:299>
Lua callback: /usr/share/nvim/runtime/lua/vim/treesitter.lua:460: Parser could not be created for buffer 4334 and language "notify"
stack traceback:
	[C]: in function 'assert'
	/usr/share/nvim/runtime/lua/vim/treesitter.lua:460: in function 'start'
	...onfig/nvim/lua/config/ui/highlight/treesitter-config.lua:6: in function <...onfig/nvim/lua/config/ui/highlight/treesitter-config.lua:5>
	[C]: in function 'nvim_buf_set_option'
	.../core/opt/nvim-notify/lua/notify/service/buffer/init.lua:103: in function 'render'
	...te/pack/core/opt/nvim-notify/lua/notify/service/init.lua:53: in function 'push'
	...m/site/pack/core/opt/nvim-notify/lua/notify/instance.lua:132: in function <...m/site/pack/core/opt/nvim-notify/lua/notify/instance.lua:77>
	...ck/core/opt/noice.nvim/lua/noice/view/backend/notify.lua:168: in function '_notify'
	...ck/core/opt/noice.nvim/lua/noice/view/backend/notify.lua:198: in function 'show'
	...im/site/pack/core/opt/noice.nvim/lua/noice/view/init.lua:163: in function <...im/site/pack/core/opt/noice.nvim/lua/noice/view/init.lua:161>
	[C]: in function 'xpcall'
	...
	...te/pack/core/opt/noice.nvim/lua/noice/message/router.lua:214: in function <...te/pack/core/opt/noice.nvim/lua/noice/message/router.lua:147>
	[C]: in function 'xpcall'
	...im/site/pack/core/opt/noice.nvim/lua/noice/util/call.lua:149: in function 'try'
	...nvim/site/pack/core/opt/noice.nvim/lua/noice/ui/init.lua:88: in function 'ui_attach_cb'
	...nvim/site/pack/core/opt/noice.nvim/lua/noice/ui/init.lua:27: in function 'process_queue'
	...nvim/site/pack/core/opt/noice.nvim/lua/noice/ui/init.lua:138: in function <...nvim/site/pack/core/opt/noice.nvim/lua/noice/ui/init.lua:118>
	[C]: in function 'nvim_echo'
	.../nvim/site/pack/core/opt/blink.lib/lua/blink/lib/log.lua:187: in function <.../nvim/site/pack/core/opt/blink.lib/lua/blink/lib/log.lua:187>
	[C]: in function 'pcall'
	.../nvim/site/pack/core/opt/blink.lib/lua/blink/lib/log.lua:301: in function <.../nvim/site/pack/core/opt/blink.lib/lua/blink/lib/log.lua:299>
Lua callback: /usr/share/nvim/runtime/lua/vim/treesitter.lua:460: Parser could not be created for buffer 4335 and language "notify"
stack traceback:
	[C]: in function 'assert'
	/usr/share/nvim/runtime/lua/vim/treesitter.lua:460: in function 'start'
	...onfig/nvim/lua/config/ui/highlight/treesitter-config.lua:6: in function <...onfig/nvim/lua/config/ui/highlight/treesitter-config.lua:5>
	[C]: in function 'nvim_buf_set_option'
	.../core/opt/nvim-notify/lua/notify/service/buffer/init.lua:103: in function 'render'
	...te/pack/core/opt/nvim-notify/lua/notify/service/init.lua:53: in function 'push'
	...m/site/pack/core/opt/nvim-notify/lua/notify/instance.lua:132: in function <...m/site/pack/core/opt/nvim-notify/lua/notify/instance.lua:77>
	...ck/core/opt/noice.nvim/lua/noice/view/backend/notify.lua:168: in function '_notify'
	...ck/core/opt/noice.nvim/lua/noice/view/backend/notify.lua:198: in function 'show'
	...im/site/pack/core/opt/noice.nvim/lua/noice/view/init.lua:163: in function <...im/site/pack/core/opt/noice.nvim/lua/noice/view/init.lua:161>
	[C]: in function 'xpcall'
	...
	...te/pack/core/opt/noice.nvim/lua/noice/message/router.lua:214: in function <...te/pack/core/opt/noice.nvim/lua/noice/message/router.lua:147>
	[C]: in function 'xpcall'
	...im/site/pack/core/opt/noice.nvim/lua/noice/util/call.lua:149: in function 'try'
	...nvim/site/pack/core/opt/noice.nvim/lua/noice/ui/init.lua:88: in function 'ui_attach_cb'
	...nvim/site/pack/core/opt/noice.nvim/lua/noice/ui/init.lua:27: in function 'process_queue'
	...nvim/site/pack/core/opt/noice.nvim/lua/noice/ui/init.lua:138: in function <...nvim/site/pack/core/opt/noice.nvim/lua/noice/ui/init.lua:118>
	[C]: in function 'nvim_echo'
	.../nvim/site/pack/core/opt/blink.lib/lua/blink/lib/log.lua:187: in function <.../nvim/site/pack/core/opt/blink.lib/lua/blink/lib/log.lua:187>
	[C]: in function 'pcall'
	.../nvim/site/pack/core/opt/blink.lib/lua/blink/lib/log.lua:301: in function <.../nvim/site/pack/core/opt/blink.lib/lua/blink/lib/log.lua:299>
Lua callback: /usr/share/nvim/runtime/lua/vim/treesitter.lua:460: Parser could not be created for buffer 4336 and language "notify"
stack traceback:
	[C]: in function 'assert'
	/usr/share/nvim/runtime/lua/vim/treesitter.lua:460: in function 'start'
	...onfig/nvim/lua/config/ui/highlight/treesitter-config.lua:6: in function <...onfig/nvim/lua/config/ui/highlight/treesitter-config.lua:5>
	[C]: in function 'nvim_buf_set_option'
	.../core/opt/nvim-notify/lua/notify/service/buffer/init.lua:103: in function 'render'
	...te/pack/core/opt/nvim-notify/lua/notify/service/init.lua:53: in function 'push'
	...m/site/pack/core/opt/nvim-notify/lua/notify/instance.lua:132: in function <...m/site/pack/core/opt/nvim-notify/lua/notify/instance.lua:77>
	...ck/core/opt/noice.nvim/lua/noice/view/backend/notify.lua:168: in function '_notify'
	...ck/core/opt/noice.nvim/lua/noice/view/backend/notify.lua:198: in function 'show'
	...im/site/pack/core/opt/noice.nvim/lua/noice/view/init.lua:163: in function <...im/site/pack/core/opt/noice.nvim/lua/noice/view/init.lua:161>
	[C]: in function 'xpcall'
	...
	...te/pack/core/opt/noice.nvim/lua/noice/message/router.lua:214: in function <...te/pack/core/opt/noice.nvim/lua/noice/message/router.lua:147>
	[C]: in function 'xpcall'
	...im/site/pack/core/opt/noice.nvim/lua/noice/util/call.lua:149: in function 'try'
	...nvim/site/pack/core/opt/noice.nvim/lua/noice/ui/init.lua:88: in function 'ui_attach_cb'
	...nvim/site/pack/core/opt/noice.nvim/lua/noice/ui/init.lua:27: in function 'process_queue'
	...nvim/site/pack/core/opt/noice.nvim/lua/noice/ui/init.lua:138: in function <...nvim/site/pack/core/opt/noice.nvim/lua/noice/ui/init.lua:118>
	[C]: in function 'nvim_echo'
	.../nvim/site/pack/core/opt/blink.lib/lua/blink/lib/log.lua:187: in function <.../nvim/site/pack/core/opt/blink.lib/lua/blink/lib/log.lua:187>
	[C]: in function 'pcall'
	.../nvim/site/pack/core/opt/blink.lib/lua/blink/lib/log.lua:301: in function <.../nvim/site/pack/core/opt/blink.lib/lua/blink/lib/log.lua:299>
Lua callback: /usr/share/nvim/runtime/lua/vim/treesitter.lua:460: Parser could not be created for buffer 4337 and language "notify"
stack traceback:
	[C]: in function 'assert'
	/usr/share/nvim/runtime/lua/vim/treesitter.lua:460: in function 'start'
	...onfig/nvim/lua/config/ui/highlight/treesitter-config.lua:6: in function <...onfig/nvim/lua/config/ui/highlight/treesitter-config.lua:5>
	[C]: in function 'nvim_buf_set_option'
	.../core/opt/nvim-notify/lua/notify/service/buffer/init.lua:103: in function 'render'
	...te/pack/core/opt/nvim-notify/lua/notify/service/init.lua:53: in function 'push'
	...m/site/pack/core/opt/nvim-notify/lua/notify/instance.lua:132: in function <...m/site/pack/core/opt/nvim-notify/lua/notify/instance.lua:77>
	...ck/core/opt/noice.nvim/lua/noice/view/backend/notify.lua:168: in function '_notify'
	...ck/core/opt/noice.nvim/lua/noice/view/backend/notify.lua:198: in function 'show'
	...im/site/pack/core/opt/noice.nvim/lua/noice/view/init.lua:163: in function <...im/site/pack/core/opt/noice.nvim/lua/noice/view/init.lua:161>
	[C]: in function 'xpcall'
	...
	...te/pack/core/opt/noice.nvim/lua/noice/message/router.lua:214: in function <...te/pack/core/opt/noice.nvim/lua/noice/message/router.lua:147>
	[C]: in function 'xpcall'
	...im/site/pack/core/opt/noice.nvim/lua/noice/util/call.lua:149: in function 'try'
	...nvim/site/pack/core/opt/noice.nvim/lua/noice/ui/init.lua:88: in function 'ui_attach_cb'
	...nvim/site/pack/core/opt/noice.nvim/lua/noice/ui/init.lua:27: in function 'process_queue'
	...nvim/site/pack/core/opt/noice.nvim/lua/noice/ui/init.lua:138: in function <...nvim/site/pack/core/opt/noice.nvim/lua/noice/ui/init.lua:118>
	[C]: in function 'nvim_echo'
	.../nvim/site/pack/core/opt/blink.lib/lua/blink/lib/log.lua:187: in function <.../nvim/site/pack/core/opt/blink.lib/lua/blink/lib/log.lua:187>
	[C]: in function 'pcall'
	.../nvim/site/pack/core/opt/blink.lib/lua/blink/lib/log.lua:301: in function <.../nvim/site/pack/core/opt/blink.lib/lua/blink/lib/log.lua:299>
Lua callback: /usr/share/nvim/runtime/lua/vim/treesitter.lua:460: Parser could not be created for buffer 4338 and language "notify"
stack traceback:
	[C]: in function 'assert'
	/usr/share/nvim/runtime/lua/vim/treesitter.lua:460: in function 'start'
	...onfig/nvim/lua/config/ui/highlight/treesitter-config.lua:6: in function <...onfig/nvim/lua/config/ui/highlight/treesitter-config.lua:5>
	[C]: in function 'nvim_buf_set_option'
	.../core/opt/nvim-notify/lua/notify/service/buffer/init.lua:103: in function 'render'
	...te/pack/core/opt/nvim-notify/lua/notify/service/init.lua:53: in function 'push'
	...m/site/pack/core/opt/nvim-notify/lua/notify/instance.lua:132: in function <...m/site/pack/core/opt/nvim-notify/lua/notify/instance.lua:77>
	...ck/core/opt/noice.nvim/lua/noice/view/backend/notify.lua:168: in function '_notify'
	...ck/core/opt/noice.nvim/lua/noice/view/backend/notify.lua:198: in function 'show'
	...im/site/pack/core/opt/noice.nvim/lua/noice/view/init.lua:163: in function <...im/site/pack/core/opt/noice.nvim/lua/noice/view/init.lua:161>
	[C]: in function 'xpcall'
	...
	...te/pack/core/opt/noice.nvim/lua/noice/message/router.lua:214: in function <...te/pack/core/opt/noice.nvim/lua/noice/message/router.lua:147>
	[C]: in function 'xpcall'
	...im/site/pack/core/opt/noice.nvim/lua/noice/util/call.lua:149: in function 'try'
	...nvim/site/pack/core/opt/noice.nvim/lua/noice/ui/init.lua:88: in function 'ui_attach_cb'
	...nvim/site/pack/core/opt/noice.nvim/lua/noice/ui/init.lua:27: in function 'process_queue'
	...nvim/site/pack/core/opt/noice.nvim/lua/noice/ui/init.lua:138: in function <...nvim/site/pack/core/opt/noice.nvim/lua/noice/ui/init.lua:118>
	[C]: in function 'nvim_echo'
	.../nvim/site/pack/core/opt/blink.lib/lua/blink/lib/log.lua:187: in function <.../nvim/site/pack/core/opt/blink.lib/lua/blink/lib/log.lua:187>
	[C]: in function 'pcall'
	.../nvim/site/pack/core/opt/blink.lib/lua/blink/lib/log.lua:301: in function <.../nvim/site/pack/core/opt/blink.lib/lua/blink/lib/log.lua:299>
Lua callback: /usr/share/nvim/runtime/lua/vim/treesitter.lua:460: Parser could not be created for buffer 4339 and language "notify"
stack traceback:
	[C]: in function 'assert'
	/usr/share/nvim/runtime/lua/vim/treesitter.lua:460: in function 'start'
	...onfig/nvim/lua/config/ui/highlight/treesitter-config.lua:6: in function <...onfig/nvim/lua/config/ui/highlight/treesitter-config.lua:5>
	[C]: in function 'nvim_buf_set_option'
	.../core/opt/nvim-notify/lua/notify/service/buffer/init.lua:103: in function 'render'
	...te/pack/core/opt/nvim-notify/lua/notify/service/init.lua:53: in function 'push'
	...m/site/pack/core/opt/nvim-notify/lua/notify/instance.lua:132: in function <...m/site/pack/core/opt/nvim-notify/lua/notify/instance.lua:77>
	...ck/core/opt/noice.nvim/lua/noice/view/backend/notify.lua:168: in function '_notify'
	...ck/core/opt/noice.nvim/lua/noice/view/backend/notify.lua:198: in function 'show'
	...im/site/pack/core/opt/noice.nvim/lua/noice/view/init.lua:163: in function <...im/site/pack/core/opt/noice.nvim/lua/noice/view/init.lua:161>
	[C]: in function 'xpcall'
	...
	...te/pack/core/opt/noice.nvim/lua/noice/message/router.lua:214: in function <...te/pack/core/opt/noice.nvim/lua/noice/message/router.lua:147>
	[C]: in function 'xpcall'
	...im/site/pack/core/opt/noice.nvim/lua/noice/util/call.lua:149: in function 'try'
	...nvim/site/pack/core/opt/noice.nvim/lua/noice/ui/init.lua:88: in function 'ui_attach_cb'
	...nvim/site/pack/core/opt/noice.nvim/lua/noice/ui/init.lua:27: in function 'process_queue'
	...nvim/site/pack/core/opt/noice.nvim/lua/noice/ui/init.lua:138: in function <...nvim/site/pack/core/opt/noice.nvim/lua/noice/ui/init.lua:118>
	[C]: in function 'nvim_echo'
	.../nvim/site/pack/core/opt/blink.lib/lua/blink/lib/log.lua:187: in function <.../nvim/site/pack/core/opt/blink.lib/lua/blink/lib/log.lua:187>
	[C]: in function 'pcall'
	.../nvim/site/pack/core/opt/blink.lib/lua/blink/lib/log.lua:301: in function <.../nvim/site/pack/core/opt/blink.lib/lua/blink/lib/log.lua:299>
Lua callback: /usr/share/nvim/runtime/lua/vim/treesitter.lua:460: Parser could not be created for buffer 4340 and language "notify"
stack traceback:
	[C]: in function 'assert'
	/usr/share/nvim/runtime/lua/vim/treesitter.lua:460: in function 'start'
	...onfig/nvim/lua/config/ui/highlight/treesitter-config.lua:6: in function <...onfig/nvim/lua/config/ui/highlight/treesitter-config.lua:5>
	[C]: in function 'nvim_buf_set_option'
	.../core/opt/nvim-notify/lua/notify/service/buffer/init.lua:103: in function 'render'
	...te/pack/core/opt/nvim-notify/lua/notify/service/init.lua:53: in function 'push'
	...m/site/pack/core/opt/nvim-notify/lua/notify/instance.lua:132: in function <...m/site/pack/core/opt/nvim-notify/lua/notify/instance.lua:77>
	...ck/core/opt/noice.nvim/lua/noice/view/backend/notify.lua:168: in function '_notify'
	...ck/core/opt/noice.nvim/lua/noice/view/backend/notify.lua:198: in function 'show'
	...im/site/pack/core/opt/noice.nvim/lua/noice/view/init.lua:163: in function <...im/site/pack/core/opt/noice.nvim/lua/noice/view/init.lua:161>
	[C]: in function 'xpcall'
	...
	...te/pack/core/opt/noice.nvim/lua/noice/message/router.lua:214: in function <...te/pack/core/opt/noice.nvim/lua/noice/message/router.lua:147>
	[C]: in function 'xpcall'
	...im/site/pack/core/opt/noice.nvim/lua/noice/util/call.lua:149: in function 'try'
	...nvim/site/pack/core/opt/noice.nvim/lua/noice/ui/init.lua:88: in function 'ui_attach_cb'
	...nvim/site/pack/core/opt/noice.nvim/lua/noice/ui/init.lua:27: in function 'process_queue'
	...nvim/site/pack/core/opt/noice.nvim/lua/noice/ui/init.lua:138: in function <...nvim/site/pack/core/opt/noice.nvim/lua/noice/ui/init.lua:118>
	[C]: in function 'nvim_echo'
	.../nvim/site/pack/core/opt/blink.lib/lua/blink/lib/log.lua:187: in function <.../nvim/site/pack/core/opt/blink.lib/lua/blink/lib/log.lua:187>
	[C]: in function 'pcall'
	.../nvim/site/pack/core/opt/blink.lib/lua/blink/lib/log.lua:301: in function <.../nvim/site/pack/core/opt/blink.lib/lua/blink/lib/log.lua:299>
Lua callback: /usr/share/nvim/runtime/lua/vim/treesitter.lua:460: Parser could not be created for buffer 4341 and language "notify"
stack traceback:
	[C]: in function 'assert'
	/usr/share/nvim/runtime/lua/vim/treesitter.lua:460: in function 'start'
	...onfig/nvim/lua/config/ui/highlight/treesitter-config.lua:6: in function <...onfig/nvim/lua/config/ui/highlight/treesitter-config.lua:5>
	[C]: in function 'nvim_buf_set_option'
	.../core/opt/nvim-notify/lua/notify/service/buffer/init.lua:103: in function 'render'
	...te/pack/core/opt/nvim-notify/lua/notify/service/init.lua:53: in function 'push'
	...m/site/pack/core/opt/nvim-notify/lua/notify/instance.lua:132: in function <...m/site/pack/core/opt/nvim-notify/lua/notify/instance.lua:77>
	...ck/core/opt/noice.nvim/lua/noice/view/backend/notify.lua:168: in function '_notify'
	...ck/core/opt/noice.nvim/lua/noice/view/backend/notify.lua:198: in function 'show'
	...im/site/pack/core/opt/noice.nvim/lua/noice/view/init.lua:163: in function <...im/site/pack/core/opt/noice.nvim/lua/noice/view/init.lua:161>
	[C]: in function 'xpcall'
	...
	...te/pack/core/opt/noice.nvim/lua/noice/message/router.lua:214: in function <...te/pack/core/opt/noice.nvim/lua/noice/message/router.lua:147>
	[C]: in function 'xpcall'
	...im/site/pack/core/opt/noice.nvim/lua/noice/util/call.lua:149: in function 'try'
	...nvim/site/pack/core/opt/noice.nvim/lua/noice/ui/init.lua:88: in function 'ui_attach_cb'
	...nvim/site/pack/core/opt/noice.nvim/lua/noice/ui/init.lua:27: in function 'process_queue'
	...nvim/site/pack/core/opt/noice.nvim/lua/noice/ui/init.lua:138: in function <...nvim/site/pack/core/opt/noice.nvim/lua/noice/ui/init.lua:118>
	[C]: in function 'nvim_echo'
	.../nvim/site/pack/core/opt/blink.lib/lua/blink/lib/log.lua:187: in function <.../nvim/site/pack/core/opt/blink.lib/lua/blink/lib/log.lua:187>
	[C]: in function 'pcall'
	.../nvim/site/pack/core/opt/blink.lib/lua/blink/lib/log.lua:301: in function <.../nvim/site/pack/core/opt/blink.lib/lua/blink/lib/log.lua:299>
Lua callback: /usr/share/nvim/runtime/lua/vim/treesitter.lua:460: Parser could not be created for buffer 4342 and language "notify"
stack traceback:
	[C]: in function 'assert'
	/usr/share/nvim/runtime/lua/vim/treesitter.lua:460: in function 'start'
	...onfig/nvim/lua/config/ui/highlight/treesitter-config.lua:6: in function <...onfig/nvim/lua/config/ui/highlight/treesitter-config.lua:5>
	[C]: in function 'nvim_buf_set_option'
	.../core/opt/nvim-notify/lua/notify/service/buffer/init.lua:103: in function 'render'
	...te/pack/core/opt/nvim-notify/lua/notify/service/init.lua:53: in function 'push'
	...m/site/pack/core/opt/nvim-notify/lua/notify/instance.lua:132: in function <...m/site/pack/core/opt/nvim-notify/lua/notify/instance.lua:77>
	...ck/core/opt/noice.nvim/lua/noice/view/backend/notify.lua:168: in function '_notify'
	...ck/core/opt/noice.nvim/lua/noice/view/backend/notify.lua:198: in function 'show'
	...im/site/pack/core/opt/noice.nvim/lua/noice/view/init.lua:163: in function <...im/site/pack/core/opt/noice.nvim/lua/noice/view/init.lua:161>
	[C]: in function 'xpcall'
	...
	...te/pack/core/opt/noice.nvim/lua/noice/message/router.lua:214: in function <...te/pack/core/opt/noice.nvim/lua/noice/message/router.lua:147>
	[C]: in function 'xpcall'
	...im/site/pack/core/opt/noice.nvim/lua/noice/util/call.lua:149: in function 'try'
	...nvim/site/pack/core/opt/noice.nvim/lua/noice/ui/init.lua:88: in function 'ui_attach_cb'
	...nvim/site/pack/core/opt/noice.nvim/lua/noice/ui/init.lua:27: in function 'process_queue'
	...nvim/site/pack/core/opt/noice.nvim/lua/noice/ui/init.lua:138: in function <...nvim/site/pack/core/opt/noice.nvim/lua/noice/ui/init.lua:118>
	[C]: in function 'nvim_echo'
	.../nvim/site/pack/core/opt/blink.lib/lua/blink/lib/log.lua:187: in function <.../nvim/site/pack/core/opt/blink.lib/lua/blink/lib/log.lua:187>
	[C]: in function 'pcall'
	.../nvim/site/pack/core/opt/blink.lib/lua/blink/lib/log.lua:301: in function <.../nvim/site/pack/core/opt/blink.lib/lua/blink/lib/log.lua:299>
Lua callback: /usr/share/nvim/runtime/lua/vim/treesitter.lua:460: Parser could not be created for buffer 4343 and language "notify"
stack traceback:
	[C]: in function 'assert'
	/usr/share/nvim/runtime/lua/vim/treesitter.lua:460: in function 'start'
	...onfig/nvim/lua/config/ui/highlight/treesitter-config.lua:6: in function <...onfig/nvim/lua/config/ui/highlight/treesitter-config.lua:5>
	[C]: in function 'nvim_buf_set_option'
	.../core/opt/nvim-notify/lua/notify/service/buffer/init.lua:103: in function 'render'
	...te/pack/core/opt/nvim-notify/lua/notify/service/init.lua:53: in function 'push'
	...m/site/pack/core/opt/nvim-notify/lua/notify/instance.lua:132: in function <...m/site/pack/core/opt/nvim-notify/lua/notify/instance.lua:77>
	...ck/core/opt/noice.nvim/lua/noice/view/backend/notify.lua:168: in function '_notify'
	...ck/core/opt/noice.nvim/lua/noice/view/backend/notify.lua:198: in function 'show'
	...im/site/pack/core/opt/noice.nvim/lua/noice/view/init.lua:163: in function <...im/site/pack/core/opt/noice.nvim/lua/noice/view/init.lua:161>
	[C]: in function 'xpcall'
	...
	...te/pack/core/opt/noice.nvim/lua/noice/message/router.lua:214: in function <...te/pack/core/opt/noice.nvim/lua/noice/message/router.lua:147>
	[C]: in function 'xpcall'
	...im/site/pack/core/opt/noice.nvim/lua/noice/util/call.lua:149: in function 'try'
	...nvim/site/pack/core/opt/noice.nvim/lua/noice/ui/init.lua:88: in function 'ui_attach_cb'
	...nvim/site/pack/core/opt/noice.nvim/lua/noice/ui/init.lua:27: in function 'process_queue'
	...nvim/site/pack/core/opt/noice.nvim/lua/noice/ui/init.lua:138: in function <...nvim/site/pack/core/opt/noice.nvim/lua/noice/ui/init.lua:118>
	[C]: in function 'nvim_echo'
	.../nvim/site/pack/core/opt/blink.lib/lua/blink/lib/log.lua:187: in function <.../nvim/site/pack/core/opt/blink.lib/lua/blink/lib/log.lua:187>
	[C]: in function 'pcall'
	.../nvim/site/pack/core/opt/blink.lib/lua/blink/lib/log.lua:301: in function <.../nvim/site/pack/core/opt/blink.lib/lua/blink/lib/log.lua:299>
Lua callback: /usr/share/nvim/runtime/lua/vim/treesitter.lua:460: Parser could not be created for buffer 4344 and language "notify"
stack traceback:
	[C]: in function 'assert'
	/usr/share/nvim/runtime/lua/vim/treesitter.lua:460: in function 'start'
	...onfig/nvim/lua/config/ui/highlight/treesitter-config.lua:6: in function <...onfig/nvim/lua/config/ui/highlight/treesitter-config.lua:5>
	[C]: in function 'nvim_buf_set_option'
	.../core/opt/nvim-notify/lua/notify/service/buffer/init.lua:103: in function 'render'
	...te/pack/core/opt/nvim-notify/lua/notify/service/init.lua:53: in function 'push'
	...m/site/pack/core/opt/nvim-notify/lua/notify/instance.lua:132: in function <...m/site/pack/core/opt/nvim-notify/lua/notify/instance.lua:77>
	...ck/core/opt/noice.nvim/lua/noice/view/backend/notify.lua:168: in function '_notify'
	...ck/core/opt/noice.nvim/lua/noice/view/backend/notify.lua:198: in function 'show'
	...im/site/pack/core/opt/noice.nvim/lua/noice/view/init.lua:163: in function <...im/site/pack/core/opt/noice.nvim/lua/noice/view/init.lua:161>
	[C]: in function 'xpcall'
	...
	...te/pack/core/opt/noice.nvim/lua/noice/message/router.lua:214: in function <...te/pack/core/opt/noice.nvim/lua/noice/message/router.lua:147>
	[C]: in function 'xpcall'
	...im/site/pack/core/opt/noice.nvim/lua/noice/util/call.lua:149: in function 'try'
	...nvim/site/pack/core/opt/noice.nvim/lua/noice/ui/init.lua:88: in function 'ui_attach_cb'
	...nvim/site/pack/core/opt/noice.nvim/lua/noice/ui/init.lua:27: in function 'process_queue'
	...nvim/site/pack/core/opt/noice.nvim/lua/noice/ui/init.lua:138: in function <...nvim/site/pack/core/opt/noice.nvim/lua/noice/ui/init.lua:118>
	[C]: in function 'nvim_echo'
	.../nvim/site/pack/core/opt/blink.lib/lua/blink/lib/log.lua:187: in function <.../nvim/site/pack/core/opt/blink.lib/lua/blink/lib/log.lua:187>
	[C]: in function 'pcall'
	.../nvim/site/pack/core/opt/blink.lib/lua/blink/lib/log.lua:301: in function <.../nvim/site/pack/core/opt/blink.lib/lua/blink/lib/log.lua:299>
Lua callback: /usr/share/nvim/runtime/lua/vim/treesitter.lua:460: Parser could not be created for buffer 4345 and language "notify"
stack traceback:
	[C]: in function 'assert'
	/usr/share/nvim/runtime/lua/vim/treesitter.lua:460: in function 'start'
	...onfig/nvim/lua/config/ui/highlight/treesitter-config.lua:6: in function <...onfig/nvim/lua/config/ui/highlight/treesitter-config.lua:5>
	[C]: in function 'nvim_buf_set_option'
	.../core/opt/nvim-notify/lua/notify/service/buffer/init.lua:103: in function 'render'
	...te/pack/core/opt/nvim-notify/lua/notify/service/init.lua:53: in function 'push'
	...m/site/pack/core/opt/nvim-notify/lua/notify/instance.lua:132: in function <...m/site/pack/core/opt/nvim-notify/lua/notify/instance.lua:77>
	...ck/core/opt/noice.nvim/lua/noice/view/backend/notify.lua:168: in function '_notify'
	...ck/core/opt/noice.nvim/lua/noice/view/backend/notify.lua:198: in function 'show'
	...im/site/pack/core/opt/noice.nvim/lua/noice/view/init.lua:163: in function <...im/site/pack/core/opt/noice.nvim/lua/noice/view/init.lua:161>
	[C]: in function 'xpcall'
	...
	...te/pack/core/opt/noice.nvim/lua/noice/message/router.lua:214: in function <...te/pack/core/opt/noice.nvim/lua/noice/message/router.lua:147>
	[C]: in function 'xpcall'
	...im/site/pack/core/opt/noice.nvim/lua/noice/util/call.lua:149: in function 'try'
	...nvim/site/pack/core/opt/noice.nvim/lua/noice/ui/init.lua:88: in function 'ui_attach_cb'
	...nvim/site/pack/core/opt/noice.nvim/lua/noice/ui/init.lua:27: in function 'process_queue'
	...nvim/site/pack/core/opt/noice.nvim/lua/noice/ui/init.lua:138: in function <...nvim/site/pack/core/opt/noice.nvim/lua/noice/ui/init.lua:118>
	[C]: in function 'nvim_echo'
	.../nvim/site/pack/core/opt/blink.lib/lua/blink/lib/log.lua:187: in function <.../nvim/site/pack/core/opt/blink.lib/lua/blink/lib/log.lua:187>
	[C]: in function 'pcall'
	.../nvim/site/pack/core/opt/blink.lib/lua/blink/lib/log.lua:301: in function <.../nvim/site/pack/core/opt/blink.lib/lua/blink/lib/log.lua:299>
Lua callback: /usr/share/nvim/runtime/lua/vim/treesitter.lua:460: Parser could not be created for buffer 4346 and language "notify"
stack traceback:
	[C]: in function 'assert'
	/usr/share/nvim/runtime/lua/vim/treesitter.lua:460: in function 'start'
	...onfig/nvim/lua/config/ui/highlight/treesitter-config.lua:6: in function <...onfig/nvim/lua/config/ui/highlight/treesitter-config.lua:5>
	[C]: in function 'nvim_buf_set_option'
	.../core/opt/nvim-notify/lua/notify/service/buffer/init.lua:103: in function 'render'
	...te/pack/core/opt/nvim-notify/lua/notify/service/init.lua:53: in function 'push'
	...m/site/pack/core/opt/nvim-notify/lua/notify/instance.lua:132: in function <...m/site/pack/core/opt/nvim-notify/lua/notify/instance.lua:77>
	...ck/core/opt/noice.nvim/lua/noice/view/backend/notify.lua:168: in function '_notify'
	...ck/core/opt/noice.nvim/lua/noice/view/backend/notify.lua:198: in function 'show'
	...im/site/pack/core/opt/noice.nvim/lua/noice/view/init.lua:163: in function <...im/site/pack/core/opt/noice.nvim/lua/noice/view/init.lua:161>
	[C]: in function 'xpcall'
	...
	...te/pack/core/opt/noice.nvim/lua/noice/message/router.lua:214: in function <...te/pack/core/opt/noice.nvim/lua/noice/message/router.lua:147>
	[C]: in function 'xpcall'
	...im/site/pack/core/opt/noice.nvim/lua/noice/util/call.lua:149: in function 'try'
	...nvim/site/pack/core/opt/noice.nvim/lua/noice/ui/init.lua:88: in function 'ui_attach_cb'
	...nvim/site/pack/core/opt/noice.nvim/lua/noice/ui/init.lua:27: in function 'process_queue'
	...nvim/site/pack/core/opt/noice.nvim/lua/noice/ui/init.lua:138: in function <...nvim/site/pack/core/opt/noice.nvim/lua/noice/ui/init.lua:118>
	[C]: in function 'nvim_echo'
	.../nvim/site/pack/core/opt/blink.lib/lua/blink/lib/log.lua:187: in function <.../nvim/site/pack/core/opt/blink.lib/lua/blink/lib/log.lua:187>
	[C]: in function 'pcall'
	.../nvim/site/pack/core/opt/blink.lib/lua/blink/lib/log.lua:301: in function <.../nvim/site/pack/core/opt/blink.lib/lua/blink/lib/log.lua:299>
Lua callback: /usr/share/nvim/runtime/lua/vim/treesitter.lua:460: Parser could not be created for buffer 4347 and language "notify"
stack traceback:
	[C]: in function 'assert'
	/usr/share/nvim/runtime/lua/vim/treesitter.lua:460: in function 'start'
	...onfig/nvim/lua/config/ui/highlight/treesitter-config.lua:6: in function <...onfig/nvim/lua/config/ui/highlight/treesitter-config.lua:5>
	[C]: in function 'nvim_buf_set_option'
	.../core/opt/nvim-notify/lua/notify/service/buffer/init.lua:103: in function 'render'
	...te/pack/core/opt/nvim-notify/lua/notify/service/init.lua:53: in function 'push'
	...m/site/pack/core/opt/nvim-notify/lua/notify/instance.lua:132: in function <...m/site/pack/core/opt/nvim-notify/lua/notify/instance.lua:77>
	...ck/core/opt/noice.nvim/lua/noice/view/backend/notify.lua:168: in function '_notify'
	...ck/core/opt/noice.nvim/lua/noice/view/backend/notify.lua:198: in function 'show'
	...im/site/pack/core/opt/noice.nvim/lua/noice/view/init.lua:163: in function <...im/site/pack/core/opt/noice.nvim/lua/noice/view/init.lua:161>
	[C]: in function 'xpcall'
	...
	...te/pack/core/opt/noice.nvim/lua/noice/message/router.lua:214: in function <...te/pack/core/opt/noice.nvim/lua/noice/message/router.lua:147>
	[C]: in function 'xpcall'
	...im/site/pack/core/opt/noice.nvim/lua/noice/util/call.lua:149: in function 'try'
	...nvim/site/pack/core/opt/noice.nvim/lua/noice/ui/init.lua:88: in function 'ui_attach_cb'
	...nvim/site/pack/core/opt/noice.nvim/lua/noice/ui/init.lua:27: in function 'process_queue'
	...nvim/site/pack/core/opt/noice.nvim/lua/noice/ui/init.lua:138: in function <...nvim/site/pack/core/opt/noice.nvim/lua/noice/ui/init.lua:118>
	[C]: in function 'nvim_echo'
	.../nvim/site/pack/core/opt/blink.lib/lua/blink/lib/log.lua:187: in function <.../nvim/site/pack/core/opt/blink.lib/lua/blink/lib/log.lua:187>
	[C]: in function 'pcall'
	.../nvim/site/pack/core/opt/blink.lib/lua/blink/lib/log.lua:301: in function <.../nvim/site/pack/core/opt/blink.lib/lua/blink/lib/log.lua:299>
Lua callback: /usr/share/nvim/runtime/lua/vim/treesitter.lua:460: Parser could not be created for buffer 4348 and language "notify"
stack traceback:
	[C]: in function 'assert'
	/usr/share/nvim/runtime/lua/vim/treesitter.lua:460: in function 'start'
	...onfig/nvim/lua/config/ui/highlight/treesitter-config.lua:6: in function <...onfig/nvim/lua/config/ui/highlight/treesitter-config.lua:5>
	[C]: in function 'nvim_buf_set_option'
	.../core/opt/nvim-notify/lua/notify/service/buffer/init.lua:103: in function 'render'
	...te/pack/core/opt/nvim-notify/lua/notify/service/init.lua:53: in function 'push'
	...m/site/pack/core/opt/nvim-notify/lua/notify/instance.lua:132: in function <...m/site/pack/core/opt/nvim-notify/lua/notify/instance.lua:77>
	...ck/core/opt/noice.nvim/lua/noice/view/backend/notify.lua:168: in function '_notify'
	...ck/core/opt/noice.nvim/lua/noice/view/backend/notify.lua:198: in function 'show'
	...im/site/pack/core/opt/noice.nvim/lua/noice/view/init.lua:163: in function <...im/site/pack/core/opt/noice.nvim/lua/noice/view/init.lua:161>
	[C]: in function 'xpcall'
	...
	...te/pack/core/opt/noice.nvim/lua/noice/message/router.lua:214: in function <...te/pack/core/opt/noice.nvim/lua/noice/message/router.lua:147>
	[C]: in function 'xpcall'
	...im/site/pack/core/opt/noice.nvim/lua/noice/util/call.lua:149: in function 'try'
	...nvim/site/pack/core/opt/noice.nvim/lua/noice/ui/init.lua:88: in function 'ui_attach_cb'
	...nvim/site/pack/core/opt/noice.nvim/lua/noice/ui/init.lua:27: in function 'process_queue'
	...nvim/site/pack/core/opt/noice.nvim/lua/noice/ui/init.lua:138: in function <...nvim/site/pack/core/opt/noice.nvim/lua/noice/ui/init.lua:118>
	[C]: in function 'nvim_echo'
	.../nvim/site/pack/core/opt/blink.lib/lua/blink/lib/log.lua:187: in function <.../nvim/site/pack/core/opt/blink.lib/lua/blink/lib/log.lua:187>
	[C]: in function 'pcall'
	.../nvim/site/pack/core/opt/blink.lib/lua/blink/lib/log.lua:301: in function <.../nvim/site/pack/core/opt/blink.lib/lua/blink/lib/log.lua:299>
Lua callback: /usr/share/nvim/runtime/lua/vim/treesitter.lua:460: Parser could not be created for buffer 4349 and language "notify"
stack traceback:
	[C]: in function 'assert'
	/usr/share/nvim/runtime/lua/vim/treesitter.lua:460: in function 'start'
	...onfig/nvim/lua/config/ui/highlight/treesitter-config.lua:6: in function <...onfig/nvim/lua/config/ui/highlight/treesitter-config.lua:5>
	[C]: in function 'nvim_buf_set_option'
	.../core/opt/nvim-notify/lua/notify/service/buffer/init.lua:103: in function 'render'
	...te/pack/core/opt/nvim-notify/lua/notify/service/init.lua:53: in function 'push'
	...m/site/pack/core/opt/nvim-notify/lua/notify/instance.lua:132: in function <...m/site/pack/core/opt/nvim-notify/lua/notify/instance.lua:77>
	...ck/core/opt/noice.nvim/lua/noice/view/backend/notify.lua:168: in function '_notify'
	...ck/core/opt/noice.nvim/lua/noice/view/backend/notify.lua:198: in function 'show'
	...im/site/pack/core/opt/noice.nvim/lua/noice/view/init.lua:163: in function <...im/site/pack/core/opt/noice.nvim/lua/noice/view/init.lua:161>
	[C]: in function 'xpcall'
	...
	...te/pack/core/opt/noice.nvim/lua/noice/message/router.lua:214: in function <...te/pack/core/opt/noice.nvim/lua/noice/message/router.lua:147>
	[C]: in function 'xpcall'
	...im/site/pack/core/opt/noice.nvim/lua/noice/util/call.lua:149: in function 'try'
	...nvim/site/pack/core/opt/noice.nvim/lua/noice/ui/init.lua:88: in function 'ui_attach_cb'
	...nvim/site/pack/core/opt/noice.nvim/lua/noice/ui/init.lua:27: in function 'process_queue'
	...nvim/site/pack/core/opt/noice.nvim/lua/noice/ui/init.lua:138: in function <...nvim/site/pack/core/opt/noice.nvim/lua/noice/ui/init.lua:118>
	[C]: in function 'nvim_echo'
	.../nvim/site/pack/core/opt/blink.lib/lua/blink/lib/log.lua:187: in function <.../nvim/site/pack/core/opt/blink.lib/lua/blink/lib/log.lua:187>
	[C]: in function 'pcall'
	.../nvim/site/pack/core/opt/blink.lib/lua/blink/lib/log.lua:301: in function <.../nvim/site/pack/core/opt/blink.lib/lua/blink/lib/log.lua:299>
Lua callback: /usr/share/nvim/runtime/lua/vim/treesitter.lua:460: Parser could not be created for buffer 4350 and language "notify"
stack traceback:
	[C]: in function 'assert'
	/usr/share/nvim/runtime/lua/vim/treesitter.lua:460: in function 'start'
	...onfig/nvim/lua/config/ui/highlight/treesitter-config.lua:6: in function <...onfig/nvim/lua/config/ui/highlight/treesitter-config.lua:5>
	[C]: in function 'nvim_buf_set_option'
	.../core/opt/nvim-notify/lua/notify/service/buffer/init.lua:103: in function 'render'
	...te/pack/core/opt/nvim-notify/lua/notify/service/init.lua:53: in function 'push'
	...m/site/pack/core/opt/nvim-notify/lua/notify/instance.lua:132: in function <...m/site/pack/core/opt/nvim-notify/lua/notify/instance.lua:77>
	...ck/core/opt/noice.nvim/lua/noice/view/backend/notify.lua:168: in function '_notify'
	...ck/core/opt/noice.nvim/lua/noice/view/backend/notify.lua:198: in function 'show'
	...im/site/pack/core/opt/noice.nvim/lua/noice/view/init.lua:163: in function <...im/site/pack/core/opt/noice.nvim/lua/noice/view/init.lua:161>
	[C]: in function 'xpcall'
	...
	...te/pack/core/opt/noice.nvim/lua/noice/message/router.lua:214: in function <...te/pack/core/opt/noice.nvim/lua/noice/message/router.lua:147>
	[C]: in function 'xpcall'
	...im/site/pack/core/opt/noice.nvim/lua/noice/util/call.lua:149: in function 'try'
	...nvim/site/pack/core/opt/noice.nvim/lua/noice/ui/init.lua:88: in function 'ui_attach_cb'
	...nvim/site/pack/core/opt/noice.nvim/lua/noice/ui/init.lua:27: in function 'process_queue'
	...nvim/site/pack/core/opt/noice.nvim/lua/noice/ui/init.lua:138: in function <...nvim/site/pack/core/opt/noice.nvim/lua/noice/ui/init.lua:118>
	[C]: in function 'nvim_echo'
	.../nvim/site/pack/core/opt/blink.lib/lua/blink/lib/log.lua:187: in function <.../nvim/site/pack/core/opt/blink.lib/lua/blink/lib/log.lua:187>
	[C]: in function 'pcall'
	.../nvim/site/pack/core/opt/blink.lib/lua/blink/lib/log.lua:301: in function <.../nvim/site/pack/core/opt/blink.lib/lua/blink/lib/log.lua:299>
Lua callback: /usr/share/nvim/runtime/lua/vim/treesitter.lua:460: Parser could not be created for buffer 4351 and language "notify"
stack traceback:
	[C]: in function 'assert'
	/usr/share/nvim/runtime/lua/vim/treesitter.lua:460: in function 'start'
	...onfig/nvim/lua/config/ui/highlight/treesitter-config.lua:6: in function <...onfig/nvim/lua/config/ui/highlight/treesitter-config.lua:5>
	[C]: in function 'nvim_buf_set_option'
	.../core/opt/nvim-notify/lua/notify/service/buffer/init.lua:103: in function 'render'
	...te/pack/core/opt/nvim-notify/lua/notify/service/init.lua:53: in function 'push'
	...m/site/pack/core/opt/nvim-notify/lua/notify/instance.lua:132: in function <...m/site/pack/core/opt/nvim-notify/lua/notify/instance.lua:77>
	...ck/core/opt/noice.nvim/lua/noice/view/backend/notify.lua:168: in function '_notify'
	...ck/core/opt/noice.nvim/lua/noice/view/backend/notify.lua:198: in function 'show'
	...im/site/pack/core/opt/noice.nvim/lua/noice/view/init.lua:163: in function <...im/site/pack/core/opt/noice.nvim/lua/noice/view/init.lua:161>
	[C]: in function 'xpcall'
	...
	...te/pack/core/opt/noice.nvim/lua/noice/message/router.lua:214: in function <...te/pack/core/opt/noice.nvim/lua/noice/message/router.lua:147>
	[C]: in function 'xpcall'
	...im/site/pack/core/opt/noice.nvim/lua/noice/util/call.lua:149: in function 'try'
	...nvim/site/pack/core/opt/noice.nvim/lua/noice/ui/init.lua:88: in function 'ui_attach_cb'
	...nvim/site/pack/core/opt/noice.nvim/lua/noice/ui/init.lua:27: in function 'process_queue'
	...nvim/site/pack/core/opt/noice.nvim/lua/noice/ui/init.lua:138: in function <...nvim/site/pack/core/opt/noice.nvim/lua/noice/ui/init.lua:118>
	[C]: in function 'nvim_echo'
	.../nvim/site/pack/core/opt/blink.lib/lua/blink/lib/log.lua:187: in function <.../nvim/site/pack/core/opt/blink.lib/lua/blink/lib/log.lua:187>
	[C]: in function 'pcall'
	.../nvim/site/pack/core/opt/blink.lib/lua/blink/lib/log.lua:301: in function <.../nvim/site/pack/core/opt/blink.lib/lua/blink/lib/log.lua:299>
Lua callback: /usr/share/nvim/runtime/lua/vim/treesitter.lua:460: Parser could not be created for buffer 4352 and language "notify"
stack traceback:
	[C]: in function 'assert'
	/usr/share/nvim/runtime/lua/vim/treesitter.lua:460: in function 'start'
	...onfig/nvim/lua/config/ui/highlight/treesitter-config.lua:6: in function <...onfig/nvim/lua/config/ui/highlight/treesitter-config.lua:5>
	[C]: in function 'nvim_buf_set_option'
	.../core/opt/nvim-notify/lua/notify/service/buffer/init.lua:103: in function 'render'
	...te/pack/core/opt/nvim-notify/lua/notify/service/init.lua:53: in function 'push'
	...m/site/pack/core/opt/nvim-notify/lua/notify/instance.lua:132: in function <...m/site/pack/core/opt/nvim-notify/lua/notify/instance.lua:77>
	...ck/core/opt/noice.nvim/lua/noice/view/backend/notify.lua:168: in function '_notify'
	...ck/core/opt/noice.nvim/lua/noice/view/backend/notify.lua:198: in function 'show'
	...im/site/pack/core/opt/noice.nvim/lua/noice/view/init.lua:163: in function <...im/site/pack/core/opt/noice.nvim/lua/noice/view/init.lua:161>
	[C]: in function 'xpcall'
	...
	...te/pack/core/opt/noice.nvim/lua/noice/message/router.lua:214: in function <...te/pack/core/opt/noice.nvim/lua/noice/message/router.lua:147>
	[C]: in function 'xpcall'
	...im/site/pack/core/opt/noice.nvim/lua/noice/util/call.lua:149: in function 'try'
	...nvim/site/pack/core/opt/noice.nvim/lua/noice/ui/init.lua:88: in function 'ui_attach_cb'
	...nvim/site/pack/core/opt/noice.nvim/lua/noice/ui/init.lua:27: in function 'process_queue'
	...nvim/site/pack/core/opt/noice.nvim/lua/noice/ui/init.lua:138: in function <...nvim/site/pack/core/opt/noice.nvim/lua/noice/ui/init.lua:118>
	[C]: in function 'nvim_echo'
	.../nvim/site/pack/core/opt/blink.lib/lua/blink/lib/log.lua:187: in function <.../nvim/site/pack/core/opt/blink.lib/lua/blink/lib/log.lua:187>
	[C]: in function 'pcall'
	.../nvim/site/pack/core/opt/blink.lib/lua/blink/lib/log.lua:301: in function <.../nvim/site/pack/core/opt/blink.lib/lua/blink/lib/log.lua:299>
Lua callback: /usr/share/nvim/runtime/lua/vim/treesitter.lua:460: Parser could not be created for buffer 4353 and language "notify"
stack traceback:
	[C]: in function 'assert'
	/usr/share/nvim/runtime/lua/vim/treesitter.lua:460: in function 'start'
	...onfig/nvim/lua/config/ui/highlight/treesitter-config.lua:6: in function <...onfig/nvim/lua/config/ui/highlight/treesitter-config.lua:5>
	[C]: in function 'nvim_buf_set_option'
	.../core/opt/nvim-notify/lua/notify/service/buffer/init.lua:103: in function 'render'
	...te/pack/core/opt/nvim-notify/lua/notify/service/init.lua:53: in function 'push'
	...m/site/pack/core/opt/nvim-notify/lua/notify/instance.lua:132: in function <...m/site/pack/core/opt/nvim-notify/lua/notify/instance.lua:77>
	...ck/core/opt/noice.nvim/lua/noice/view/backend/notify.lua:168: in function '_notify'
	...ck/core/opt/noice.nvim/lua/noice/view/backend/notify.lua:198: in function 'show'
	...im/site/pack/core/opt/noice.nvim/lua/noice/view/init.lua:163: in function <...im/site/pack/core/opt/noice.nvim/lua/noice/view/init.lua:161>
	[C]: in function 'xpcall'
	...
	...te/pack/core/opt/noice.nvim/lua/noice/message/router.lua:214: in function <...te/pack/core/opt/noice.nvim/lua/noice/message/router.lua:147>
	[C]: in function 'xpcall'
	...im/site/pack/core/opt/noice.nvim/lua/noice/util/call.lua:149: in function 'try'
	...nvim/site/pack/core/opt/noice.nvim/lua/noice/ui/init.lua:88: in function 'ui_attach_cb'
	...nvim/site/pack/core/opt/noice.nvim/lua/noice/ui/init.lua:27: in function 'process_queue'
	...nvim/site/pack/core/opt/noice.nvim/lua/noice/ui/init.lua:138: in function <...nvim/site/pack/core/opt/noice.nvim/lua/noice/ui/init.lua:118>
	[C]: in function 'nvim_echo'
	.../nvim/site/pack/core/opt/blink.lib/lua/blink/lib/log.lua:187: in function <.../nvim/site/pack/core/opt/blink.lib/lua/blink/lib/log.lua:187>
	[C]: in function 'pcall'
	.../nvim/site/pack/core/opt/blink.lib/lua/blink/lib/log.lua:301: in function <.../nvim/site/pack/core/opt/blink.lib/lua/blink/lib/log.lua:299>
Lua callback: /usr/share/nvim/runtime/lua/vim/treesitter.lua:460: Parser could not be created for buffer 4354 and language "notify"
stack traceback:
	[C]: in function 'assert'
	/usr/share/nvim/runtime/lua/vim/treesitter.lua:460: in function 'start'
	...onfig/nvim/lua/config/ui/highlight/treesitter-config.lua:6: in function <...onfig/nvim/lua/config/ui/highlight/treesitter-config.lua:5>
	[C]: in function 'nvim_buf_set_option'
	.../core/opt/nvim-notify/lua/notify/service/buffer/init.lua:103: in function 'render'
	...te/pack/core/opt/nvim-notify/lua/notify/service/init.lua:53: in function 'push'
	...m/site/pack/core/opt/nvim-notify/lua/notify/instance.lua:132: in function <...m/site/pack/core/opt/nvim-notify/lua/notify/instance.lua:77>
	...ck/core/opt/noice.nvim/lua/noice/view/backend/notify.lua:168: in function '_notify'
	...ck/core/opt/noice.nvim/lua/noice/view/backend/notify.lua:198: in function 'show'
	...im/site/pack/core/opt/noice.nvim/lua/noice/view/init.lua:163: in function <...im/site/pack/core/opt/noice.nvim/lua/noice/view/init.lua:161>
	[C]: in function 'xpcall'
	...
	...te/pack/core/opt/noice.nvim/lua/noice/message/router.lua:214: in function <...te/pack/core/opt/noice.nvim/lua/noice/message/router.lua:147>
	[C]: in function 'xpcall'
	...im/site/pack/core/opt/noice.nvim/lua/noice/util/call.lua:149: in function 'try'
	...nvim/site/pack/core/opt/noice.nvim/lua/noice/ui/init.lua:88: in function 'ui_attach_cb'
	...nvim/site/pack/core/opt/noice.nvim/lua/noice/ui/init.lua:27: in function 'process_queue'
	...nvim/site/pack/core/opt/noice.nvim/lua/noice/ui/init.lua:138: in function <...nvim/site/pack/core/opt/noice.nvim/lua/noice/ui/init.lua:118>
	[C]: in function 'nvim_echo'
	.../nvim/site/pack/core/opt/blink.lib/lua/blink/lib/log.lua:187: in function <.../nvim/site/pack/core/opt/blink.lib/lua/blink/lib/log.lua:187>
	[C]: in function 'pcall'
	.../nvim/site/pack/core/opt/blink.lib/lua/blink/lib/log.lua:301: in function <.../nvim/site/pack/core/opt/blink.lib/lua/blink/lib/log.lua:299>
Lua callback: /usr/share/nvim/runtime/lua/vim/treesitter.lua:460: Parser could not be created for buffer 4355 and language "notify"
stack traceback:
	[C]: in function 'assert'
	/usr/share/nvim/runtime/lua/vim/treesitter.lua:460: in function 'start'
	...onfig/nvim/lua/config/ui/highlight/treesitter-config.lua:6: in function <...onfig/nvim/lua/config/ui/highlight/treesitter-config.lua:5>
	[C]: in function 'nvim_buf_set_option'
	.../core/opt/nvim-notify/lua/notify/service/buffer/init.lua:103: in function 'render'
	...te/pack/core/opt/nvim-notify/lua/notify/service/init.lua:53: in function 'push'
	...m/site/pack/core/opt/nvim-notify/lua/notify/instance.lua:132: in function <...m/site/pack/core/opt/nvim-notify/lua/notify/instance.lua:77>
	...ck/core/opt/noice.nvim/lua/noice/view/backend/notify.lua:168: in function '_notify'
	...ck/core/opt/noice.nvim/lua/noice/view/backend/notify.lua:198: in function 'show'
	...im/site/pack/core/opt/noice.nvim/lua/noice/view/init.lua:163: in function <...im/site/pack/core/opt/noice.nvim/lua/noice/view/init.lua:161>
	[C]: in function 'xpcall'
	...
	...te/pack/core/opt/noice.nvim/lua/noice/message/router.lua:214: in function <...te/pack/core/opt/noice.nvim/lua/noice/message/router.lua:147>
	[C]: in function 'xpcall'
	...im/site/pack/core/opt/noice.nvim/lua/noice/util/call.lua:149: in function 'try'
	...nvim/site/pack/core/opt/noice.nvim/lua/noice/ui/init.lua:88: in function 'ui_attach_cb'
	...nvim/site/pack/core/opt/noice.nvim/lua/noice/ui/init.lua:27: in function 'process_queue'
	...nvim/site/pack/core/opt/noice.nvim/lua/noice/ui/init.lua:138: in function <...nvim/site/pack/core/opt/noice.nvim/lua/noice/ui/init.lua:118>
	[C]: in function 'nvim_echo'
	.../nvim/site/pack/core/opt/blink.lib/lua/blink/lib/log.lua:187: in function <.../nvim/site/pack/core/opt/blink.lib/lua/blink/lib/log.lua:187>
	[C]: in function 'pcall'
	.../nvim/site/pack/core/opt/blink.lib/lua/blink/lib/log.lua:301: in function <.../nvim/site/pack/core/opt/blink.lib/lua/blink/lib/log.lua:299>
Lua callback: /usr/share/nvim/runtime/lua/vim/treesitter.lua:460: Parser could not be created for buffer 4356 and language "notify"
stack traceback:
	[C]: in function 'assert'
	/usr/share/nvim/runtime/lua/vim/treesitter.lua:460: in function 'start'
	...onfig/nvim/lua/config/ui/highlight/treesitter-config.lua:6: in function <...onfig/nvim/lua/config/ui/highlight/treesitter-config.lua:5>
	[C]: in function 'nvim_buf_set_option'
	.../core/opt/nvim-notify/lua/notify/service/buffer/init.lua:103: in function 'render'
	...te/pack/core/opt/nvim-notify/lua/notify/service/init.lua:53: in function 'push'
	...m/site/pack/core/opt/nvim-notify/lua/notify/instance.lua:132: in function <...m/site/pack/core/opt/nvim-notify/lua/notify/instance.lua:77>
	...ck/core/opt/noice.nvim/lua/noice/view/backend/notify.lua:168: in function '_notify'
	...ck/core/opt/noice.nvim/lua/noice/view/backend/notify.lua:198: in function 'show'
	...im/site/pack/core/opt/noice.nvim/lua/noice/view/init.lua:163: in function <...im/site/pack/core/opt/noice.nvim/lua/noice/view/init.lua:161>
	[C]: in function 'xpcall'
	...
	...te/pack/core/opt/noice.nvim/lua/noice/message/router.lua:214: in function <...te/pack/core/opt/noice.nvim/lua/noice/message/router.lua:147>
	[C]: in function 'xpcall'
	...im/site/pack/core/opt/noice.nvim/lua/noice/util/call.lua:149: in function 'try'
	...nvim/site/pack/core/opt/noice.nvim/lua/noice/ui/init.lua:88: in function 'ui_attach_cb'
	...nvim/site/pack/core/opt/noice.nvim/lua/noice/ui/init.lua:27: in function 'process_queue'
	...nvim/site/pack/core/opt/noice.nvim/lua/noice/ui/init.lua:138: in function <...nvim/site/pack/core/opt/noice.nvim/lua/noice/ui/init.lua:118>
	[C]: in function 'nvim_echo'
	.../nvim/site/pack/core/opt/blink.lib/lua/blink/lib/log.lua:187: in function <.../nvim/site/pack/core/opt/blink.lib/lua/blink/lib/log.lua:187>
	[C]: in function 'pcall'
	.../nvim/site/pack/core/opt/blink.lib/lua/blink/lib/log.lua:301: in function <.../nvim/site/pack/core/opt/blink.lib/lua/blink/lib/log.lua:299>
Lua callback: /usr/share/nvim/runtime/lua/vim/treesitter.lua:460: Parser could not be created for buffer 4357 and language "notify"
stack traceback:
	[C]: in function 'assert'
	/usr/share/nvim/runtime/lua/vim/treesitter.lua:460: in function 'start'
	...onfig/nvim/lua/config/ui/highlight/treesitter-config.lua:6: in function <...onfig/nvim/lua/config/ui/highlight/treesitter-config.lua:5>
	[C]: in function 'nvim_buf_set_option'
	.../core/opt/nvim-notify/lua/notify/service/buffer/init.lua:103: in function 'render'
	...te/pack/core/opt/nvim-notify/lua/notify/service/init.lua:53: in function 'push'
	...m/site/pack/core/opt/nvim-notify/lua/notify/instance.lua:132: in function <...m/site/pack/core/opt/nvim-notify/lua/notify/instance.lua:77>
	...ck/core/opt/noice.nvim/lua/noice/view/backend/notify.lua:168: in function '_notify'
	...ck/core/opt/noice.nvim/lua/noice/view/backend/notify.lua:198: in function 'show'
	...im/site/pack/core/opt/noice.nvim/lua/noice/view/init.lua:163: in function <...im/site/pack/core/opt/noice.nvim/lua/noice/view/init.lua:161>
	[C]: in function 'xpcall'
	...
	...te/pack/core/opt/noice.nvim/lua/noice/message/router.lua:214: in function <...te/pack/core/opt/noice.nvim/lua/noice/message/router.lua:147>
	[C]: in function 'xpcall'
	...im/site/pack/core/opt/noice.nvim/lua/noice/util/call.lua:149: in function 'try'
	...nvim/site/pack/core/opt/noice.nvim/lua/noice/ui/init.lua:88: in function 'ui_attach_cb'
	...nvim/site/pack/core/opt/noice.nvim/lua/noice/ui/init.lua:27: in function 'process_queue'
	...nvim/site/pack/core/opt/noice.nvim/lua/noice/ui/init.lua:138: in function <...nvim/site/pack/core/opt/noice.nvim/lua/noice/ui/init.lua:118>
	[C]: in function 'nvim_echo'
	.../nvim/site/pack/core/opt/blink.lib/lua/blink/lib/log.lua:187: in function <.../nvim/site/pack/core/opt/blink.lib/lua/blink/lib/log.lua:187>
	[C]: in function 'pcall'
	.../nvim/site/pack/core/opt/blink.lib/lua/blink/lib/log.lua:301: in function <.../nvim/site/pack/core/opt/blink.lib/lua/blink/lib/log.lua:299>
Lua callback: /usr/share/nvim/runtime/lua/vim/treesitter.lua:460: Parser could not be created for buffer 4358 and language "notify"
stack traceback:
	[C]: in function 'assert'
	/usr/share/nvim/runtime/lua/vim/treesitter.lua:460: in function 'start'
	...onfig/nvim/lua/config/ui/highlight/treesitter-config.lua:6: in function <...onfig/nvim/lua/config/ui/highlight/treesitter-config.lua:5>
	[C]: in function 'nvim_buf_set_option'
	.../core/opt/nvim-notify/lua/notify/service/buffer/init.lua:103: in function 'render'
	...te/pack/core/opt/nvim-notify/lua/notify/service/init.lua:53: in function 'push'
	...m/site/pack/core/opt/nvim-notify/lua/notify/instance.lua:132: in function <...m/site/pack/core/opt/nvim-notify/lua/notify/instance.lua:77>
	...ck/core/opt/noice.nvim/lua/noice/view/backend/notify.lua:168: in function '_notify'
	...ck/core/opt/noice.nvim/lua/noice/view/backend/notify.lua:198: in function 'show'
	...im/site/pack/core/opt/noice.nvim/lua/noice/view/init.lua:163: in function <...im/site/pack/core/opt/noice.nvim/lua/noice/view/init.lua:161>
	[C]: in function 'xpcall'
	...
	...te/pack/core/opt/noice.nvim/lua/noice/message/router.lua:214: in function <...te/pack/core/opt/noice.nvim/lua/noice/message/router.lua:147>
	[C]: in function 'xpcall'
	...im/site/pack/core/opt/noice.nvim/lua/noice/util/call.lua:149: in function 'try'
	...nvim/site/pack/core/opt/noice.nvim/lua/noice/ui/init.lua:88: in function 'ui_attach_cb'
	...nvim/site/pack/core/opt/noice.nvim/lua/noice/ui/init.lua:27: in function 'process_queue'
	...nvim/site/pack/core/opt/noice.nvim/lua/noice/ui/init.lua:138: in function <...nvim/site/pack/core/opt/noice.nvim/lua/noice/ui/init.lua:118>
	[C]: in function 'nvim_echo'
	.../nvim/site/pack/core/opt/blink.lib/lua/blink/lib/log.lua:187: in function <.../nvim/site/pack/core/opt/blink.lib/lua/blink/lib/log.lua:187>
	[C]: in function 'pcall'
	.../nvim/site/pack/core/opt/blink.lib/lua/blink/lib/log.lua:301: in function <.../nvim/site/pack/core/opt/blink.lib/lua/blink/lib/log.lua:299>
Error in UIEnter 自动命令 "*":
E849: 高亮和语法组过多
E849: 高亮和语法组过多
E849: 高亮和语法组过多
E849: 高亮和语法组过多
 blink.cmp  V2 uses a new build/download system for the native library. Please add  build = function() require('blink.cmp').build():pwait() end  to your lazy.nvim config. See  :h blink-cmp-installation  for more information.
E849: 高亮和语法组过多
Lua callback: .../site/pack/core/opt/snacks.nvim/lua/snacks/util/init.lua:62: Invalid highlight name: 'SnacksInputPrompt'
stack traceback:
	[C]: in function 'nvim_set_hl'
	.../site/pack/core/opt/snacks.nvim/lua/snacks/util/init.lua:62: in function 'set_hl'
	...nvim/site/pack/core/opt/snacks.nvim/lua/snacks/input.lua:31: in main chunk
	[C]: in function 'require'
	.../nvim/site/pack/core/opt/snacks.nvim/lua/snacks/init.lua:7: in function '__index'
	.../nvim/site/pack/core/opt/snacks.nvim/lua/snacks/init.lua:171: in function 'load'
	.../nvim/site/pack/core/opt/snacks.nvim/lua/snacks/init.lua:191: in function <.../nvim/site/pack/core/opt/snacks.nvim/lua/snacks/init.lua:190>
Error in FileType 自动命令 "*":
Lua callback: /usr/share/nvim/runtime/lua/vim/treesitter.lua:460: Parser could not be created for buffer 4363 and language "noice"
stack traceback:
	[C]: in function 'assert'
	/usr/share/nvim/runtime/lua/vim/treesitter.lua:460: in function 'start'
	...onfig/nvim/lua/config/ui/highlight/treesitter-config.lua:6: in function <...onfig/nvim/lua/config/ui/highlight/treesitter-config.lua:5>
	[C]: in function 'nvim_set_option_value'
	.../nvim/site/pack/core/opt/nui.nvim/lua/nui/utils/init.lua:155: in function 'set_buf_option'
	.../nvim/site/pack/core/opt/nui.nvim/lua/nui/utils/init.lua:171: in function 'set_buf_options'
	.../nvim/site/pack/core/opt/nui.nvim/lua/nui/popup/init.lua:249: in function 'mount'
	...vim/site/pack/core/opt/noice.nvim/lua/noice/view/nui.lua:107: in function 'mount'
	...vim/site/pack/core/opt/noice.nvim/lua/noice/view/nui.lua:94: in function 'create'
	...vim/site/pack/core/opt/noice.nvim/lua/noice/view/nui.lua:280: in function 'show'
	...im/site/pack/core/opt/noice.nvim/lua/noice/view/init.lua:163: in function <...im/site/pack/core/opt/noice.nvim/lua/noice/view/init.lua:161>
	[C]: in function 'xpcall'
	...im/site/pack/core/opt/noice.nvim/lua/noice/util/call.lua:149: in function <...im/site/pack/core/opt/noice.nvim/lua/noice/util/call.lua:134>
	...im/site/pack/core/opt/noice.nvim/lua/noice/view/init.lua:170: in function 'display'
	...te/pack/core/opt/noice.nvim/lua/noice/message/router.lua:214: in function <...te/pack/core/opt/noice.nvim/lua/noice/message/router.lua:147>
	[C]: in function 'xpcall'
	...im/site/pack/core/opt/noice.nvim/lua/noice/util/call.lua:149: in function 'try'
	...nvim/site/pack/core/opt/noice.nvim/lua/noice/ui/init.lua:88: in function 'ui_attach_cb'
	...nvim/site/pack/core/opt/noice.nvim/lua/noice/ui/init.lua:27: in function 'process_queue'
	...nvim/site/pack/core/opt/noice.nvim/lua/noice/ui/init.lua:138: in function <...nvim/site/pack/core/opt/noice.nvim/lua/noice/ui/init.lua:118>
E849: 高亮和语法组过多
E849: 高亮和语法组过多
E849: 高亮和语法组过多
E849: 高亮和语法组过多
E849: 高亮和语法组过多
E849: 高亮和语法组过多
E849: 高亮和语法组过多
E849: 高亮和语法组过多
E849: 高亮和语法组过多
Error in FileType 自动命令 "*":
Lua callback: /usr/share/nvim/runtime/lua/vim/treesitter.lua:460: Parser could not be created for buffer 2 and language "notify"
stack traceback:
	[C]: in function 'assert'
	/usr/share/nvim/runtime/lua/vim/treesitter.lua:460: in function 'start'
	...onfig/nvim/lua/config/ui/highlight/treesitter-config.lua:6: in function <...onfig/nvim/lua/config/ui/highlight/treesitter-config.lua:5>
	[C]: in function 'nvim_buf_set_option'
	.../core/opt/nvim-notify/lua/notify/service/buffer/init.lua:103: in function <.../core/opt/nvim-notify/lua/notify/service/buffer/init.lua:98>
	[C]: in function 'pcall'
	...te/pack/core/opt/nvim-notify/lua/notify/service/init.lua:71: in function 'replace'
	...m/site/pack/core/opt/nvim-notify/lua/notify/instance.lua:130: in function <...m/site/pack/core/opt/nvim-notify/lua/notify/instance.lua:77>
	...ck/core/opt/noice.nvim/lua/noice/view/backend/notify.lua:168: in function '_notify'
	...ck/core/opt/noice.nvim/lua/noice/view/backend/notify.lua:198: in function 'show'
	...im/site/pack/core/opt/noice.nvim/lua/noice/view/init.lua:163: in function <...im/site/pack/core/opt/noice.nvim/lua/noice/view/init.lua:161>
	[C]: in function 'xpcall'
	...im/site/pack/core/opt/noice.nvim/lua/noice/util/call.lua:149: in function <...im/site/pack/core/opt/noice.nvim/lua/noice/util/call.lua:134>
	...im/site/pack/core/opt/noice.nvim/lua/noice/view/init.lua:170: in function 'display'
	...te/pack/core/opt/noice.nvim/lua/noice/message/router.lua:214: in function <...te/pack/core/opt/noice.nvim/lua/noice/message/router.lua:147>
	[C]: in function 'xpcall'
	...im/site/pack/core/opt/noice.nvim/lua/noice/util/call.lua:149: in function 'try'
	...nvim/site/pack/core/opt/noice.nvim/lua/noice/ui/init.lua:88: in function 'ui_attach_cb'
	...nvim/site/pack/core/opt/noice.nvim/lua/noice/ui/init.lua:27: in function 'process_queue'
	...nvim/site/pack/core/opt/noice.nvim/lua/noice/ui/init.lua:138: in function <...nvim/site/pack/core/opt/noice.nvim/lua/noice/ui/init.lua:118>
E849: 高亮和语法组过多
E849: 高亮和语法组过多
E849: 高亮和语法组过多
E849: 高亮和语法组过多
E849: 高亮和语法组过多
E849: 高亮和语法组过多
E849: 高亮和语法组过多
E849: 高亮和语法组过多
E849: 高亮和语法组过多
E849: 高亮和语法组过多
E849: 高亮和语法组过多
E849: 高亮和语法组过多
E849: 高亮和语法组过多
E5108: Lua: .../site/pack/core/opt/snacks.nvim/lua/snacks/util/init.lua:62: Invalid highlight name: 'SnacksPickerGitBranch'
stack traceback:
	[C]: in function 'nvim_set_hl'
	.../site/pack/core/opt/snacks.nvim/lua/snacks/util/init.lua:62: in function 'set_hl'
	.../opt/snacks.nvim/lua/snacks/picker/config/highlights.lua:4: in main chunk
	[C]: in function 'require'
	...k/core/opt/snacks.nvim/lua/snacks/picker/config/init.lua:333: in function 'setup'
	...k/core/opt/snacks.nvim/lua/snacks/picker/config/init.lua:47: in function 'get'
	...k/core/opt/snacks.nvim/lua/snacks/picker/config/init.lua:350: in function '__index'
	[string ":lua"]:1: in main chunk
E849: 高亮和语法组过多
vim.schedule callback: ...te/pack/core/opt/which-key.nvim/lua/which-key/colors.lua:26: Invalid highlight name: 'WhichKeyTitle'
stack traceback:
	[C]: in function 'nvim_set_hl'
	...te/pack/core/opt/which-key.nvim/lua/which-key/colors.lua:26: in function 'setup'
	...te/pack/core/opt/which-key.nvim/lua/which-key/config.lua:293: in function 'fn'
	[string "vim/_core/editor"]:273: in function <[string "vim/_core/editor"]:272>
E849: 高亮和语法组过多
E849: 高亮和语法组过多
E849: 高亮和语法组过多
E849: 高亮和语法组过多
E849: 高亮和语法组过多
E849: 高亮和语法组过多
E849: 高亮和语法组过多
E849: 高亮和语法组过多
E849: 高亮和语法组过多
E849: 高亮和语法组过多
E849: 高亮和语法组过多
E849: 高亮和语法组过多
E849: 高亮和语法组过多
E849: 高亮和语法组过多
E849: 高亮和语法组过多
E849: 高亮和语法组过多
E849: 高亮和语法组过多
E849: 高亮和语法组过多
E849: 高亮和语法组过多
E849: 高亮和语法组过多
E849: 高亮和语法组过多
E849: 高亮和语法组过多
E849: 高亮和语法组过多
E849: 高亮和语法组过多
E849: 高亮和语法组过多
E849: 高亮和语法组过多
E849: 高亮和语法组过多
E849: 高亮和语法组过多
E849: 高亮和语法组过多
E849: 高亮和语法组过多
E849: 高亮和语法组过多
E849: 高亮和语法组过多
E849: 高亮和语法组过多
E849: 高亮和语法组过多
E849: 高亮和语法组过多
E849: 高亮和语法组过多
E849: 高亮和语法组过多
E849: 高亮和语法组过多
E849: 高亮和语法组过多
E849: 高亮和语法组过多
E849: 高亮和语法组过多
E849: 高亮和语法组过多
E849: 高亮和语法组过多
E849: 高亮和语法组过多
E849: 高亮和语法组过多
E849: 高亮和语法组过多
E849: 高亮和语法组过多
E849: 高亮和语法组过多
E849: 高亮和语法组过多
E849: 高亮和语法组过多
E849: 高亮和语法组过多
E849: 高亮和语法组过多
E849: 高亮和语法组过多
E849: 高亮和语法组过多
E849: 高亮和语法组过多
E849: 高亮和语法组过多
E849: 高亮和语法组过多
E849: 高亮和语法组过多
E849: 高亮和语法组过多
E849: 高亮和语法组过多
E849: 高亮和语法组过多
E849: 高亮和语法组过多
E849: 高亮和语法组过多
E849: 高亮和语法组过多
E849: 高亮和语法组过多
E849: 高亮和语法组过多
E849: 高亮和语法组过多
E849: 高亮和语法组过多
E849: 高亮和语法组过多
E849: 高亮和语法组过多
E849: 高亮和语法组过多
E849: 高亮和语法组过多
E849: 高亮和语法组过多
E849: 高亮和语法组过多
E849: 高亮和语法组过多
E849: 高亮和语法组过多
E849: 高亮和语法组过多
E849: 高亮和语法组过多
E849: 高亮和语法组过多
E849: 高亮和语法组过多
E849: 高亮和语法组过多
E849: 高亮和语法组过多
E849: 高亮和语法组过多
E849: 高亮和语法组过多
E849: 高亮和语法组过多
E849: 高亮和语法组过多
E849: 高亮和语法组过多
E849: 高亮和语法组过多
E849: 高亮和语法组过多
E849: 高亮和语法组过多
E849: 高亮和语法组过多
vim.schedule callback: ...e/pack/core/opt/lualine.nvim/lua/lualine/utils/utils.lua:211: lualine: Failed to refresh statusline:
...are/nvim/site/pack/core/opt/lualine.nvim/lua/lualine.lua:433: Lua: [string "vim/_core/editor"]:355: nvim_exec2(), line 1: Vim(highlight):E849: 高亮和语法组过多
stack traceback:
	[C]: in function 'nvim_exec2'
	[string "vim/_core/editor"]:355: in function 'cmd'
	...ite/pack/core/opt/lualine.nvim/lua/lualine/highlight.lua:131: in function 'highlight'
	...ite/pack/core/opt/lualine.nvim/lua/lualine/highlight.lua:459: in function 'get_transitional_highlights'
	...are/nvim/site/pack/core/opt/lualine.nvim/lua/lualine.lua:72: in function 'fill_section_separator'
	...are/nvim/site/pack/core/opt/lualine.nvim/lua/lualine.lua:129: in function 'statusline'
	...are/nvim/site/pack/core/opt/lualine.nvim/lua/lualine.lua:310: in function <...are/nvim/site/pack/core/opt/lualine.nvim/lua/lualine.lua:291>
	[C]: in function 'nvim_win_call'
	...are/nvim/site/pack/core/opt/lualine.nvim/lua/lualine.lua:433: in function 'refresh'
	...are/nvim/site/pack/core/opt/lualine.nvim/lua/lualine.lua:508: in function <...are/nvim/site/pack/core/opt/lualine.nvim/lua/lualine.lua:500>
	[C]: in function 'pcall'
	...e/pack/core/opt/lualine.nvim/lua/lualine/utils/utils.lua:214: in function 'fn'
	[string "vim/_core/editor"]:273: in function <[string "vim/_core/editor"]:272>
stack traceback:
	[C]: in function 'error'
	...e/pack/core/opt/lualine.nvim/lua/lualine/utils/utils.lua:211: in function 'fn'
	[string "vim/_core/editor"]:273: in function <[string "vim/_core/editor"]:272>
E849: 高亮和语法组过多
vim.schedule callback: ...e/pack/core/opt/lualine.nvim/lua/lualine/utils/utils.lua:211: lualine: Failed to refresh statusline:
...are/nvim/site/pack/core/opt/lualine.nvim/lua/lualine.lua:433: Lua: [string "vim/_core/editor"]:355: nvim_exec2(), line 1: Vim(highlight):E849: 高亮和语法组过多
stack traceback:
	[C]: in function 'nvim_exec2'
	[string "vim/_core/editor"]:355: in function 'cmd'
	...ite/pack/core/opt/lualine.nvim/lua/lualine/highlight.lua:131: in function 'highlight'
	...ite/pack/core/opt/lualine.nvim/lua/lualine/highlight.lua:459: in function 'get_transitional_highlights'
	...are/nvim/site/pack/core/opt/lualine.nvim/lua/lualine.lua:72: in function 'fill_section_separator'
	...are/nvim/site/pack/core/opt/lualine.nvim/lua/lualine.lua:129: in function 'statusline'
	...are/nvim/site/pack/core/opt/lualine.nvim/lua/lualine.lua:310: in function <...are/nvim/site/pack/core/opt/lualine.nvim/lua/lualine.lua:291>
	[C]: in function 'nvim_win_call'
	...are/nvim/site/pack/core/opt/lualine.nvim/lua/lualine.lua:433: in function 'refresh'
	...are/nvim/site/pack/core/opt/lualine.nvim/lua/lualine.lua:508: in function <...are/nvim/site/pack/core/opt/lualine.nvim/lua/lualine.lua:500>
	[C]: in function 'pcall'
	...e/pack/core/opt/lualine.nvim/lua/lualine/utils/utils.lua:214: in function 'fn'
	[string "vim/_core/editor"]:273: in function <[string "vim/_core/editor"]:272>
stack traceback:
	[C]: in function 'error'
	...e/pack/core/opt/lualine.nvim/lua/lualine/utils/utils.lua:211: in function 'fn'
	[string "vim/_core/editor"]:273: in function <[string "vim/_core/editor"]:272>
E849: 高亮和语法组过多
E849: 高亮和语法组过多
E849: 高亮和语法组过多
E849: 高亮和语法组过多
Error in FileType 自动命令 "*":
Lua callback: /usr/share/nvim/runtime/lua/vim/treesitter.lua:460: Parser could not be created for buffer 4466 and language "noice"
stack traceback:
	[C]: in function 'assert'
	/usr/share/nvim/runtime/lua/vim/treesitter.lua:460: in function 'start'
	...onfig/nvim/lua/config/ui/highlight/treesitter-config.lua:6: in function <...onfig/nvim/lua/config/ui/highlight/treesitter-config.lua:5>
	[C]: in function 'nvim_set_option_value'
	.../nvim/site/pack/core/opt/nui.nvim/lua/nui/utils/init.lua:155: in function 'set_buf_option'
	.../nvim/site/pack/core/opt/nui.nvim/lua/nui/utils/init.lua:171: in function 'set_buf_options'
	.../nvim/site/pack/core/opt/nui.nvim/lua/nui/popup/init.lua:249: in function 'mount'
	...vim/site/pack/core/opt/noice.nvim/lua/noice/view/nui.lua:107: in function 'mount'
	...vim/site/pack/core/opt/noice.nvim/lua/noice/view/nui.lua:94: in function 'create'
	...vim/site/pack/core/opt/noice.nvim/lua/noice/view/nui.lua:280: in function 'show'
	...im/site/pack/core/opt/noice.nvim/lua/noice/view/init.lua:163: in function <...im/site/pack/core/opt/noice.nvim/lua/noice/view/init.lua:161>
	[C]: in function 'xpcall'
	...im/site/pack/core/opt/noice.nvim/lua/noice/util/call.lua:149: in function <...im/site/pack/core/opt/noice.nvim/lua/noice/util/call.lua:134>
	...im/site/pack/core/opt/noice.nvim/lua/noice/view/init.lua:170: in function 'display'
	...te/pack/core/opt/noice.nvim/lua/noice/message/router.lua:214: in function <...te/pack/core/opt/noice.nvim/lua/noice/message/router.lua:147>
	[C]: in function 'xpcall'
	...im/site/pack/core/opt/noice.nvim/lua/noice/util/call.lua:149: in function 'try'
	...nvim/site/pack/core/opt/noice.nvim/lua/noice/ui/init.lua:88: in function 'ui_attach_cb'
	...nvim/site/pack/core/opt/noice.nvim/lua/noice/ui/init.lua:27: in function 'process_queue'
	...nvim/site/pack/core/opt/noice.nvim/lua/noice/ui/init.lua:138: in function <...nvim/site/pack/core/opt/noice.nvim/lua/noice/ui/init.lua:118>
E849: 高亮和语法组过多
E849: 高亮和语法组过多
E849: 高亮和语法组过多
E849: 高亮和语法组过多
E849: 高亮和语法组过多
E849: 高亮和语法组过多
E849: 高亮和语法组过多
E849: 高亮和语法组过多
E849: 高亮和语法组过多
E849: 高亮和语法组过多
E849: 高亮和语法组过多
E849: 高亮和语法组过多
E849: 高亮和语法组过多
E849: 高亮和语法组过多
E849: 高亮和语法组过多
E849: 高亮和语法组过多
E849: 高亮和语法组过多
E849: 高亮和语法组过多
E849: 高亮和语法组过多
E849: 高亮和语法组过多
E849: 高亮和语法组过多
E849: 高亮和语法组过多
E849: 高亮和语法组过多
E849: 高亮和语法组过多
E849: 高亮和语法组过多
E849: 高亮和语法组过多
E849: 高亮和语法组过多
E849: 高亮和语法组过多
E849: 高亮和语法组过多
E849: 高亮和语法组过多
Error in FileType 自动命令 "*":
Lua callback: /usr/share/nvim/runtime/lua/vim/treesitter.lua:460: Parser could not be created for buffer 4490 and language "blink-cmp-menu"
stack traceback:
	[C]: in function 'assert'
	/usr/share/nvim/runtime/lua/vim/treesitter.lua:460: in function 'start'
	...onfig/nvim/lua/config/ui/highlight/treesitter-config.lua:6: in function <...onfig/nvim/lua/config/ui/highlight/treesitter-config.lua:5>
	[C]: in function 'set_option_value'
	...ack/core/opt/blink.cmp/lua/blink/cmp/lib/window/init.lua:142: in function 'open'
	...blink.cmp/lua/blink/cmp/completion/windows/menu/init.lua:127: in function 'open'
	...blink.cmp/lua/blink/cmp/completion/windows/menu/init.lua:173: in function 'queue_auto_show'
	...blink.cmp/lua/blink/cmp/completion/windows/menu/init.lua:86: in function 'open_with_items'
	...ack/core/opt/blink.cmp/lua/blink/cmp/completion/init.lua:76: in function 'callback'
	...k/core/opt/blink.cmp/lua/blink/cmp/lib/event_emitter.lua:28: in function 'emit'
	...ack/core/opt/blink.cmp/lua/blink/cmp/completion/list.lua:119: in function 'show'
	...ack/core/opt/blink.cmp/lua/blink/cmp/completion/init.lua:59: in function <...ack/core/opt/blink.cmp/lua/blink/cmp/completion/init.lua:35>
E849: 高亮和语法组过多
vim.schedule callback: ...e/opt/blink.cmp/lua/blink/cmp/lib/window/cursor_line.lua:37: Invalid highlight name: 'BlinkCmpCursorLineMenuHack'
stack traceback:
	[C]: in function 'set_hl'
	...e/opt/blink.cmp/lua/blink/cmp/lib/window/cursor_line.lua:37: in function 'update'
	...ack/core/opt/blink.cmp/lua/blink/cmp/lib/window/init.lua:145: in function 'open'
	...blink.cmp/lua/blink/cmp/completion/windows/menu/init.lua:127: in function 'open'
	...blink.cmp/lua/blink/cmp/completion/windows/menu/init.lua:173: in function 'queue_auto_show'
	...blink.cmp/lua/blink/cmp/completion/windows/menu/init.lua:86: in function 'open_with_items'
	...ack/core/opt/blink.cmp/lua/blink/cmp/completion/init.lua:76: in function 'callback'
	...k/core/opt/blink.cmp/lua/blink/cmp/lib/event_emitter.lua:28: in function 'emit'
	...ack/core/opt/blink.cmp/lua/blink/cmp/completion/list.lua:119: in function 'show'
	...ack/core/opt/blink.cmp/lua/blink/cmp/completion/init.lua:59: in function <...ack/core/opt/blink.cmp/lua/blink/cmp/completion/init.lua:35>
E849: 高亮和语法组过多
E849: 高亮和语法组过多
E849: 高亮和语法组过多
E849: 高亮和语法组过多
E849: 高亮和语法组过多
E849: 高亮和语法组过多
E849: 高亮和语法组过多
